{
  "image_id": 928,
  "image_filename": "image_00928.png",
  "num_entities": 3,
  "entities": [
    {
      "id": 0,
      "shape": "square",
      "size": "large",
      "color": "magenta",
      "center": [
        103,
        127
      ],
      "bbox": {
        "x_min": 63,
        "y_min": 87,
        "x_max": 143,
        "y_max": 167
      }
    },
    {
      "id": 1,
      "shape": "circle",
      "size": "large",
      "color": "magenta",
      "center": [
        171,
        60
      ],
      "bbox": {
        "x_min": 131,
        "y_min": 20,
        "x_max": 211,
        "y_max": 100
      }
    },
    {
      "id": 2,
      "shape": "circle",
      "size": "medium",
      "color": "red",
      "center": [
        60,
        50
      ],
      "bbox": {
        "x_min": 30,
        "y_min": 20,
        "x_max": 90,
        "y_max": 80
      }
    }
  ],
  "relations": [
    {
      "subject_id": 0,
      "object_id": 1,
      "relation": "right_of",
      "explicit": false
    },
    {
      "subject_id": 0,
      "object_id": 2,
      "relation": "above",
      "explicit": true
    },
    {
      "subject_id": 1,
      "object_id": 2,
      "relation": "left_of",
      "explicit": false
    }
  ]
}