{
  "image_id": 390,
  "image_filename": "image_00390.png",
  "num_entities": 3,
  "entities": [
    {
      "id": 0,
      "shape": "rectangle",
      "size": "medium",
      "color": "red",
      "center": [
        168,
        58
      ],
      "bbox": {
        "x_min": 153,
        "y_min": 36,
        "x_max": 183,
        "y_max": 80
      }
    },
    {
      "id": 1,
      "shape": "triangle",
      "size": "large",
      "color": "yellow",
      "center": [
        90,
        120
      ],
      "bbox": {
        "x_min": 55,
        "y_min": 80,
        "x_max": 124,
        "y_max": 140
      }
    },
    {
      "id": 2,
      "shape": "square",
      "size": "medium",
      "color": "orange",
      "center": [
        166,
        148
      ],
      "bbox": {
        "x_min": 136,
        "y_min": 118,
        "x_max": 196,
        "y_max": 178
      }
    }
  ],
  "relations": [
    {
      "subject_id": 0,
      "object_id": 1,
      "relation": "left_of",
      "explicit": true
    },
    {
      "subject_id": 0,
      "object_id": 2,
      "relation": "below",
      "explicit": false
    },
    {
      "subject_id": 1,
      "object_id": 2,
      "relation": "right_of",
      "explicit": false
    }
  ]
}