{
  "image_id": 551,
  "image_filename": "image_00551.png",
  "num_entities": 2,
  "entities": [
    {
      "id": 0,
      "shape": "triangle",
      "size": "medium",
      "color": "yellow",
      "center": [
        109,
        74
      ],
      "bbox": {
        "x_min": 83,
        "y_min": 44,
        "x_max": 134,
        "y_max": 89
      }
    },
    {
      "id": 1,
      "shape": "square",
      "size": "large",
      "color": "yellow",
      "center": [
        100,
        160
      ],
      "bbox": {
        "x_min": 60,
        "y_min": 120,
        "x_max": 140,
        "y_max": 200
      }
    }
  ],
  "relations": [
    {
      "subject_id": 0,
      "object_id": 1,
      "relation": "below",
      "explicit": false
    }
  ]
}