{
  "image_id": 733,
  "image_filename": "image_00733.png",
  "num_entities": 2,
  "entities": [
    {
      "id": 0,
      "shape": "square",
      "size": "medium",
      "color": "cyan",
      "center": [
        143,
        70
      ],
      "bbox": {
        "x_min": 113,
        "y_min": 40,
        "x_max": 173,
        "y_max": 100
      }
    },
    {
      "id": 1,
      "shape": "circle",
      "size": "medium",
      "color": "magenta",
      "center": [
        72,
        70
      ],
      "bbox": {
        "x_min": 42,
        "y_min": 40,
        "x_max": 102,
        "y_max": 100
      }
    }
  ],
  "relations": [
    {
      "subject_id": 0,
      "object_id": 1,
      "relation": "left_of",
      "explicit": false
    }
  ]
}