{
  "image_id": 977,
  "image_filename": "image_00977.png",
  "num_entities": 2,
  "entities": [
    {
      "id": 0,
      "shape": "triangle",
      "size": "small",
      "color": "red",
      "center": [
        128,
        114
      ],
      "bbox": {
        "x_min": 110,
        "y_min": 94,
        "x_max": 145,
        "y_max": 124
      }
    },
    {
      "id": 1,
      "shape": "circle",
      "size": "large",
      "color": "green",
      "center": [
        63,
        83
      ],
      "bbox": {
        "x_min": 23,
        "y_min": 43,
        "x_max": 103,
        "y_max": 123
      }
    }
  ],
  "relations": [
    {
      "subject_id": 0,
      "object_id": 1,
      "relation": "left_of",
      "explicit": false
    }
  ]
}