{
  "image_id": 752,
  "image_filename": "image_00752.png",
  "num_entities": 3,
  "entities": [
    {
      "id": 0,
      "shape": "square",
      "size": "small",
      "color": "green",
      "center": [
        129,
        106
      ],
      "bbox": {
        "x_min": 109,
        "y_min": 86,
        "x_max": 149,
        "y_max": 126
      }
    },
    {
      "id": 1,
      "shape": "square",
      "size": "small",
      "color": "blue",
      "center": [
        72,
        127
      ],
      "bbox": {
        "x_min": 52,
        "y_min": 107,
        "x_max": 92,
        "y_max": 147
      }
    },
    {
      "id": 2,
      "shape": "circle",
      "size": "small",
      "color": "purple",
      "center": [
        143,
        155
      ],
      "bbox": {
        "x_min": 123,
        "y_min": 135,
        "x_max": 163,
        "y_max": 175
      }
    }
  ],
  "relations": [
    {
      "subject_id": 0,
      "object_id": 1,
      "relation": "left_of",
      "explicit": true
    },
    {
      "subject_id": 0,
      "object_id": 2,
      "relation": "below",
      "explicit": false
    },
    {
      "subject_id": 1,
      "object_id": 2,
      "relation": "right_of",
      "explicit": true
    }
  ]
}