{
  "image_id": 313,
  "image_filename": "image_00313.png",
  "num_entities": 3,
  "entities": [
    {
      "id": 0,
      "shape": "rectangle",
      "size": "large",
      "color": "magenta",
      "center": [
        112,
        91
      ],
      "bbox": {
        "x_min": 92,
        "y_min": 61,
        "x_max": 132,
        "y_max": 121
      }
    },
    {
      "id": 1,
      "shape": "rectangle",
      "size": "small",
      "color": "purple",
      "center": [
        50,
        126
      ],
      "bbox": {
        "x_min": 40,
        "y_min": 111,
        "x_max": 60,
        "y_max": 141
      }
    },
    {
      "id": 2,
      "shape": "triangle",
      "size": "small",
      "color": "purple",
      "center": [
        132,
        171
      ],
      "bbox": {
        "x_min": 114,
        "y_min": 151,
        "x_max": 149,
        "y_max": 181
      }
    }
  ],
  "relations": [
    {
      "subject_id": 0,
      "object_id": 1,
      "relation": "left_of",
      "explicit": true
    },
    {
      "subject_id": 0,
      "object_id": 2,
      "relation": "below",
      "explicit": true
    },
    {
      "subject_id": 1,
      "object_id": 2,
      "relation": "right_of",
      "explicit": false
    }
  ]
}