{
  "image_id": 169,
  "image_filename": "image_00169.png",
  "num_entities": 2,
  "entities": [
    {
      "id": 0,
      "shape": "square",
      "size": "medium",
      "color": "magenta",
      "center": [
        134,
        53
      ],
      "bbox": {
        "x_min": 104,
        "y_min": 23,
        "x_max": 164,
        "y_max": 83
      }
    },
    {
      "id": 1,
      "shape": "triangle",
      "size": "small",
      "color": "yellow",
      "center": [
        173,
        152
      ],
      "bbox": {
        "x_min": 155,
        "y_min": 132,
        "x_max": 190,
        "y_max": 162
      }
    }
  ],
  "relations": [
    {
      "subject_id": 0,
      "object_id": 1,
      "relation": "below",
      "explicit": false
    }
  ]
}