{
  "image_id": 642,
  "image_filename": "image_00642.png",
  "num_entities": 2,
  "entities": [
    {
      "id": 0,
      "shape": "triangle",
      "size": "small",
      "color": "blue",
      "center": [
        156,
        79
      ],
      "bbox": {
        "x_min": 138,
        "y_min": 59,
        "x_max": 173,
        "y_max": 89
      }
    },
    {
      "id": 1,
      "shape": "square",
      "size": "small",
      "color": "green",
      "center": [
        90,
        93
      ],
      "bbox": {
        "x_min": 70,
        "y_min": 73,
        "x_max": 110,
        "y_max": 113
      }
    }
  ],
  "relations": [
    {
      "subject_id": 0,
      "object_id": 1,
      "relation": "left_of",
      "explicit": true
    }
  ]
}