{
  "image_id": 4,
  "image_filename": "image_00004.png",
  "num_entities": 4,
  "entities": [
    {
      "id": 0,
      "shape": "square",
      "size": "small",
      "color": "green",
      "center": [
        99,
        62
      ],
      "bbox": {
        "x_min": 79,
        "y_min": 42,
        "x_max": 119,
        "y_max": 82
      }
    },
    {
      "id": 1,
      "shape": "triangle",
      "size": "large",
      "color": "purple",
      "center": [
        70,
        133
      ],
      "bbox": {
        "x_min": 35,
        "y_min": 93,
        "x_max": 104,
        "y_max": 153
      }
    },
    {
      "id": 2,
      "shape": "triangle",
      "size": "medium",
      "color": "yellow",
      "center": [
        149,
        99
      ],
      "bbox": {
        "x_min": 123,
        "y_min": 69,
        "x_max": 174,
        "y_max": 114
      }
    },
    {
      "id": 3,
      "shape": "circle",
      "size": "small",
      "color": "cyan",
      "center": [
        165,
        174
      ],
      "bbox": {
        "x_min": 145,
        "y_min": 154,
        "x_max": 185,
        "y_max": 194
      }
    }
  ],
  "relations": [
    {
      "subject_id": 0,
      "object_id": 1,
      "relation": "below",
      "explicit": true
    },
    {
      "subject_id": 0,
      "object_id": 2,
      "relation": "right_of",
      "explicit": true
    },
    {
      "subject_id": 0,
      "object_id": 3,
      "relation": "below",
      "explicit": false
    },
    {
      "subject_id": 1,
      "object_id": 2,
      "relation": "right_of",
      "explicit": true
    },
    {
      "subject_id": 1,
      "object_id": 3,
      "relation": "right_of",
      "explicit": false
    },
    {
      "subject_id": 2,
      "object_id": 3,
      "relation": "below",
      "explicit": true
    }
  ]
}