{
  "image_id": 511,
  "image_filename": "image_00511.png",
  "num_entities": 2,
  "entities": [
    {
      "id": 0,
      "shape": "triangle",
      "size": "small",
      "color": "orange",
      "center": [
        169,
        123
      ],
      "bbox": {
        "x_min": 151,
        "y_min": 103,
        "x_max": 186,
        "y_max": 133
      }
    },
    {
      "id": 1,
      "shape": "circle",
      "size": "large",
      "color": "cyan",
      "center": [
        107,
        69
      ],
      "bbox": {
        "x_min": 67,
        "y_min": 29,
        "x_max": 147,
        "y_max": 109
      }
    }
  ],
  "relations": [
    {
      "subject_id": 0,
      "object_id": 1,
      "relation": "left_of",
      "explicit": true
    }
  ]
}