{
  "image_id": 771,
  "image_filename": "image_00771.png",
  "num_entities": 4,
  "entities": [
    {
      "id": 0,
      "shape": "circle",
      "size": "small",
      "color": "magenta",
      "center": [
        137,
        133
      ],
      "bbox": {
        "x_min": 117,
        "y_min": 113,
        "x_max": 157,
        "y_max": 153
      }
    },
    {
      "id": 1,
      "shape": "triangle",
      "size": "medium",
      "color": "cyan",
      "center": [
        55,
        90
      ],
      "bbox": {
        "x_min": 29,
        "y_min": 60,
        "x_max": 80,
        "y_max": 105
      }
    },
    {
      "id": 2,
      "shape": "square",
      "size": "medium",
      "color": "cyan",
      "center": [
        93,
        174
      ],
      "bbox": {
        "x_min": 63,
        "y_min": 144,
        "x_max": 123,
        "y_max": 204
      }
    },
    {
      "id": 3,
      "shape": "circle",
      "size": "small",
      "color": "magenta",
      "center": [
        171,
        76
      ],
      "bbox": {
        "x_min": 151,
        "y_min": 56,
        "x_max": 191,
        "y_max": 96
      }
    }
  ],
  "relations": [
    {
      "subject_id": 0,
      "object_id": 1,
      "relation": "left_of",
      "explicit": true
    },
    {
      "subject_id": 0,
      "object_id": 2,
      "relation": "left_of",
      "explicit": false
    },
    {
      "subject_id": 0,
      "object_id": 3,
      "relation": "above",
      "explicit": true
    },
    {
      "subject_id": 1,
      "object_id": 2,
      "relation": "below",
      "explicit": true
    },
    {
      "subject_id": 1,
      "object_id": 3,
      "relation": "right_of",
      "explicit": true
    },
    {
      "subject_id": 2,
      "object_id": 3,
      "relation": "above",
      "explicit": true
    }
  ]
}