{
  "image_id": 583,
  "image_filename": "image_00583.png",
  "num_entities": 4,
  "entities": [
    {
      "id": 0,
      "shape": "circle",
      "size": "medium",
      "color": "orange",
      "center": [
        74,
        138
      ],
      "bbox": {
        "x_min": 44,
        "y_min": 108,
        "x_max": 104,
        "y_max": 168
      }
    },
    {
      "id": 1,
      "shape": "triangle",
      "size": "large",
      "color": "cyan",
      "center": [
        145,
        75
      ],
      "bbox": {
        "x_min": 110,
        "y_min": 35,
        "x_max": 179,
        "y_max": 95
      }
    },
    {
      "id": 2,
      "shape": "square",
      "size": "large",
      "color": "orange",
      "center": [
        166,
        171
      ],
      "bbox": {
        "x_min": 126,
        "y_min": 131,
        "x_max": 206,
        "y_max": 211
      }
    },
    {
      "id": 3,
      "shape": "square",
      "size": "small",
      "color": "blue",
      "center": [
        76,
        58
      ],
      "bbox": {
        "x_min": 56,
        "y_min": 38,
        "x_max": 96,
        "y_max": 78
      }
    }
  ],
  "relations": [
    {
      "subject_id": 0,
      "object_id": 1,
      "relation": "right_of",
      "explicit": false
    },
    {
      "subject_id": 0,
      "object_id": 2,
      "relation": "right_of",
      "explicit": true
    },
    {
      "subject_id": 0,
      "object_id": 3,
      "relation": "above",
      "explicit": false
    },
    {
      "subject_id": 1,
      "object_id": 2,
      "relation": "below",
      "explicit": true
    },
    {
      "subject_id": 1,
      "object_id": 3,
      "relation": "left_of",
      "explicit": false
    },
    {
      "subject_id": 2,
      "object_id": 3,
      "relation": "above",
      "explicit": true
    }
  ]
}