{
  "image_id": 297,
  "image_filename": "image_00297.png",
  "num_entities": 2,
  "entities": [
    {
      "id": 0,
      "shape": "square",
      "size": "large",
      "color": "purple",
      "center": [
        174,
        64
      ],
      "bbox": {
        "x_min": 134,
        "y_min": 24,
        "x_max": 214,
        "y_max": 104
      }
    },
    {
      "id": 1,
      "shape": "triangle",
      "size": "small",
      "color": "cyan",
      "center": [
        62,
        153
      ],
      "bbox": {
        "x_min": 44,
        "y_min": 133,
        "x_max": 79,
        "y_max": 163
      }
    }
  ],
  "relations": [
    {
      "subject_id": 0,
      "object_id": 1,
      "relation": "left_of",
      "explicit": false
    }
  ]
}