{
  "image_id": 142,
  "image_filename": "image_00142.png",
  "num_entities": 4,
  "entities": [
    {
      "id": 0,
      "shape": "rectangle",
      "size": "small",
      "color": "green",
      "center": [
        156,
        101
      ],
      "bbox": {
        "x_min": 146,
        "y_min": 86,
        "x_max": 166,
        "y_max": 116
      }
    },
    {
      "id": 1,
      "shape": "triangle",
      "size": "large",
      "color": "red",
      "center": [
        85,
        68
      ],
      "bbox": {
        "x_min": 50,
        "y_min": 28,
        "x_max": 119,
        "y_max": 88
      }
    },
    {
      "id": 2,
      "shape": "triangle",
      "size": "small",
      "color": "green",
      "center": [
        94,
        160
      ],
      "bbox": {
        "x_min": 76,
        "y_min": 140,
        "x_max": 111,
        "y_max": 170
      }
    },
    {
      "id": 3,
      "shape": "circle",
      "size": "small",
      "color": "yellow",
      "center": [
        165,
        173
      ],
      "bbox": {
        "x_min": 145,
        "y_min": 153,
        "x_max": 185,
        "y_max": 193
      }
    }
  ],
  "relations": [
    {
      "subject_id": 0,
      "object_id": 1,
      "relation": "left_of",
      "explicit": false
    },
    {
      "subject_id": 0,
      "object_id": 2,
      "relation": "left_of",
      "explicit": true
    },
    {
      "subject_id": 0,
      "object_id": 3,
      "relation": "below",
      "explicit": true
    },
    {
      "subject_id": 1,
      "object_id": 2,
      "relation": "below",
      "explicit": true
    },
    {
      "subject_id": 1,
      "object_id": 3,
      "relation": "below",
      "explicit": false
    },
    {
      "subject_id": 2,
      "object_id": 3,
      "relation": "right_of",
      "explicit": true
    }
  ]
}