{
  "image_id": 301,
  "image_filename": "image_00301.png",
  "num_entities": 3,
  "entities": [
    {
      "id": 0,
      "shape": "triangle",
      "size": "medium",
      "color": "cyan",
      "center": [
        101,
        154
      ],
      "bbox": {
        "x_min": 75,
        "y_min": 124,
        "x_max": 126,
        "y_max": 169
      }
    },
    {
      "id": 1,
      "shape": "triangle",
      "size": "small",
      "color": "orange",
      "center": [
        158,
        109
      ],
      "bbox": {
        "x_min": 140,
        "y_min": 89,
        "x_max": 175,
        "y_max": 119
      }
    },
    {
      "id": 2,
      "shape": "circle",
      "size": "large",
      "color": "blue",
      "center": [
        75,
        73
      ],
      "bbox": {
        "x_min": 35,
        "y_min": 33,
        "x_max": 115,
        "y_max": 113
      }
    }
  ],
  "relations": [
    {
      "subject_id": 0,
      "object_id": 1,
      "relation": "right_of",
      "explicit": false
    },
    {
      "subject_id": 0,
      "object_id": 2,
      "relation": "above",
      "explicit": false
    },
    {
      "subject_id": 1,
      "object_id": 2,
      "relation": "left_of",
      "explicit": true
    }
  ]
}