{
  "image_id": 205,
  "image_filename": "image_00205.png",
  "num_entities": 2,
  "entities": [
    {
      "id": 0,
      "shape": "square",
      "size": "medium",
      "color": "magenta",
      "center": [
        148,
        78
      ],
      "bbox": {
        "x_min": 118,
        "y_min": 48,
        "x_max": 178,
        "y_max": 108
      }
    },
    {
      "id": 1,
      "shape": "rectangle",
      "size": "large",
      "color": "blue",
      "center": [
        73,
        155
      ],
      "bbox": {
        "x_min": 53,
        "y_min": 125,
        "x_max": 93,
        "y_max": 185
      }
    }
  ],
  "relations": [
    {
      "subject_id": 0,
      "object_id": 1,
      "relation": "below",
      "explicit": false
    }
  ]
}