{
  "image_id": 129,
  "image_filename": "image_00129.png",
  "num_entities": 2,
  "entities": [
    {
      "id": 0,
      "shape": "square",
      "size": "large",
      "color": "blue",
      "center": [
        74,
        111
      ],
      "bbox": {
        "x_min": 34,
        "y_min": 71,
        "x_max": 114,
        "y_max": 151
      }
    },
    {
      "id": 1,
      "shape": "triangle",
      "size": "medium",
      "color": "green",
      "center": [
        153,
        128
      ],
      "bbox": {
        "x_min": 127,
        "y_min": 98,
        "x_max": 178,
        "y_max": 143
      }
    }
  ],
  "relations": [
    {
      "subject_id": 0,
      "object_id": 1,
      "relation": "right_of",
      "explicit": false
    }
  ]
}