{
  "image_id": 593,
  "image_filename": "image_00593.png",
  "num_entities": 4,
  "entities": [
    {
      "id": 0,
      "shape": "circle",
      "size": "large",
      "color": "red",
      "center": [
        64,
        93
      ],
      "bbox": {
        "x_min": 24,
        "y_min": 53,
        "x_max": 104,
        "y_max": 133
      }
    },
    {
      "id": 1,
      "shape": "rectangle",
      "size": "small",
      "color": "magenta",
      "center": [
        168,
        99
      ],
      "bbox": {
        "x_min": 158,
        "y_min": 84,
        "x_max": 178,
        "y_max": 114
      }
    },
    {
      "id": 2,
      "shape": "rectangle",
      "size": "large",
      "color": "purple",
      "center": [
        127,
        160
      ],
      "bbox": {
        "x_min": 107,
        "y_min": 130,
        "x_max": 147,
        "y_max": 190
      }
    },
    {
      "id": 3,
      "shape": "circle",
      "size": "small",
      "color": "red",
      "center": [
        147,
        51
      ],
      "bbox": {
        "x_min": 127,
        "y_min": 31,
        "x_max": 167,
        "y_max": 71
      }
    }
  ],
  "relations": [
    {
      "subject_id": 0,
      "object_id": 1,
      "relation": "right_of",
      "explicit": false
    },
    {
      "subject_id": 0,
      "object_id": 2,
      "relation": "below",
      "explicit": true
    },
    {
      "subject_id": 0,
      "object_id": 3,
      "relation": "right_of",
      "explicit": false
    },
    {
      "subject_id": 1,
      "object_id": 2,
      "relation": "below",
      "explicit": false
    },
    {
      "subject_id": 1,
      "object_id": 3,
      "relation": "above",
      "explicit": false
    },
    {
      "subject_id": 2,
      "object_id": 3,
      "relation": "above",
      "explicit": true
    }
  ]
}