{
  "image_id": 564,
  "image_filename": "image_00564.png",
  "num_entities": 5,
  "entities": [
    {
      "id": 0,
      "shape": "square",
      "size": "large",
      "color": "cyan",
      "center": [
        168,
        156
      ],
      "bbox": {
        "x_min": 128,
        "y_min": 116,
        "x_max": 208,
        "y_max": 196
      }
    },
    {
      "id": 1,
      "shape": "square",
      "size": "small",
      "color": "yellow",
      "center": [
        94,
        140
      ],
      "bbox": {
        "x_min": 74,
        "y_min": 120,
        "x_max": 114,
        "y_max": 160
      }
    },
    {
      "id": 2,
      "shape": "triangle",
      "size": "large",
      "color": "orange",
      "center": [
        149,
        56
      ],
      "bbox": {
        "x_min": 114,
        "y_min": 16,
        "x_max": 183,
        "y_max": 76
      }
    },
    {
      "id": 3,
      "shape": "circle",
      "size": "medium",
      "color": "green",
      "center": [
        57,
        62
      ],
      "bbox": {
        "x_min": 27,
        "y_min": 32,
        "x_max": 87,
        "y_max": 92
      }
    },
    {
      "id": 4,
      "shape": "triangle",
      "size": "small",
      "color": "blue",
      "center": [
        50,
        174
      ],
      "bbox": {
        "x_min": 32,
        "y_min": 154,
        "x_max": 67,
        "y_max": 184
      }
    }
  ],
  "relations": [
    {
      "subject_id": 0,
      "object_id": 1,
      "relation": "left_of",
      "explicit": true
    },
    {
      "subject_id": 0,
      "object_id": 2,
      "relation": "above",
      "explicit": false
    },
    {
      "subject_id": 0,
      "object_id": 3,
      "relation": "left_of",
      "explicit": false
    },
    {
      "subject_id": 0,
      "object_id": 4,
      "relation": "left_of",
      "explicit": true
    },
    {
      "subject_id": 1,
      "object_id": 2,
      "relation": "above",
      "explicit": true
    },
    {
      "subject_id": 1,
      "object_id": 3,
      "relation": "above",
      "explicit": false
    },
    {
      "subject_id": 1,
      "object_id": 4,
      "relation": "left_of",
      "explicit": true
    },
    {
      "subject_id": 2,
      "object_id": 3,
      "relation": "left_of",
      "explicit": true
    },
    {
      "subject_id": 2,
      "object_id": 4,
      "relation": "below",
      "explicit": false
    },
    {
      "subject_id": 3,
      "object_id": 4,
      "relation": "below",
      "explicit": false
    }
  ]
}