{
  "image_id": 690,
  "image_filename": "image_00690.png",
  "num_entities": 4,
  "entities": [
    {
      "id": 0,
      "shape": "triangle",
      "size": "medium",
      "color": "yellow",
      "center": [
        123,
        88
      ],
      "bbox": {
        "x_min": 97,
        "y_min": 58,
        "x_max": 148,
        "y_max": 103
      }
    },
    {
      "id": 1,
      "shape": "rectangle",
      "size": "small",
      "color": "blue",
      "center": [
        171,
        165
      ],
      "bbox": {
        "x_min": 161,
        "y_min": 150,
        "x_max": 181,
        "y_max": 180
      }
    },
    {
      "id": 2,
      "shape": "square",
      "size": "small",
      "color": "green",
      "center": [
        111,
        159
      ],
      "bbox": {
        "x_min": 91,
        "y_min": 139,
        "x_max": 131,
        "y_max": 179
      }
    },
    {
      "id": 3,
      "shape": "circle",
      "size": "medium",
      "color": "magenta",
      "center": [
        50,
        89
      ],
      "bbox": {
        "x_min": 20,
        "y_min": 59,
        "x_max": 80,
        "y_max": 119
      }
    }
  ],
  "relations": [
    {
      "subject_id": 0,
      "object_id": 1,
      "relation": "below",
      "explicit": true
    },
    {
      "subject_id": 0,
      "object_id": 2,
      "relation": "below",
      "explicit": false
    },
    {
      "subject_id": 0,
      "object_id": 3,
      "relation": "left_of",
      "explicit": false
    },
    {
      "subject_id": 1,
      "object_id": 2,
      "relation": "left_of",
      "explicit": false
    },
    {
      "subject_id": 1,
      "object_id": 3,
      "relation": "left_of",
      "explicit": false
    },
    {
      "subject_id": 2,
      "object_id": 3,
      "relation": "above",
      "explicit": false
    }
  ]
}