{
  "image_id": 975,
  "image_filename": "image_00975.png",
  "num_entities": 4,
  "entities": [
    {
      "id": 0,
      "shape": "square",
      "size": "small",
      "color": "magenta",
      "center": [
        114,
        81
      ],
      "bbox": {
        "x_min": 94,
        "y_min": 61,
        "x_max": 134,
        "y_max": 101
      }
    },
    {
      "id": 1,
      "shape": "square",
      "size": "large",
      "color": "magenta",
      "center": [
        174,
        148
      ],
      "bbox": {
        "x_min": 134,
        "y_min": 108,
        "x_max": 214,
        "y_max": 188
      }
    },
    {
      "id": 2,
      "shape": "rectangle",
      "size": "large",
      "color": "orange",
      "center": [
        64,
        169
      ],
      "bbox": {
        "x_min": 44,
        "y_min": 139,
        "x_max": 84,
        "y_max": 199
      }
    },
    {
      "id": 3,
      "shape": "rectangle",
      "size": "small",
      "color": "cyan",
      "center": [
        64,
        51
      ],
      "bbox": {
        "x_min": 54,
        "y_min": 36,
        "x_max": 74,
        "y_max": 66
      }
    }
  ],
  "relations": [
    {
      "subject_id": 0,
      "object_id": 1,
      "relation": "below",
      "explicit": true
    },
    {
      "subject_id": 0,
      "object_id": 2,
      "relation": "below",
      "explicit": false
    },
    {
      "subject_id": 0,
      "object_id": 3,
      "relation": "left_of",
      "explicit": true
    },
    {
      "subject_id": 1,
      "object_id": 2,
      "relation": "left_of",
      "explicit": false
    },
    {
      "subject_id": 1,
      "object_id": 3,
      "relation": "left_of",
      "explicit": true
    },
    {
      "subject_id": 2,
      "object_id": 3,
      "relation": "above",
      "explicit": false
    }
  ]
}