{
  "image_id": 315,
  "image_filename": "image_00315.png",
  "num_entities": 2,
  "entities": [
    {
      "id": 0,
      "shape": "square",
      "size": "large",
      "color": "magenta",
      "center": [
        126,
        171
      ],
      "bbox": {
        "x_min": 86,
        "y_min": 131,
        "x_max": 166,
        "y_max": 211
      }
    },
    {
      "id": 1,
      "shape": "circle",
      "size": "small",
      "color": "cyan",
      "center": [
        161,
        59
      ],
      "bbox": {
        "x_min": 141,
        "y_min": 39,
        "x_max": 181,
        "y_max": 79
      }
    }
  ],
  "relations": [
    {
      "subject_id": 0,
      "object_id": 1,
      "relation": "above",
      "explicit": true
    }
  ]
}