{
  "image_id": 216,
  "image_filename": "image_00216.png",
  "num_entities": 4,
  "entities": [
    {
      "id": 0,
      "shape": "triangle",
      "size": "small",
      "color": "yellow",
      "center": [
        163,
        121
      ],
      "bbox": {
        "x_min": 145,
        "y_min": 101,
        "x_max": 180,
        "y_max": 131
      }
    },
    {
      "id": 1,
      "shape": "rectangle",
      "size": "small",
      "color": "red",
      "center": [
        140,
        171
      ],
      "bbox": {
        "x_min": 130,
        "y_min": 156,
        "x_max": 150,
        "y_max": 186
      }
    },
    {
      "id": 2,
      "shape": "circle",
      "size": "small",
      "color": "green",
      "center": [
        70,
        119
      ],
      "bbox": {
        "x_min": 50,
        "y_min": 99,
        "x_max": 90,
        "y_max": 139
      }
    },
    {
      "id": 3,
      "shape": "triangle",
      "size": "small",
      "color": "red",
      "center": [
        76,
        52
      ],
      "bbox": {
        "x_min": 58,
        "y_min": 32,
        "x_max": 93,
        "y_max": 62
      }
    }
  ],
  "relations": [
    {
      "subject_id": 0,
      "object_id": 1,
      "relation": "below",
      "explicit": true
    },
    {
      "subject_id": 0,
      "object_id": 2,
      "relation": "left_of",
      "explicit": false
    },
    {
      "subject_id": 0,
      "object_id": 3,
      "relation": "left_of",
      "explicit": false
    },
    {
      "subject_id": 1,
      "object_id": 2,
      "relation": "left_of",
      "explicit": true
    },
    {
      "subject_id": 1,
      "object_id": 3,
      "relation": "above",
      "explicit": false
    },
    {
      "subject_id": 2,
      "object_id": 3,
      "relation": "above",
      "explicit": true
    }
  ]
}