{
  "image_id": 25,
  "image_filename": "image_00025.png",
  "num_entities": 3,
  "entities": [
    {
      "id": 0,
      "shape": "rectangle",
      "size": "large",
      "color": "magenta",
      "center": [
        124,
        154
      ],
      "bbox": {
        "x_min": 104,
        "y_min": 124,
        "x_max": 144,
        "y_max": 184
      }
    },
    {
      "id": 1,
      "shape": "triangle",
      "size": "large",
      "color": "orange",
      "center": [
        158,
        57
      ],
      "bbox": {
        "x_min": 123,
        "y_min": 17,
        "x_max": 192,
        "y_max": 77
      }
    },
    {
      "id": 2,
      "shape": "square",
      "size": "small",
      "color": "orange",
      "center": [
        78,
        89
      ],
      "bbox": {
        "x_min": 58,
        "y_min": 69,
        "x_max": 98,
        "y_max": 109
      }
    }
  ],
  "relations": [
    {
      "subject_id": 0,
      "object_id": 1,
      "relation": "above",
      "explicit": false
    },
    {
      "subject_id": 0,
      "object_id": 2,
      "relation": "above",
      "explicit": true
    },
    {
      "subject_id": 1,
      "object_id": 2,
      "relation": "left_of",
      "explicit": true
    }
  ]
}