{
  "image_id": 693,
  "image_filename": "image_00693.png",
  "num_entities": 4,
  "entities": [
    {
      "id": 0,
      "shape": "square",
      "size": "large",
      "color": "blue",
      "center": [
        76,
        90
      ],
      "bbox": {
        "x_min": 36,
        "y_min": 50,
        "x_max": 116,
        "y_max": 130
      }
    },
    {
      "id": 1,
      "shape": "rectangle",
      "size": "small",
      "color": "green",
      "center": [
        82,
        174
      ],
      "bbox": {
        "x_min": 72,
        "y_min": 159,
        "x_max": 92,
        "y_max": 189
      }
    },
    {
      "id": 2,
      "shape": "rectangle",
      "size": "medium",
      "color": "green",
      "center": [
        148,
        149
      ],
      "bbox": {
        "x_min": 133,
        "y_min": 127,
        "x_max": 163,
        "y_max": 171
      }
    },
    {
      "id": 3,
      "shape": "circle",
      "size": "large",
      "color": "purple",
      "center": [
        169,
        59
      ],
      "bbox": {
        "x_min": 129,
        "y_min": 19,
        "x_max": 209,
        "y_max": 99
      }
    }
  ],
  "relations": [
    {
      "subject_id": 0,
      "object_id": 1,
      "relation": "below",
      "explicit": false
    },
    {
      "subject_id": 0,
      "object_id": 2,
      "relation": "right_of",
      "explicit": true
    },
    {
      "subject_id": 0,
      "object_id": 3,
      "relation": "right_of",
      "explicit": false
    },
    {
      "subject_id": 1,
      "object_id": 2,
      "relation": "right_of",
      "explicit": true
    },
    {
      "subject_id": 1,
      "object_id": 3,
      "relation": "above",
      "explicit": false
    },
    {
      "subject_id": 2,
      "object_id": 3,
      "relation": "above",
      "explicit": false
    }
  ]
}