{
  "image_id": 558,
  "image_filename": "image_00558.png",
  "num_entities": 4,
  "entities": [
    {
      "id": 0,
      "shape": "rectangle",
      "size": "large",
      "color": "blue",
      "center": [
        137,
        160
      ],
      "bbox": {
        "x_min": 117,
        "y_min": 130,
        "x_max": 157,
        "y_max": 190
      }
    },
    {
      "id": 1,
      "shape": "triangle",
      "size": "medium",
      "color": "red",
      "center": [
        59,
        79
      ],
      "bbox": {
        "x_min": 33,
        "y_min": 49,
        "x_max": 84,
        "y_max": 94
      }
    },
    {
      "id": 2,
      "shape": "circle",
      "size": "large",
      "color": "purple",
      "center": [
        168,
        64
      ],
      "bbox": {
        "x_min": 128,
        "y_min": 24,
        "x_max": 208,
        "y_max": 104
      }
    },
    {
      "id": 3,
      "shape": "rectangle",
      "size": "medium",
      "color": "yellow",
      "center": [
        56,
        171
      ],
      "bbox": {
        "x_min": 41,
        "y_min": 149,
        "x_max": 71,
        "y_max": 193
      }
    }
  ],
  "relations": [
    {
      "subject_id": 0,
      "object_id": 1,
      "relation": "above",
      "explicit": true
    },
    {
      "subject_id": 0,
      "object_id": 2,
      "relation": "above",
      "explicit": true
    },
    {
      "subject_id": 0,
      "object_id": 3,
      "relation": "left_of",
      "explicit": false
    },
    {
      "subject_id": 1,
      "object_id": 2,
      "relation": "right_of",
      "explicit": false
    },
    {
      "subject_id": 1,
      "object_id": 3,
      "relation": "below",
      "explicit": false
    },
    {
      "subject_id": 2,
      "object_id": 3,
      "relation": "left_of",
      "explicit": false
    }
  ]
}