{
  "image_id": 312,
  "image_filename": "image_00312.png",
  "num_entities": 2,
  "entities": [
    {
      "id": 0,
      "shape": "square",
      "size": "medium",
      "color": "orange",
      "center": [
        120,
        118
      ],
      "bbox": {
        "x_min": 90,
        "y_min": 88,
        "x_max": 150,
        "y_max": 148
      }
    },
    {
      "id": 1,
      "shape": "rectangle",
      "size": "medium",
      "color": "orange",
      "center": [
        51,
        62
      ],
      "bbox": {
        "x_min": 36,
        "y_min": 40,
        "x_max": 66,
        "y_max": 84
      }
    }
  ],
  "relations": [
    {
      "subject_id": 0,
      "object_id": 1,
      "relation": "left_of",
      "explicit": false
    }
  ]
}