{
  "image_id": 713,
  "image_filename": "image_00713.png",
  "num_entities": 2,
  "entities": [
    {
      "id": 0,
      "shape": "square",
      "size": "medium",
      "color": "orange",
      "center": [
        82,
        70
      ],
      "bbox": {
        "x_min": 52,
        "y_min": 40,
        "x_max": 112,
        "y_max": 100
      }
    },
    {
      "id": 1,
      "shape": "circle",
      "size": "medium",
      "color": "green",
      "center": [
        174,
        98
      ],
      "bbox": {
        "x_min": 144,
        "y_min": 68,
        "x_max": 204,
        "y_max": 128
      }
    }
  ],
  "relations": [
    {
      "subject_id": 0,
      "object_id": 1,
      "relation": "right_of",
      "explicit": false
    }
  ]
}