{
  "image_id": 580,
  "image_filename": "image_00580.png",
  "num_entities": 2,
  "entities": [
    {
      "id": 0,
      "shape": "circle",
      "size": "medium",
      "color": "cyan",
      "center": [
        80,
        113
      ],
      "bbox": {
        "x_min": 50,
        "y_min": 83,
        "x_max": 110,
        "y_max": 143
      }
    },
    {
      "id": 1,
      "shape": "triangle",
      "size": "medium",
      "color": "purple",
      "center": [
        155,
        118
      ],
      "bbox": {
        "x_min": 129,
        "y_min": 88,
        "x_max": 180,
        "y_max": 133
      }
    }
  ],
  "relations": [
    {
      "subject_id": 0,
      "object_id": 1,
      "relation": "right_of",
      "explicit": true
    }
  ]
}