{
  "image_id": 710,
  "image_filename": "image_00710.png",
  "num_entities": 4,
  "entities": [
    {
      "id": 0,
      "shape": "rectangle",
      "size": "large",
      "color": "cyan",
      "center": [
        72,
        147
      ],
      "bbox": {
        "x_min": 52,
        "y_min": 117,
        "x_max": 92,
        "y_max": 177
      }
    },
    {
      "id": 1,
      "shape": "triangle",
      "size": "small",
      "color": "red",
      "center": [
        93,
        72
      ],
      "bbox": {
        "x_min": 75,
        "y_min": 52,
        "x_max": 110,
        "y_max": 82
      }
    },
    {
      "id": 2,
      "shape": "circle",
      "size": "small",
      "color": "red",
      "center": [
        133,
        110
      ],
      "bbox": {
        "x_min": 113,
        "y_min": 90,
        "x_max": 153,
        "y_max": 130
      }
    },
    {
      "id": 3,
      "shape": "triangle",
      "size": "small",
      "color": "red",
      "center": [
        169,
        155
      ],
      "bbox": {
        "x_min": 151,
        "y_min": 135,
        "x_max": 186,
        "y_max": 165
      }
    }
  ],
  "relations": [
    {
      "subject_id": 0,
      "object_id": 1,
      "relation": "above",
      "explicit": true
    },
    {
      "subject_id": 0,
      "object_id": 2,
      "relation": "right_of",
      "explicit": true
    },
    {
      "subject_id": 0,
      "object_id": 3,
      "relation": "right_of",
      "explicit": false
    },
    {
      "subject_id": 1,
      "object_id": 2,
      "relation": "right_of",
      "explicit": true
    },
    {
      "subject_id": 1,
      "object_id": 3,
      "relation": "below",
      "explicit": false
    },
    {
      "subject_id": 2,
      "object_id": 3,
      "relation": "below",
      "explicit": true
    }
  ]
}