{
  "image_id": 945,
  "image_filename": "image_00945.png",
  "num_entities": 5,
  "entities": [
    {
      "id": 0,
      "shape": "triangle",
      "size": "small",
      "color": "yellow",
      "center": [
        152,
        81
      ],
      "bbox": {
        "x_min": 134,
        "y_min": 61,
        "x_max": 169,
        "y_max": 91
      }
    },
    {
      "id": 1,
      "shape": "triangle",
      "size": "medium",
      "color": "yellow",
      "center": [
        97,
        54
      ],
      "bbox": {
        "x_min": 71,
        "y_min": 24,
        "x_max": 122,
        "y_max": 69
      }
    },
    {
      "id": 2,
      "shape": "square",
      "size": "medium",
      "color": "cyan",
      "center": [
        161,
        146
      ],
      "bbox": {
        "x_min": 131,
        "y_min": 116,
        "x_max": 191,
        "y_max": 176
      }
    },
    {
      "id": 3,
      "shape": "circle",
      "size": "small",
      "color": "yellow",
      "center": [
        89,
        114
      ],
      "bbox": {
        "x_min": 69,
        "y_min": 94,
        "x_max": 109,
        "y_max": 134
      }
    },
    {
      "id": 4,
      "shape": "triangle",
      "size": "medium",
      "color": "blue",
      "center": [
        76,
        173
      ],
      "bbox": {
        "x_min": 50,
        "y_min": 143,
        "x_max": 101,
        "y_max": 188
      }
    }
  ],
  "relations": [
    {
      "subject_id": 0,
      "object_id": 1,
      "relation": "left_of",
      "explicit": true
    },
    {
      "subject_id": 0,
      "object_id": 2,
      "relation": "below",
      "explicit": true
    },
    {
      "subject_id": 0,
      "object_id": 3,
      "relation": "left_of",
      "explicit": true
    },
    {
      "subject_id": 0,
      "object_id": 4,
      "relation": "below",
      "explicit": true
    },
    {
      "subject_id": 1,
      "object_id": 2,
      "relation": "below",
      "explicit": false
    },
    {
      "subject_id": 1,
      "object_id": 3,
      "relation": "below",
      "explicit": false
    },
    {
      "subject_id": 1,
      "object_id": 4,
      "relation": "below",
      "explicit": true
    },
    {
      "subject_id": 2,
      "object_id": 3,
      "relation": "left_of",
      "explicit": true
    },
    {
      "subject_id": 2,
      "object_id": 4,
      "relation": "left_of",
      "explicit": true
    },
    {
      "subject_id": 3,
      "object_id": 4,
      "relation": "below",
      "explicit": false
    }
  ]
}