{
  "image_id": 428,
  "image_filename": "image_00428.png",
  "num_entities": 4,
  "entities": [
    {
      "id": 0,
      "shape": "rectangle",
      "size": "small",
      "color": "purple",
      "center": [
        57,
        105
      ],
      "bbox": {
        "x_min": 47,
        "y_min": 90,
        "x_max": 67,
        "y_max": 120
      }
    },
    {
      "id": 1,
      "shape": "rectangle",
      "size": "medium",
      "color": "yellow",
      "center": [
        154,
        136
      ],
      "bbox": {
        "x_min": 139,
        "y_min": 114,
        "x_max": 169,
        "y_max": 158
      }
    },
    {
      "id": 2,
      "shape": "triangle",
      "size": "medium",
      "color": "red",
      "center": [
        95,
        54
      ],
      "bbox": {
        "x_min": 69,
        "y_min": 24,
        "x_max": 120,
        "y_max": 69
      }
    },
    {
      "id": 3,
      "shape": "triangle",
      "size": "medium",
      "color": "orange",
      "center": [
        90,
        168
      ],
      "bbox": {
        "x_min": 64,
        "y_min": 138,
        "x_max": 115,
        "y_max": 183
      }
    }
  ],
  "relations": [
    {
      "subject_id": 0,
      "object_id": 1,
      "relation": "right_of",
      "explicit": false
    },
    {
      "subject_id": 0,
      "object_id": 2,
      "relation": "above",
      "explicit": true
    },
    {
      "subject_id": 0,
      "object_id": 3,
      "relation": "below",
      "explicit": false
    },
    {
      "subject_id": 1,
      "object_id": 2,
      "relation": "above",
      "explicit": false
    },
    {
      "subject_id": 1,
      "object_id": 3,
      "relation": "left_of",
      "explicit": false
    },
    {
      "subject_id": 2,
      "object_id": 3,
      "relation": "below",
      "explicit": false
    }
  ]
}