{
  "image_id": 284,
  "image_filename": "image_00284.png",
  "num_entities": 2,
  "entities": [
    {
      "id": 0,
      "shape": "square",
      "size": "large",
      "color": "magenta",
      "center": [
        130,
        157
      ],
      "bbox": {
        "x_min": 90,
        "y_min": 117,
        "x_max": 170,
        "y_max": 197
      }
    },
    {
      "id": 1,
      "shape": "triangle",
      "size": "large",
      "color": "yellow",
      "center": [
        70,
        86
      ],
      "bbox": {
        "x_min": 35,
        "y_min": 46,
        "x_max": 104,
        "y_max": 106
      }
    }
  ],
  "relations": [
    {
      "subject_id": 0,
      "object_id": 1,
      "relation": "above",
      "explicit": false
    }
  ]
}