{
  "image_id": 38,
  "image_filename": "image_00038.png",
  "num_entities": 3,
  "entities": [
    {
      "id": 0,
      "shape": "square",
      "size": "large",
      "color": "cyan",
      "center": [
        136,
        70
      ],
      "bbox": {
        "x_min": 96,
        "y_min": 30,
        "x_max": 176,
        "y_max": 110
      }
    },
    {
      "id": 1,
      "shape": "circle",
      "size": "medium",
      "color": "orange",
      "center": [
        145,
        165
      ],
      "bbox": {
        "x_min": 115,
        "y_min": 135,
        "x_max": 175,
        "y_max": 195
      }
    },
    {
      "id": 2,
      "shape": "triangle",
      "size": "medium",
      "color": "blue",
      "center": [
        54,
        158
      ],
      "bbox": {
        "x_min": 28,
        "y_min": 128,
        "x_max": 79,
        "y_max": 173
      }
    }
  ],
  "relations": [
    {
      "subject_id": 0,
      "object_id": 1,
      "relation": "below",
      "explicit": false
    },
    {
      "subject_id": 0,
      "object_id": 2,
      "relation": "below",
      "explicit": true
    },
    {
      "subject_id": 1,
      "object_id": 2,
      "relation": "left_of",
      "explicit": true
    }
  ]
}