{
  "image_id": 494,
  "image_filename": "image_00494.png",
  "num_entities": 4,
  "entities": [
    {
      "id": 0,
      "shape": "circle",
      "size": "small",
      "color": "green",
      "center": [
        159,
        50
      ],
      "bbox": {
        "x_min": 139,
        "y_min": 30,
        "x_max": 179,
        "y_max": 70
      }
    },
    {
      "id": 1,
      "shape": "circle",
      "size": "small",
      "color": "orange",
      "center": [
        87,
        174
      ],
      "bbox": {
        "x_min": 67,
        "y_min": 154,
        "x_max": 107,
        "y_max": 194
      }
    },
    {
      "id": 2,
      "shape": "circle",
      "size": "medium",
      "color": "blue",
      "center": [
        143,
        124
      ],
      "bbox": {
        "x_min": 113,
        "y_min": 94,
        "x_max": 173,
        "y_max": 154
      }
    },
    {
      "id": 3,
      "shape": "rectangle",
      "size": "small",
      "color": "blue",
      "center": [
        66,
        62
      ],
      "bbox": {
        "x_min": 56,
        "y_min": 47,
        "x_max": 76,
        "y_max": 77
      }
    }
  ],
  "relations": [
    {
      "subject_id": 0,
      "object_id": 1,
      "relation": "below",
      "explicit": false
    },
    {
      "subject_id": 0,
      "object_id": 2,
      "relation": "below",
      "explicit": false
    },
    {
      "subject_id": 0,
      "object_id": 3,
      "relation": "left_of",
      "explicit": false
    },
    {
      "subject_id": 1,
      "object_id": 2,
      "relation": "right_of",
      "explicit": true
    },
    {
      "subject_id": 1,
      "object_id": 3,
      "relation": "above",
      "explicit": true
    },
    {
      "subject_id": 2,
      "object_id": 3,
      "relation": "left_of",
      "explicit": true
    }
  ]
}