{
  "image_id": 353,
  "image_filename": "image_00353.png",
  "num_entities": 3,
  "entities": [
    {
      "id": 0,
      "shape": "triangle",
      "size": "medium",
      "color": "red",
      "center": [
        90,
        140
      ],
      "bbox": {
        "x_min": 64,
        "y_min": 110,
        "x_max": 115,
        "y_max": 155
      }
    },
    {
      "id": 1,
      "shape": "circle",
      "size": "medium",
      "color": "green",
      "center": [
        166,
        92
      ],
      "bbox": {
        "x_min": 136,
        "y_min": 62,
        "x_max": 196,
        "y_max": 122
      }
    },
    {
      "id": 2,
      "shape": "circle",
      "size": "large",
      "color": "magenta",
      "center": [
        52,
        67
      ],
      "bbox": {
        "x_min": 12,
        "y_min": 27,
        "x_max": 92,
        "y_max": 107
      }
    }
  ],
  "relations": [
    {
      "subject_id": 0,
      "object_id": 1,
      "relation": "right_of",
      "explicit": false
    },
    {
      "subject_id": 0,
      "object_id": 2,
      "relation": "above",
      "explicit": true
    },
    {
      "subject_id": 1,
      "object_id": 2,
      "relation": "left_of",
      "explicit": true
    }
  ]
}