{
  "image_id": 967,
  "image_filename": "image_00967.png",
  "num_entities": 3,
  "entities": [
    {
      "id": 0,
      "shape": "square",
      "size": "small",
      "color": "blue",
      "center": [
        80,
        167
      ],
      "bbox": {
        "x_min": 60,
        "y_min": 147,
        "x_max": 100,
        "y_max": 187
      }
    },
    {
      "id": 1,
      "shape": "triangle",
      "size": "medium",
      "color": "green",
      "center": [
        117,
        58
      ],
      "bbox": {
        "x_min": 91,
        "y_min": 28,
        "x_max": 142,
        "y_max": 73
      }
    },
    {
      "id": 2,
      "shape": "square",
      "size": "medium",
      "color": "magenta",
      "center": [
        55,
        102
      ],
      "bbox": {
        "x_min": 25,
        "y_min": 72,
        "x_max": 85,
        "y_max": 132
      }
    }
  ],
  "relations": [
    {
      "subject_id": 0,
      "object_id": 1,
      "relation": "above",
      "explicit": false
    },
    {
      "subject_id": 0,
      "object_id": 2,
      "relation": "above",
      "explicit": false
    },
    {
      "subject_id": 1,
      "object_id": 2,
      "relation": "left_of",
      "explicit": false
    }
  ]
}