{
  "image_id": 361,
  "image_filename": "image_00361.png",
  "num_entities": 2,
  "entities": [
    {
      "id": 0,
      "shape": "rectangle",
      "size": "medium",
      "color": "cyan",
      "center": [
        158,
        78
      ],
      "bbox": {
        "x_min": 143,
        "y_min": 56,
        "x_max": 173,
        "y_max": 100
      }
    },
    {
      "id": 1,
      "shape": "rectangle",
      "size": "small",
      "color": "orange",
      "center": [
        95,
        113
      ],
      "bbox": {
        "x_min": 85,
        "y_min": 98,
        "x_max": 105,
        "y_max": 128
      }
    }
  ],
  "relations": [
    {
      "subject_id": 0,
      "object_id": 1,
      "relation": "left_of",
      "explicit": true
    }
  ]
}