{
  "image_id": 342,
  "image_filename": "image_00342.png",
  "num_entities": 4,
  "entities": [
    {
      "id": 0,
      "shape": "rectangle",
      "size": "small",
      "color": "yellow",
      "center": [
        98,
        78
      ],
      "bbox": {
        "x_min": 88,
        "y_min": 63,
        "x_max": 108,
        "y_max": 93
      }
    },
    {
      "id": 1,
      "shape": "square",
      "size": "large",
      "color": "blue",
      "center": [
        101,
        154
      ],
      "bbox": {
        "x_min": 61,
        "y_min": 114,
        "x_max": 141,
        "y_max": 194
      }
    },
    {
      "id": 2,
      "shape": "rectangle",
      "size": "small",
      "color": "yellow",
      "center": [
        166,
        119
      ],
      "bbox": {
        "x_min": 156,
        "y_min": 104,
        "x_max": 176,
        "y_max": 134
      }
    },
    {
      "id": 3,
      "shape": "rectangle",
      "size": "small",
      "color": "yellow",
      "center": [
        143,
        52
      ],
      "bbox": {
        "x_min": 133,
        "y_min": 37,
        "x_max": 153,
        "y_max": 67
      }
    }
  ],
  "relations": [
    {
      "subject_id": 0,
      "object_id": 1,
      "relation": "below",
      "explicit": false
    },
    {
      "subject_id": 0,
      "object_id": 2,
      "relation": "right_of",
      "explicit": true
    },
    {
      "subject_id": 0,
      "object_id": 3,
      "relation": "right_of",
      "explicit": false
    },
    {
      "subject_id": 1,
      "object_id": 2,
      "relation": "right_of",
      "explicit": true
    },
    {
      "subject_id": 1,
      "object_id": 3,
      "relation": "above",
      "explicit": false
    },
    {
      "subject_id": 2,
      "object_id": 3,
      "relation": "above",
      "explicit": false
    }
  ]
}