{
  "image_id": 537,
  "image_filename": "image_00537.png",
  "num_entities": 2,
  "entities": [
    {
      "id": 0,
      "shape": "rectangle",
      "size": "medium",
      "color": "red",
      "center": [
        103,
        156
      ],
      "bbox": {
        "x_min": 88,
        "y_min": 134,
        "x_max": 118,
        "y_max": 178
      }
    },
    {
      "id": 1,
      "shape": "rectangle",
      "size": "large",
      "color": "green",
      "center": [
        91,
        71
      ],
      "bbox": {
        "x_min": 71,
        "y_min": 41,
        "x_max": 111,
        "y_max": 101
      }
    }
  ],
  "relations": [
    {
      "subject_id": 0,
      "object_id": 1,
      "relation": "above",
      "explicit": false
    }
  ]
}