{
  "image_id": 185,
  "image_filename": "image_00185.png",
  "num_entities": 3,
  "entities": [
    {
      "id": 0,
      "shape": "circle",
      "size": "medium",
      "color": "orange",
      "center": [
        77,
        77
      ],
      "bbox": {
        "x_min": 47,
        "y_min": 47,
        "x_max": 107,
        "y_max": 107
      }
    },
    {
      "id": 1,
      "shape": "rectangle",
      "size": "small",
      "color": "purple",
      "center": [
        81,
        146
      ],
      "bbox": {
        "x_min": 71,
        "y_min": 131,
        "x_max": 91,
        "y_max": 161
      }
    },
    {
      "id": 2,
      "shape": "triangle",
      "size": "large",
      "color": "blue",
      "center": [
        174,
        114
      ],
      "bbox": {
        "x_min": 139,
        "y_min": 74,
        "x_max": 208,
        "y_max": 134
      }
    }
  ],
  "relations": [
    {
      "subject_id": 0,
      "object_id": 1,
      "relation": "below",
      "explicit": true
    },
    {
      "subject_id": 0,
      "object_id": 2,
      "relation": "right_of",
      "explicit": false
    },
    {
      "subject_id": 1,
      "object_id": 2,
      "relation": "right_of",
      "explicit": false
    }
  ]
}