{
  "image_id": 154,
  "image_filename": "image_00154.png",
  "num_entities": 3,
  "entities": [
    {
      "id": 0,
      "shape": "triangle",
      "size": "medium",
      "color": "yellow",
      "center": [
        138,
        85
      ],
      "bbox": {
        "x_min": 112,
        "y_min": 55,
        "x_max": 163,
        "y_max": 100
      }
    },
    {
      "id": 1,
      "shape": "triangle",
      "size": "large",
      "color": "purple",
      "center": [
        108,
        166
      ],
      "bbox": {
        "x_min": 73,
        "y_min": 126,
        "x_max": 142,
        "y_max": 186
      }
    },
    {
      "id": 2,
      "shape": "rectangle",
      "size": "large",
      "color": "magenta",
      "center": [
        60,
        60
      ],
      "bbox": {
        "x_min": 40,
        "y_min": 30,
        "x_max": 80,
        "y_max": 90
      }
    }
  ],
  "relations": [
    {
      "subject_id": 0,
      "object_id": 1,
      "relation": "below",
      "explicit": true
    },
    {
      "subject_id": 0,
      "object_id": 2,
      "relation": "left_of",
      "explicit": false
    },
    {
      "subject_id": 1,
      "object_id": 2,
      "relation": "above",
      "explicit": false
    }
  ]
}