{
  "image_id": 146,
  "image_filename": "image_00146.png",
  "num_entities": 2,
  "entities": [
    {
      "id": 0,
      "shape": "square",
      "size": "small",
      "color": "green",
      "center": [
        82,
        147
      ],
      "bbox": {
        "x_min": 62,
        "y_min": 127,
        "x_max": 102,
        "y_max": 167
      }
    },
    {
      "id": 1,
      "shape": "square",
      "size": "large",
      "color": "orange",
      "center": [
        152,
        84
      ],
      "bbox": {
        "x_min": 112,
        "y_min": 44,
        "x_max": 192,
        "y_max": 124
      }
    }
  ],
  "relations": [
    {
      "subject_id": 0,
      "object_id": 1,
      "relation": "right_of",
      "explicit": false
    }
  ]
}