{
  "image_id": 389,
  "image_filename": "image_00389.png",
  "num_entities": 2,
  "entities": [
    {
      "id": 0,
      "shape": "triangle",
      "size": "medium",
      "color": "blue",
      "center": [
        156,
        114
      ],
      "bbox": {
        "x_min": 130,
        "y_min": 84,
        "x_max": 181,
        "y_max": 129
      }
    },
    {
      "id": 1,
      "shape": "circle",
      "size": "medium",
      "color": "cyan",
      "center": [
        58,
        69
      ],
      "bbox": {
        "x_min": 28,
        "y_min": 39,
        "x_max": 88,
        "y_max": 99
      }
    }
  ],
  "relations": [
    {
      "subject_id": 0,
      "object_id": 1,
      "relation": "left_of",
      "explicit": false
    }
  ]
}