{
  "image_id": 386,
  "image_filename": "image_00386.png",
  "num_entities": 4,
  "entities": [
    {
      "id": 0,
      "shape": "triangle",
      "size": "large",
      "color": "red",
      "center": [
        152,
        130
      ],
      "bbox": {
        "x_min": 117,
        "y_min": 90,
        "x_max": 186,
        "y_max": 150
      }
    },
    {
      "id": 1,
      "shape": "triangle",
      "size": "large",
      "color": "cyan",
      "center": [
        67,
        50
      ],
      "bbox": {
        "x_min": 32,
        "y_min": 10,
        "x_max": 101,
        "y_max": 70
      }
    },
    {
      "id": 2,
      "shape": "circle",
      "size": "small",
      "color": "yellow",
      "center": [
        168,
        56
      ],
      "bbox": {
        "x_min": 148,
        "y_min": 36,
        "x_max": 188,
        "y_max": 76
      }
    },
    {
      "id": 3,
      "shape": "triangle",
      "size": "small",
      "color": "cyan",
      "center": [
        78,
        125
      ],
      "bbox": {
        "x_min": 60,
        "y_min": 105,
        "x_max": 95,
        "y_max": 135
      }
    }
  ],
  "relations": [
    {
      "subject_id": 0,
      "object_id": 1,
      "relation": "left_of",
      "explicit": true
    },
    {
      "subject_id": 0,
      "object_id": 2,
      "relation": "above",
      "explicit": true
    },
    {
      "subject_id": 0,
      "object_id": 3,
      "relation": "left_of",
      "explicit": false
    },
    {
      "subject_id": 1,
      "object_id": 2,
      "relation": "right_of",
      "explicit": true
    },
    {
      "subject_id": 1,
      "object_id": 3,
      "relation": "below",
      "explicit": false
    },
    {
      "subject_id": 2,
      "object_id": 3,
      "relation": "left_of",
      "explicit": false
    }
  ]
}