{
  "image_id": 829,
  "image_filename": "image_00829.png",
  "num_entities": 3,
  "entities": [
    {
      "id": 0,
      "shape": "triangle",
      "size": "large",
      "color": "blue",
      "center": [
        170,
        156
      ],
      "bbox": {
        "x_min": 135,
        "y_min": 116,
        "x_max": 204,
        "y_max": 176
      }
    },
    {
      "id": 1,
      "shape": "rectangle",
      "size": "large",
      "color": "green",
      "center": [
        132,
        66
      ],
      "bbox": {
        "x_min": 112,
        "y_min": 36,
        "x_max": 152,
        "y_max": 96
      }
    },
    {
      "id": 2,
      "shape": "circle",
      "size": "medium",
      "color": "cyan",
      "center": [
        75,
        125
      ],
      "bbox": {
        "x_min": 45,
        "y_min": 95,
        "x_max": 105,
        "y_max": 155
      }
    }
  ],
  "relations": [
    {
      "subject_id": 0,
      "object_id": 1,
      "relation": "above",
      "explicit": false
    },
    {
      "subject_id": 0,
      "object_id": 2,
      "relation": "left_of",
      "explicit": false
    },
    {
      "subject_id": 1,
      "object_id": 2,
      "relation": "below",
      "explicit": true
    }
  ]
}