{
  "image_id": 696,
  "image_filename": "image_00696.png",
  "num_entities": 2,
  "entities": [
    {
      "id": 0,
      "shape": "rectangle",
      "size": "medium",
      "color": "purple",
      "center": [
        73,
        103
      ],
      "bbox": {
        "x_min": 58,
        "y_min": 81,
        "x_max": 88,
        "y_max": 125
      }
    },
    {
      "id": 1,
      "shape": "rectangle",
      "size": "small",
      "color": "green",
      "center": [
        140,
        138
      ],
      "bbox": {
        "x_min": 130,
        "y_min": 123,
        "x_max": 150,
        "y_max": 153
      }
    }
  ],
  "relations": [
    {
      "subject_id": 0,
      "object_id": 1,
      "relation": "right_of",
      "explicit": true
    }
  ]
}