{
  "image_id": 348,
  "image_filename": "image_00348.png",
  "num_entities": 4,
  "entities": [
    {
      "id": 0,
      "shape": "triangle",
      "size": "small",
      "color": "blue",
      "center": [
        160,
        146
      ],
      "bbox": {
        "x_min": 142,
        "y_min": 126,
        "x_max": 177,
        "y_max": 156
      }
    },
    {
      "id": 1,
      "shape": "square",
      "size": "medium",
      "color": "purple",
      "center": [
        53,
        72
      ],
      "bbox": {
        "x_min": 23,
        "y_min": 42,
        "x_max": 83,
        "y_max": 102
      }
    },
    {
      "id": 2,
      "shape": "square",
      "size": "medium",
      "color": "purple",
      "center": [
        150,
        52
      ],
      "bbox": {
        "x_min": 120,
        "y_min": 22,
        "x_max": 180,
        "y_max": 82
      }
    },
    {
      "id": 3,
      "shape": "triangle",
      "size": "large",
      "color": "purple",
      "center": [
        65,
        164
      ],
      "bbox": {
        "x_min": 30,
        "y_min": 124,
        "x_max": 99,
        "y_max": 184
      }
    }
  ],
  "relations": [
    {
      "subject_id": 0,
      "object_id": 1,
      "relation": "left_of",
      "explicit": false
    },
    {
      "subject_id": 0,
      "object_id": 2,
      "relation": "above",
      "explicit": true
    },
    {
      "subject_id": 0,
      "object_id": 3,
      "relation": "left_of",
      "explicit": false
    },
    {
      "subject_id": 1,
      "object_id": 2,
      "relation": "right_of",
      "explicit": true
    },
    {
      "subject_id": 1,
      "object_id": 3,
      "relation": "below",
      "explicit": true
    },
    {
      "subject_id": 2,
      "object_id": 3,
      "relation": "below",
      "explicit": false
    }
  ]
}