{
  "image_id": 36,
  "image_filename": "image_00036.png",
  "num_entities": 3,
  "entities": [
    {
      "id": 0,
      "shape": "square",
      "size": "small",
      "color": "orange",
      "center": [
        135,
        166
      ],
      "bbox": {
        "x_min": 115,
        "y_min": 146,
        "x_max": 155,
        "y_max": 186
      }
    },
    {
      "id": 1,
      "shape": "square",
      "size": "small",
      "color": "red",
      "center": [
        81,
        119
      ],
      "bbox": {
        "x_min": 61,
        "y_min": 99,
        "x_max": 101,
        "y_max": 139
      }
    },
    {
      "id": 2,
      "shape": "square",
      "size": "medium",
      "color": "purple",
      "center": [
        120,
        53
      ],
      "bbox": {
        "x_min": 90,
        "y_min": 23,
        "x_max": 150,
        "y_max": 83
      }
    }
  ],
  "relations": [
    {
      "subject_id": 0,
      "object_id": 1,
      "relation": "left_of",
      "explicit": false
    },
    {
      "subject_id": 0,
      "object_id": 2,
      "relation": "above",
      "explicit": false
    },
    {
      "subject_id": 1,
      "object_id": 2,
      "relation": "above",
      "explicit": true
    }
  ]
}