{
  "image_id": 152,
  "image_filename": "image_00152.png",
  "num_entities": 3,
  "entities": [
    {
      "id": 0,
      "shape": "square",
      "size": "large",
      "color": "magenta",
      "center": [
        77,
        162
      ],
      "bbox": {
        "x_min": 37,
        "y_min": 122,
        "x_max": 117,
        "y_max": 202
      }
    },
    {
      "id": 1,
      "shape": "square",
      "size": "large",
      "color": "green",
      "center": [
        173,
        104
      ],
      "bbox": {
        "x_min": 133,
        "y_min": 64,
        "x_max": 213,
        "y_max": 144
      }
    },
    {
      "id": 2,
      "shape": "circle",
      "size": "large",
      "color": "cyan",
      "center": [
        83,
        61
      ],
      "bbox": {
        "x_min": 43,
        "y_min": 21,
        "x_max": 123,
        "y_max": 101
      }
    }
  ],
  "relations": [
    {
      "subject_id": 0,
      "object_id": 1,
      "relation": "right_of",
      "explicit": false
    },
    {
      "subject_id": 0,
      "object_id": 2,
      "relation": "above",
      "explicit": true
    },
    {
      "subject_id": 1,
      "object_id": 2,
      "relation": "left_of",
      "explicit": true
    }
  ]
}