{
  "image_id": 996,
  "image_filename": "image_00996.png",
  "num_entities": 3,
  "entities": [
    {
      "id": 0,
      "shape": "rectangle",
      "size": "large",
      "color": "green",
      "center": [
        123,
        73
      ],
      "bbox": {
        "x_min": 103,
        "y_min": 43,
        "x_max": 143,
        "y_max": 103
      }
    },
    {
      "id": 1,
      "shape": "circle",
      "size": "medium",
      "color": "purple",
      "center": [
        156,
        149
      ],
      "bbox": {
        "x_min": 126,
        "y_min": 119,
        "x_max": 186,
        "y_max": 179
      }
    },
    {
      "id": 2,
      "shape": "rectangle",
      "size": "small",
      "color": "magenta",
      "center": [
        74,
        156
      ],
      "bbox": {
        "x_min": 64,
        "y_min": 141,
        "x_max": 84,
        "y_max": 171
      }
    }
  ],
  "relations": [
    {
      "subject_id": 0,
      "object_id": 1,
      "relation": "below",
      "explicit": true
    },
    {
      "subject_id": 0,
      "object_id": 2,
      "relation": "below",
      "explicit": true
    },
    {
      "subject_id": 1,
      "object_id": 2,
      "relation": "left_of",
      "explicit": true
    }
  ]
}