{
  "image_id": 259,
  "image_filename": "image_00259.png",
  "num_entities": 3,
  "entities": [
    {
      "id": 0,
      "shape": "square",
      "size": "small",
      "color": "blue",
      "center": [
        79,
        115
      ],
      "bbox": {
        "x_min": 59,
        "y_min": 95,
        "x_max": 99,
        "y_max": 135
      }
    },
    {
      "id": 1,
      "shape": "triangle",
      "size": "small",
      "color": "cyan",
      "center": [
        140,
        124
      ],
      "bbox": {
        "x_min": 122,
        "y_min": 104,
        "x_max": 157,
        "y_max": 134
      }
    },
    {
      "id": 2,
      "shape": "rectangle",
      "size": "large",
      "color": "purple",
      "center": [
        142,
        50
      ],
      "bbox": {
        "x_min": 122,
        "y_min": 20,
        "x_max": 162,
        "y_max": 80
      }
    }
  ],
  "relations": [
    {
      "subject_id": 0,
      "object_id": 1,
      "relation": "right_of",
      "explicit": true
    },
    {
      "subject_id": 0,
      "object_id": 2,
      "relation": "above",
      "explicit": false
    },
    {
      "subject_id": 1,
      "object_id": 2,
      "relation": "above",
      "explicit": true
    }
  ]
}