{
  "image_id": 117,
  "image_filename": "image_00117.png",
  "num_entities": 4,
  "entities": [
    {
      "id": 0,
      "shape": "square",
      "size": "medium",
      "color": "green",
      "center": [
        171,
        147
      ],
      "bbox": {
        "x_min": 141,
        "y_min": 117,
        "x_max": 201,
        "y_max": 177
      }
    },
    {
      "id": 1,
      "shape": "circle",
      "size": "small",
      "color": "blue",
      "center": [
        96,
        124
      ],
      "bbox": {
        "x_min": 76,
        "y_min": 104,
        "x_max": 116,
        "y_max": 144
      }
    },
    {
      "id": 2,
      "shape": "square",
      "size": "medium",
      "color": "green",
      "center": [
        172,
        66
      ],
      "bbox": {
        "x_min": 142,
        "y_min": 36,
        "x_max": 202,
        "y_max": 96
      }
    },
    {
      "id": 3,
      "shape": "triangle",
      "size": "large",
      "color": "orange",
      "center": [
        53,
        54
      ],
      "bbox": {
        "x_min": 18,
        "y_min": 14,
        "x_max": 87,
        "y_max": 74
      }
    }
  ],
  "relations": [
    {
      "subject_id": 0,
      "object_id": 1,
      "relation": "left_of",
      "explicit": true
    },
    {
      "subject_id": 0,
      "object_id": 2,
      "relation": "above",
      "explicit": false
    },
    {
      "subject_id": 0,
      "object_id": 3,
      "relation": "left_of",
      "explicit": true
    },
    {
      "subject_id": 1,
      "object_id": 2,
      "relation": "right_of",
      "explicit": true
    },
    {
      "subject_id": 1,
      "object_id": 3,
      "relation": "above",
      "explicit": false
    },
    {
      "subject_id": 2,
      "object_id": 3,
      "relation": "left_of",
      "explicit": false
    }
  ]
}