{
  "image_id": 78,
  "image_filename": "image_00078.png",
  "num_entities": 3,
  "entities": [
    {
      "id": 0,
      "shape": "triangle",
      "size": "small",
      "color": "orange",
      "center": [
        79,
        142
      ],
      "bbox": {
        "x_min": 61,
        "y_min": 122,
        "x_max": 96,
        "y_max": 152
      }
    },
    {
      "id": 1,
      "shape": "circle",
      "size": "large",
      "color": "magenta",
      "center": [
        162,
        84
      ],
      "bbox": {
        "x_min": 122,
        "y_min": 44,
        "x_max": 202,
        "y_max": 124
      }
    },
    {
      "id": 2,
      "shape": "rectangle",
      "size": "small",
      "color": "red",
      "center": [
        69,
        72
      ],
      "bbox": {
        "x_min": 59,
        "y_min": 57,
        "x_max": 79,
        "y_max": 87
      }
    }
  ],
  "relations": [
    {
      "subject_id": 0,
      "object_id": 1,
      "relation": "right_of",
      "explicit": false
    },
    {
      "subject_id": 0,
      "object_id": 2,
      "relation": "above",
      "explicit": true
    },
    {
      "subject_id": 1,
      "object_id": 2,
      "relation": "left_of",
      "explicit": false
    }
  ]
}