{
  "image_id": 572,
  "image_filename": "image_00572.png",
  "num_entities": 4,
  "entities": [
    {
      "id": 0,
      "shape": "rectangle",
      "size": "large",
      "color": "red",
      "center": [
        149,
        68
      ],
      "bbox": {
        "x_min": 129,
        "y_min": 38,
        "x_max": 169,
        "y_max": 98
      }
    },
    {
      "id": 1,
      "shape": "triangle",
      "size": "medium",
      "color": "cyan",
      "center": [
        137,
        149
      ],
      "bbox": {
        "x_min": 111,
        "y_min": 119,
        "x_max": 162,
        "y_max": 164
      }
    },
    {
      "id": 2,
      "shape": "circle",
      "size": "small",
      "color": "orange",
      "center": [
        68,
        87
      ],
      "bbox": {
        "x_min": 48,
        "y_min": 67,
        "x_max": 88,
        "y_max": 107
      }
    },
    {
      "id": 3,
      "shape": "rectangle",
      "size": "medium",
      "color": "blue",
      "center": [
        56,
        167
      ],
      "bbox": {
        "x_min": 41,
        "y_min": 145,
        "x_max": 71,
        "y_max": 189
      }
    }
  ],
  "relations": [
    {
      "subject_id": 0,
      "object_id": 1,
      "relation": "below",
      "explicit": true
    },
    {
      "subject_id": 0,
      "object_id": 2,
      "relation": "left_of",
      "explicit": false
    },
    {
      "subject_id": 0,
      "object_id": 3,
      "relation": "below",
      "explicit": true
    },
    {
      "subject_id": 1,
      "object_id": 2,
      "relation": "left_of",
      "explicit": true
    },
    {
      "subject_id": 1,
      "object_id": 3,
      "relation": "left_of",
      "explicit": false
    },
    {
      "subject_id": 2,
      "object_id": 3,
      "relation": "below",
      "explicit": true
    }
  ]
}