{
  "image_id": 467,
  "image_filename": "image_00467.png",
  "num_entities": 3,
  "entities": [
    {
      "id": 0,
      "shape": "rectangle",
      "size": "large",
      "color": "cyan",
      "center": [
        143,
        112
      ],
      "bbox": {
        "x_min": 123,
        "y_min": 82,
        "x_max": 163,
        "y_max": 142
      }
    },
    {
      "id": 1,
      "shape": "circle",
      "size": "large",
      "color": "red",
      "center": [
        57,
        81
      ],
      "bbox": {
        "x_min": 17,
        "y_min": 41,
        "x_max": 97,
        "y_max": 121
      }
    },
    {
      "id": 2,
      "shape": "rectangle",
      "size": "medium",
      "color": "green",
      "center": [
        70,
        169
      ],
      "bbox": {
        "x_min": 55,
        "y_min": 147,
        "x_max": 85,
        "y_max": 191
      }
    }
  ],
  "relations": [
    {
      "subject_id": 0,
      "object_id": 1,
      "relation": "left_of",
      "explicit": true
    },
    {
      "subject_id": 0,
      "object_id": 2,
      "relation": "left_of",
      "explicit": false
    },
    {
      "subject_id": 1,
      "object_id": 2,
      "relation": "below",
      "explicit": true
    }
  ]
}