{
  "image_id": 729,
  "image_filename": "image_00729.png",
  "num_entities": 3,
  "entities": [
    {
      "id": 0,
      "shape": "rectangle",
      "size": "small",
      "color": "magenta",
      "center": [
        123,
        159
      ],
      "bbox": {
        "x_min": 113,
        "y_min": 144,
        "x_max": 133,
        "y_max": 174
      }
    },
    {
      "id": 1,
      "shape": "triangle",
      "size": "large",
      "color": "yellow",
      "center": [
        159,
        91
      ],
      "bbox": {
        "x_min": 124,
        "y_min": 51,
        "x_max": 193,
        "y_max": 111
      }
    },
    {
      "id": 2,
      "shape": "square",
      "size": "medium",
      "color": "orange",
      "center": [
        54,
        67
      ],
      "bbox": {
        "x_min": 24,
        "y_min": 37,
        "x_max": 84,
        "y_max": 97
      }
    }
  ],
  "relations": [
    {
      "subject_id": 0,
      "object_id": 1,
      "relation": "above",
      "explicit": false
    },
    {
      "subject_id": 0,
      "object_id": 2,
      "relation": "above",
      "explicit": false
    },
    {
      "subject_id": 1,
      "object_id": 2,
      "relation": "left_of",
      "explicit": false
    }
  ]
}