{
  "image_id": 141,
  "image_filename": "image_00141.png",
  "num_entities": 3,
  "entities": [
    {
      "id": 0,
      "shape": "square",
      "size": "medium",
      "color": "magenta",
      "center": [
        51,
        99
      ],
      "bbox": {
        "x_min": 21,
        "y_min": 69,
        "x_max": 81,
        "y_max": 129
      }
    },
    {
      "id": 1,
      "shape": "rectangle",
      "size": "large",
      "color": "cyan",
      "center": [
        174,
        168
      ],
      "bbox": {
        "x_min": 154,
        "y_min": 138,
        "x_max": 194,
        "y_max": 198
      }
    },
    {
      "id": 2,
      "shape": "triangle",
      "size": "small",
      "color": "green",
      "center": [
        149,
        59
      ],
      "bbox": {
        "x_min": 131,
        "y_min": 39,
        "x_max": 166,
        "y_max": 69
      }
    }
  ],
  "relations": [
    {
      "subject_id": 0,
      "object_id": 1,
      "relation": "right_of",
      "explicit": false
    },
    {
      "subject_id": 0,
      "object_id": 2,
      "relation": "right_of",
      "explicit": false
    },
    {
      "subject_id": 1,
      "object_id": 2,
      "relation": "above",
      "explicit": true
    }
  ]
}