{
  "image_id": 792,
  "image_filename": "image_00792.png",
  "num_entities": 3,
  "entities": [
    {
      "id": 0,
      "shape": "triangle",
      "size": "small",
      "color": "green",
      "center": [
        60,
        123
      ],
      "bbox": {
        "x_min": 42,
        "y_min": 103,
        "x_max": 77,
        "y_max": 133
      }
    },
    {
      "id": 1,
      "shape": "rectangle",
      "size": "medium",
      "color": "orange",
      "center": [
        102,
        68
      ],
      "bbox": {
        "x_min": 87,
        "y_min": 46,
        "x_max": 117,
        "y_max": 90
      }
    },
    {
      "id": 2,
      "shape": "square",
      "size": "large",
      "color": "red",
      "center": [
        141,
        155
      ],
      "bbox": {
        "x_min": 101,
        "y_min": 115,
        "x_max": 181,
        "y_max": 195
      }
    }
  ],
  "relations": [
    {
      "subject_id": 0,
      "object_id": 1,
      "relation": "above",
      "explicit": true
    },
    {
      "subject_id": 0,
      "object_id": 2,
      "relation": "right_of",
      "explicit": true
    },
    {
      "subject_id": 1,
      "object_id": 2,
      "relation": "below",
      "explicit": false
    }
  ]
}