{
  "image_id": 646,
  "image_filename": "image_00646.png",
  "num_entities": 3,
  "entities": [
    {
      "id": 0,
      "shape": "circle",
      "size": "large",
      "color": "magenta",
      "center": [
        148,
        135
      ],
      "bbox": {
        "x_min": 108,
        "y_min": 95,
        "x_max": 188,
        "y_max": 175
      }
    },
    {
      "id": 1,
      "shape": "triangle",
      "size": "medium",
      "color": "purple",
      "center": [
        59,
        142
      ],
      "bbox": {
        "x_min": 33,
        "y_min": 112,
        "x_max": 84,
        "y_max": 157
      }
    },
    {
      "id": 2,
      "shape": "square",
      "size": "large",
      "color": "yellow",
      "center": [
        77,
        53
      ],
      "bbox": {
        "x_min": 37,
        "y_min": 13,
        "x_max": 117,
        "y_max": 93
      }
    }
  ],
  "relations": [
    {
      "subject_id": 0,
      "object_id": 1,
      "relation": "left_of",
      "explicit": true
    },
    {
      "subject_id": 0,
      "object_id": 2,
      "relation": "above",
      "explicit": false
    },
    {
      "subject_id": 1,
      "object_id": 2,
      "relation": "above",
      "explicit": false
    }
  ]
}