{
  "image_id": 75,
  "image_filename": "image_00075.png",
  "num_entities": 4,
  "entities": [
    {
      "id": 0,
      "shape": "circle",
      "size": "medium",
      "color": "blue",
      "center": [
        156,
        140
      ],
      "bbox": {
        "x_min": 126,
        "y_min": 110,
        "x_max": 186,
        "y_max": 170
      }
    },
    {
      "id": 1,
      "shape": "triangle",
      "size": "large",
      "color": "red",
      "center": [
        66,
        57
      ],
      "bbox": {
        "x_min": 31,
        "y_min": 17,
        "x_max": 100,
        "y_max": 77
      }
    },
    {
      "id": 2,
      "shape": "square",
      "size": "medium",
      "color": "red",
      "center": [
        92,
        172
      ],
      "bbox": {
        "x_min": 62,
        "y_min": 142,
        "x_max": 122,
        "y_max": 202
      }
    },
    {
      "id": 3,
      "shape": "rectangle",
      "size": "large",
      "color": "green",
      "center": [
        171,
        57
      ],
      "bbox": {
        "x_min": 151,
        "y_min": 27,
        "x_max": 191,
        "y_max": 87
      }
    }
  ],
  "relations": [
    {
      "subject_id": 0,
      "object_id": 1,
      "relation": "left_of",
      "explicit": false
    },
    {
      "subject_id": 0,
      "object_id": 2,
      "relation": "left_of",
      "explicit": true
    },
    {
      "subject_id": 0,
      "object_id": 3,
      "relation": "above",
      "explicit": false
    },
    {
      "subject_id": 1,
      "object_id": 2,
      "relation": "below",
      "explicit": false
    },
    {
      "subject_id": 1,
      "object_id": 3,
      "relation": "right_of",
      "explicit": true
    },
    {
      "subject_id": 2,
      "object_id": 3,
      "relation": "above",
      "explicit": false
    }
  ]
}