{
  "image_id": 134,
  "image_filename": "image_00134.png",
  "num_entities": 3,
  "entities": [
    {
      "id": 0,
      "shape": "square",
      "size": "large",
      "color": "blue",
      "center": [
        52,
        99
      ],
      "bbox": {
        "x_min": 12,
        "y_min": 59,
        "x_max": 92,
        "y_max": 139
      }
    },
    {
      "id": 1,
      "shape": "triangle",
      "size": "large",
      "color": "magenta",
      "center": [
        159,
        174
      ],
      "bbox": {
        "x_min": 124,
        "y_min": 134,
        "x_max": 193,
        "y_max": 194
      }
    },
    {
      "id": 2,
      "shape": "square",
      "size": "large",
      "color": "orange",
      "center": [
        142,
        58
      ],
      "bbox": {
        "x_min": 102,
        "y_min": 18,
        "x_max": 182,
        "y_max": 98
      }
    }
  ],
  "relations": [
    {
      "subject_id": 0,
      "object_id": 1,
      "relation": "right_of",
      "explicit": false
    },
    {
      "subject_id": 0,
      "object_id": 2,
      "relation": "right_of",
      "explicit": false
    },
    {
      "subject_id": 1,
      "object_id": 2,
      "relation": "above",
      "explicit": true
    }
  ]
}