{
  "image_id": 616,
  "image_filename": "image_00616.png",
  "num_entities": 2,
  "entities": [
    {
      "id": 0,
      "shape": "triangle",
      "size": "small",
      "color": "magenta",
      "center": [
        130,
        51
      ],
      "bbox": {
        "x_min": 112,
        "y_min": 31,
        "x_max": 147,
        "y_max": 61
      }
    },
    {
      "id": 1,
      "shape": "triangle",
      "size": "large",
      "color": "orange",
      "center": [
        153,
        141
      ],
      "bbox": {
        "x_min": 118,
        "y_min": 101,
        "x_max": 187,
        "y_max": 161
      }
    }
  ],
  "relations": [
    {
      "subject_id": 0,
      "object_id": 1,
      "relation": "below",
      "explicit": true
    }
  ]
}