{
  "image_id": 611,
  "image_filename": "image_00611.png",
  "num_entities": 3,
  "entities": [
    {
      "id": 0,
      "shape": "circle",
      "size": "small",
      "color": "magenta",
      "center": [
        103,
        114
      ],
      "bbox": {
        "x_min": 83,
        "y_min": 94,
        "x_max": 123,
        "y_max": 134
      }
    },
    {
      "id": 1,
      "shape": "circle",
      "size": "small",
      "color": "green",
      "center": [
        118,
        162
      ],
      "bbox": {
        "x_min": 98,
        "y_min": 142,
        "x_max": 138,
        "y_max": 182
      }
    },
    {
      "id": 2,
      "shape": "triangle",
      "size": "medium",
      "color": "cyan",
      "center": [
        158,
        78
      ],
      "bbox": {
        "x_min": 132,
        "y_min": 48,
        "x_max": 183,
        "y_max": 93
      }
    }
  ],
  "relations": [
    {
      "subject_id": 0,
      "object_id": 1,
      "relation": "below",
      "explicit": false
    },
    {
      "subject_id": 0,
      "object_id": 2,
      "relation": "right_of",
      "explicit": true
    },
    {
      "subject_id": 1,
      "object_id": 2,
      "relation": "above",
      "explicit": true
    }
  ]
}