{
  "image_id": 610,
  "image_filename": "image_00610.png",
  "num_entities": 3,
  "entities": [
    {
      "id": 0,
      "shape": "triangle",
      "size": "small",
      "color": "magenta",
      "center": [
        152,
        92
      ],
      "bbox": {
        "x_min": 134,
        "y_min": 72,
        "x_max": 169,
        "y_max": 102
      }
    },
    {
      "id": 1,
      "shape": "rectangle",
      "size": "large",
      "color": "red",
      "center": [
        62,
        108
      ],
      "bbox": {
        "x_min": 42,
        "y_min": 78,
        "x_max": 82,
        "y_max": 138
      }
    },
    {
      "id": 2,
      "shape": "rectangle",
      "size": "small",
      "color": "red",
      "center": [
        121,
        50
      ],
      "bbox": {
        "x_min": 111,
        "y_min": 35,
        "x_max": 131,
        "y_max": 65
      }
    }
  ],
  "relations": [
    {
      "subject_id": 0,
      "object_id": 1,
      "relation": "left_of",
      "explicit": true
    },
    {
      "subject_id": 0,
      "object_id": 2,
      "relation": "above",
      "explicit": true
    },
    {
      "subject_id": 1,
      "object_id": 2,
      "relation": "right_of",
      "explicit": false
    }
  ]
}