{
  "image_id": 850,
  "image_filename": "image_00850.png",
  "num_entities": 3,
  "entities": [
    {
      "id": 0,
      "shape": "rectangle",
      "size": "large",
      "color": "cyan",
      "center": [
        153,
        126
      ],
      "bbox": {
        "x_min": 133,
        "y_min": 96,
        "x_max": 173,
        "y_max": 156
      }
    },
    {
      "id": 1,
      "shape": "rectangle",
      "size": "small",
      "color": "orange",
      "center": [
        56,
        159
      ],
      "bbox": {
        "x_min": 46,
        "y_min": 144,
        "x_max": 66,
        "y_max": 174
      }
    },
    {
      "id": 2,
      "shape": "circle",
      "size": "small",
      "color": "orange",
      "center": [
        123,
        50
      ],
      "bbox": {
        "x_min": 103,
        "y_min": 30,
        "x_max": 143,
        "y_max": 70
      }
    }
  ],
  "relations": [
    {
      "subject_id": 0,
      "object_id": 1,
      "relation": "left_of",
      "explicit": false
    },
    {
      "subject_id": 0,
      "object_id": 2,
      "relation": "above",
      "explicit": true
    },
    {
      "subject_id": 1,
      "object_id": 2,
      "relation": "above",
      "explicit": true
    }
  ]
}