{
  "image_id": 216,
  "image_filename": "image_00216.png",
  "num_entities": 3,
  "entities": [
    {
      "id": 0,
      "shape": "circle",
      "size": "medium",
      "color": "cyan",
      "center": [
        132,
        126
      ],
      "bbox": {
        "x_min": 102,
        "y_min": 96,
        "x_max": 162,
        "y_max": 156
      }
    },
    {
      "id": 1,
      "shape": "circle",
      "size": "medium",
      "color": "cyan",
      "center": [
        78,
        172
      ],
      "bbox": {
        "x_min": 48,
        "y_min": 142,
        "x_max": 108,
        "y_max": 202
      }
    },
    {
      "id": 2,
      "shape": "circle",
      "size": "medium",
      "color": "magenta",
      "center": [
        172,
        50
      ],
      "bbox": {
        "x_min": 142,
        "y_min": 20,
        "x_max": 202,
        "y_max": 80
      }
    }
  ],
  "relations": [
    {
      "subject_id": 0,
      "object_id": 1,
      "relation": "left_of",
      "explicit": true
    },
    {
      "subject_id": 0,
      "object_id": 2,
      "relation": "above",
      "explicit": true
    },
    {
      "subject_id": 1,
      "object_id": 2,
      "relation": "above",
      "explicit": false
    }
  ]
}