{
  "image_id": 599,
  "image_filename": "image_00599.png",
  "num_entities": 5,
  "entities": [
    {
      "id": 0,
      "shape": "rectangle",
      "size": "small",
      "color": "cyan",
      "center": [
        151,
        110
      ],
      "bbox": {
        "x_min": 141,
        "y_min": 95,
        "x_max": 161,
        "y_max": 125
      }
    },
    {
      "id": 1,
      "shape": "triangle",
      "size": "small",
      "color": "magenta",
      "center": [
        127,
        167
      ],
      "bbox": {
        "x_min": 109,
        "y_min": 147,
        "x_max": 144,
        "y_max": 177
      }
    },
    {
      "id": 2,
      "shape": "circle",
      "size": "small",
      "color": "orange",
      "center": [
        90,
        76
      ],
      "bbox": {
        "x_min": 70,
        "y_min": 56,
        "x_max": 110,
        "y_max": 96
      }
    },
    {
      "id": 3,
      "shape": "triangle",
      "size": "medium",
      "color": "orange",
      "center": [
        62,
        162
      ],
      "bbox": {
        "x_min": 36,
        "y_min": 132,
        "x_max": 87,
        "y_max": 177
      }
    },
    {
      "id": 4,
      "shape": "rectangle",
      "size": "small",
      "color": "yellow",
      "center": [
        139,
        56
      ],
      "bbox": {
        "x_min": 129,
        "y_min": 41,
        "x_max": 149,
        "y_max": 71
      }
    }
  ],
  "relations": [
    {
      "subject_id": 0,
      "object_id": 1,
      "relation": "below",
      "explicit": true
    },
    {
      "subject_id": 0,
      "object_id": 2,
      "relation": "left_of",
      "explicit": false
    },
    {
      "subject_id": 0,
      "object_id": 3,
      "relation": "left_of",
      "explicit": false
    },
    {
      "subject_id": 0,
      "object_id": 4,
      "relation": "above",
      "explicit": true
    },
    {
      "subject_id": 1,
      "object_id": 2,
      "relation": "above",
      "explicit": false
    },
    {
      "subject_id": 1,
      "object_id": 3,
      "relation": "left_of",
      "explicit": true
    },
    {
      "subject_id": 1,
      "object_id": 4,
      "relation": "above",
      "explicit": false
    },
    {
      "subject_id": 2,
      "object_id": 3,
      "relation": "below",
      "explicit": false
    },
    {
      "subject_id": 2,
      "object_id": 4,
      "relation": "right_of",
      "explicit": true
    },
    {
      "subject_id": 3,
      "object_id": 4,
      "relation": "above",
      "explicit": true
    }
  ]
}