{
  "image_id": 334,
  "image_filename": "image_00334.png",
  "num_entities": 4,
  "entities": [
    {
      "id": 0,
      "shape": "rectangle",
      "size": "medium",
      "color": "purple",
      "center": [
        64,
        70
      ],
      "bbox": {
        "x_min": 49,
        "y_min": 48,
        "x_max": 79,
        "y_max": 92
      }
    },
    {
      "id": 1,
      "shape": "circle",
      "size": "large",
      "color": "cyan",
      "center": [
        146,
        169
      ],
      "bbox": {
        "x_min": 106,
        "y_min": 129,
        "x_max": 186,
        "y_max": 209
      }
    },
    {
      "id": 2,
      "shape": "triangle",
      "size": "medium",
      "color": "red",
      "center": [
        143,
        65
      ],
      "bbox": {
        "x_min": 117,
        "y_min": 35,
        "x_max": 168,
        "y_max": 80
      }
    },
    {
      "id": 3,
      "shape": "triangle",
      "size": "small",
      "color": "blue",
      "center": [
        59,
        169
      ],
      "bbox": {
        "x_min": 41,
        "y_min": 149,
        "x_max": 76,
        "y_max": 179
      }
    }
  ],
  "relations": [
    {
      "subject_id": 0,
      "object_id": 1,
      "relation": "below",
      "explicit": true
    },
    {
      "subject_id": 0,
      "object_id": 2,
      "relation": "right_of",
      "explicit": true
    },
    {
      "subject_id": 0,
      "object_id": 3,
      "relation": "below",
      "explicit": false
    },
    {
      "subject_id": 1,
      "object_id": 2,
      "relation": "above",
      "explicit": true
    },
    {
      "subject_id": 1,
      "object_id": 3,
      "relation": "left_of",
      "explicit": false
    },
    {
      "subject_id": 2,
      "object_id": 3,
      "relation": "below",
      "explicit": false
    }
  ]
}