{
  "image_id": 313,
  "image_filename": "image_00313.png",
  "num_entities": 3,
  "entities": [
    {
      "id": 0,
      "shape": "triangle",
      "size": "medium",
      "color": "red",
      "center": [
        119,
        112
      ],
      "bbox": {
        "x_min": 93,
        "y_min": 82,
        "x_max": 144,
        "y_max": 127
      }
    },
    {
      "id": 1,
      "shape": "circle",
      "size": "large",
      "color": "magenta",
      "center": [
        59,
        168
      ],
      "bbox": {
        "x_min": 19,
        "y_min": 128,
        "x_max": 99,
        "y_max": 208
      }
    },
    {
      "id": 2,
      "shape": "triangle",
      "size": "small",
      "color": "yellow",
      "center": [
        56,
        68
      ],
      "bbox": {
        "x_min": 38,
        "y_min": 48,
        "x_max": 73,
        "y_max": 78
      }
    }
  ],
  "relations": [
    {
      "subject_id": 0,
      "object_id": 1,
      "relation": "left_of",
      "explicit": true
    },
    {
      "subject_id": 0,
      "object_id": 2,
      "relation": "left_of",
      "explicit": true
    },
    {
      "subject_id": 1,
      "object_id": 2,
      "relation": "above",
      "explicit": false
    }
  ]
}