{
  "image_id": 776,
  "image_filename": "image_00776.png",
  "num_entities": 4,
  "entities": [
    {
      "id": 0,
      "shape": "circle",
      "size": "medium",
      "color": "orange",
      "center": [
        107,
        114
      ],
      "bbox": {
        "x_min": 77,
        "y_min": 84,
        "x_max": 137,
        "y_max": 144
      }
    },
    {
      "id": 1,
      "shape": "triangle",
      "size": "small",
      "color": "red",
      "center": [
        52,
        139
      ],
      "bbox": {
        "x_min": 34,
        "y_min": 119,
        "x_max": 69,
        "y_max": 149
      }
    },
    {
      "id": 2,
      "shape": "circle",
      "size": "medium",
      "color": "blue",
      "center": [
        164,
        64
      ],
      "bbox": {
        "x_min": 134,
        "y_min": 34,
        "x_max": 194,
        "y_max": 94
      }
    },
    {
      "id": 3,
      "shape": "square",
      "size": "small",
      "color": "cyan",
      "center": [
        154,
        171
      ],
      "bbox": {
        "x_min": 134,
        "y_min": 151,
        "x_max": 174,
        "y_max": 191
      }
    }
  ],
  "relations": [
    {
      "subject_id": 0,
      "object_id": 1,
      "relation": "left_of",
      "explicit": true
    },
    {
      "subject_id": 0,
      "object_id": 2,
      "relation": "right_of",
      "explicit": false
    },
    {
      "subject_id": 0,
      "object_id": 3,
      "relation": "below",
      "explicit": true
    },
    {
      "subject_id": 1,
      "object_id": 2,
      "relation": "right_of",
      "explicit": true
    },
    {
      "subject_id": 1,
      "object_id": 3,
      "relation": "right_of",
      "explicit": true
    },
    {
      "subject_id": 2,
      "object_id": 3,
      "relation": "below",
      "explicit": false
    }
  ]
}