{
  "image_id": 402,
  "image_filename": "image_00402.png",
  "num_entities": 4,
  "entities": [
    {
      "id": 0,
      "shape": "square",
      "size": "small",
      "color": "green",
      "center": [
        104,
        81
      ],
      "bbox": {
        "x_min": 84,
        "y_min": 61,
        "x_max": 124,
        "y_max": 101
      }
    },
    {
      "id": 1,
      "shape": "triangle",
      "size": "large",
      "color": "magenta",
      "center": [
        174,
        67
      ],
      "bbox": {
        "x_min": 139,
        "y_min": 27,
        "x_max": 208,
        "y_max": 87
      }
    },
    {
      "id": 2,
      "shape": "rectangle",
      "size": "small",
      "color": "orange",
      "center": [
        53,
        113
      ],
      "bbox": {
        "x_min": 43,
        "y_min": 98,
        "x_max": 63,
        "y_max": 128
      }
    },
    {
      "id": 3,
      "shape": "triangle",
      "size": "large",
      "color": "yellow",
      "center": [
        174,
        174
      ],
      "bbox": {
        "x_min": 139,
        "y_min": 134,
        "x_max": 208,
        "y_max": 194
      }
    }
  ],
  "relations": [
    {
      "subject_id": 0,
      "object_id": 1,
      "relation": "right_of",
      "explicit": false
    },
    {
      "subject_id": 0,
      "object_id": 2,
      "relation": "left_of",
      "explicit": false
    },
    {
      "subject_id": 0,
      "object_id": 3,
      "relation": "below",
      "explicit": true
    },
    {
      "subject_id": 1,
      "object_id": 2,
      "relation": "left_of",
      "explicit": true
    },
    {
      "subject_id": 1,
      "object_id": 3,
      "relation": "below",
      "explicit": false
    },
    {
      "subject_id": 2,
      "object_id": 3,
      "relation": "right_of",
      "explicit": false
    }
  ]
}