{
  "image_id": 565,
  "image_filename": "image_00565.png",
  "num_entities": 2,
  "entities": [
    {
      "id": 0,
      "shape": "rectangle",
      "size": "large",
      "color": "orange",
      "center": [
        90,
        103
      ],
      "bbox": {
        "x_min": 70,
        "y_min": 73,
        "x_max": 110,
        "y_max": 133
      }
    },
    {
      "id": 1,
      "shape": "circle",
      "size": "small",
      "color": "orange",
      "center": [
        140,
        172
      ],
      "bbox": {
        "x_min": 120,
        "y_min": 152,
        "x_max": 160,
        "y_max": 192
      }
    }
  ],
  "relations": [
    {
      "subject_id": 0,
      "object_id": 1,
      "relation": "below",
      "explicit": false
    }
  ]
}