{
  "image_id": 256,
  "image_filename": "image_00256.png",
  "num_entities": 4,
  "entities": [
    {
      "id": 0,
      "shape": "circle",
      "size": "small",
      "color": "blue",
      "center": [
        83,
        69
      ],
      "bbox": {
        "x_min": 63,
        "y_min": 49,
        "x_max": 103,
        "y_max": 89
      }
    },
    {
      "id": 1,
      "shape": "rectangle",
      "size": "large",
      "color": "purple",
      "center": [
        130,
        150
      ],
      "bbox": {
        "x_min": 110,
        "y_min": 120,
        "x_max": 150,
        "y_max": 180
      }
    },
    {
      "id": 2,
      "shape": "rectangle",
      "size": "medium",
      "color": "cyan",
      "center": [
        143,
        60
      ],
      "bbox": {
        "x_min": 128,
        "y_min": 38,
        "x_max": 158,
        "y_max": 82
      }
    },
    {
      "id": 3,
      "shape": "square",
      "size": "small",
      "color": "cyan",
      "center": [
        51,
        121
      ],
      "bbox": {
        "x_min": 31,
        "y_min": 101,
        "x_max": 71,
        "y_max": 141
      }
    }
  ],
  "relations": [
    {
      "subject_id": 0,
      "object_id": 1,
      "relation": "below",
      "explicit": false
    },
    {
      "subject_id": 0,
      "object_id": 2,
      "relation": "right_of",
      "explicit": true
    },
    {
      "subject_id": 0,
      "object_id": 3,
      "relation": "below",
      "explicit": true
    },
    {
      "subject_id": 1,
      "object_id": 2,
      "relation": "above",
      "explicit": false
    },
    {
      "subject_id": 1,
      "object_id": 3,
      "relation": "left_of",
      "explicit": true
    },
    {
      "subject_id": 2,
      "object_id": 3,
      "relation": "left_of",
      "explicit": false
    }
  ]
}