{
  "image_id": 542,
  "image_filename": "image_00542.png",
  "num_entities": 2,
  "entities": [
    {
      "id": 0,
      "shape": "circle",
      "size": "small",
      "color": "red",
      "center": [
        85,
        60
      ],
      "bbox": {
        "x_min": 65,
        "y_min": 40,
        "x_max": 105,
        "y_max": 80
      }
    },
    {
      "id": 1,
      "shape": "rectangle",
      "size": "medium",
      "color": "yellow",
      "center": [
        146,
        132
      ],
      "bbox": {
        "x_min": 131,
        "y_min": 110,
        "x_max": 161,
        "y_max": 154
      }
    }
  ],
  "relations": [
    {
      "subject_id": 0,
      "object_id": 1,
      "relation": "below",
      "explicit": false
    }
  ]
}