{
  "image_id": 667,
  "image_filename": "image_00667.png",
  "num_entities": 3,
  "entities": [
    {
      "id": 0,
      "shape": "triangle",
      "size": "small",
      "color": "magenta",
      "center": [
        113,
        71
      ],
      "bbox": {
        "x_min": 95,
        "y_min": 51,
        "x_max": 130,
        "y_max": 81
      }
    },
    {
      "id": 1,
      "shape": "rectangle",
      "size": "large",
      "color": "green",
      "center": [
        61,
        163
      ],
      "bbox": {
        "x_min": 41,
        "y_min": 133,
        "x_max": 81,
        "y_max": 193
      }
    },
    {
      "id": 2,
      "shape": "circle",
      "size": "medium",
      "color": "orange",
      "center": [
        165,
        130
      ],
      "bbox": {
        "x_min": 135,
        "y_min": 100,
        "x_max": 195,
        "y_max": 160
      }
    }
  ],
  "relations": [
    {
      "subject_id": 0,
      "object_id": 1,
      "relation": "below",
      "explicit": true
    },
    {
      "subject_id": 0,
      "object_id": 2,
      "relation": "below",
      "explicit": true
    },
    {
      "subject_id": 1,
      "object_id": 2,
      "relation": "right_of",
      "explicit": true
    }
  ]
}