{
  "image_id": 358,
  "image_filename": "image_00358.png",
  "num_entities": 4,
  "entities": [
    {
      "id": 0,
      "shape": "rectangle",
      "size": "small",
      "color": "blue",
      "center": [
        89,
        75
      ],
      "bbox": {
        "x_min": 79,
        "y_min": 60,
        "x_max": 99,
        "y_max": 90
      }
    },
    {
      "id": 1,
      "shape": "circle",
      "size": "small",
      "color": "orange",
      "center": [
        142,
        79
      ],
      "bbox": {
        "x_min": 122,
        "y_min": 59,
        "x_max": 162,
        "y_max": 99
      }
    },
    {
      "id": 2,
      "shape": "square",
      "size": "medium",
      "color": "yellow",
      "center": [
        58,
        157
      ],
      "bbox": {
        "x_min": 28,
        "y_min": 127,
        "x_max": 88,
        "y_max": 187
      }
    },
    {
      "id": 3,
      "shape": "circle",
      "size": "small",
      "color": "magenta",
      "center": [
        164,
        143
      ],
      "bbox": {
        "x_min": 144,
        "y_min": 123,
        "x_max": 184,
        "y_max": 163
      }
    }
  ],
  "relations": [
    {
      "subject_id": 0,
      "object_id": 1,
      "relation": "right_of",
      "explicit": true
    },
    {
      "subject_id": 0,
      "object_id": 2,
      "relation": "below",
      "explicit": true
    },
    {
      "subject_id": 0,
      "object_id": 3,
      "relation": "right_of",
      "explicit": true
    },
    {
      "subject_id": 1,
      "object_id": 2,
      "relation": "left_of",
      "explicit": false
    },
    {
      "subject_id": 1,
      "object_id": 3,
      "relation": "below",
      "explicit": false
    },
    {
      "subject_id": 2,
      "object_id": 3,
      "relation": "right_of",
      "explicit": true
    }
  ]
}