{
  "image_id": 957,
  "image_filename": "image_00957.png",
  "num_entities": 4,
  "entities": [
    {
      "id": 0,
      "shape": "rectangle",
      "size": "small",
      "color": "purple",
      "center": [
        113,
        83
      ],
      "bbox": {
        "x_min": 103,
        "y_min": 68,
        "x_max": 123,
        "y_max": 98
      }
    },
    {
      "id": 1,
      "shape": "circle",
      "size": "medium",
      "color": "red",
      "center": [
        119,
        156
      ],
      "bbox": {
        "x_min": 89,
        "y_min": 126,
        "x_max": 149,
        "y_max": 186
      }
    },
    {
      "id": 2,
      "shape": "triangle",
      "size": "small",
      "color": "blue",
      "center": [
        163,
        83
      ],
      "bbox": {
        "x_min": 145,
        "y_min": 63,
        "x_max": 180,
        "y_max": 93
      }
    },
    {
      "id": 3,
      "shape": "rectangle",
      "size": "small",
      "color": "red",
      "center": [
        50,
        104
      ],
      "bbox": {
        "x_min": 40,
        "y_min": 89,
        "x_max": 60,
        "y_max": 119
      }
    }
  ],
  "relations": [
    {
      "subject_id": 0,
      "object_id": 1,
      "relation": "below",
      "explicit": false
    },
    {
      "subject_id": 0,
      "object_id": 2,
      "relation": "right_of",
      "explicit": true
    },
    {
      "subject_id": 0,
      "object_id": 3,
      "relation": "left_of",
      "explicit": true
    },
    {
      "subject_id": 1,
      "object_id": 2,
      "relation": "above",
      "explicit": true
    },
    {
      "subject_id": 1,
      "object_id": 3,
      "relation": "left_of",
      "explicit": true
    },
    {
      "subject_id": 2,
      "object_id": 3,
      "relation": "left_of",
      "explicit": true
    }
  ]
}