{
  "image_id": 258,
  "image_filename": "image_00258.png",
  "num_entities": 4,
  "entities": [
    {
      "id": 0,
      "shape": "circle",
      "size": "medium",
      "color": "red",
      "center": [
        77,
        81
      ],
      "bbox": {
        "x_min": 47,
        "y_min": 51,
        "x_max": 107,
        "y_max": 111
      }
    },
    {
      "id": 1,
      "shape": "triangle",
      "size": "medium",
      "color": "yellow",
      "center": [
        157,
        166
      ],
      "bbox": {
        "x_min": 131,
        "y_min": 136,
        "x_max": 182,
        "y_max": 181
      }
    },
    {
      "id": 2,
      "shape": "square",
      "size": "medium",
      "color": "purple",
      "center": [
        67,
        162
      ],
      "bbox": {
        "x_min": 37,
        "y_min": 132,
        "x_max": 97,
        "y_max": 192
      }
    },
    {
      "id": 3,
      "shape": "triangle",
      "size": "large",
      "color": "green",
      "center": [
        159,
        59
      ],
      "bbox": {
        "x_min": 124,
        "y_min": 19,
        "x_max": 193,
        "y_max": 79
      }
    }
  ],
  "relations": [
    {
      "subject_id": 0,
      "object_id": 1,
      "relation": "below",
      "explicit": false
    },
    {
      "subject_id": 0,
      "object_id": 2,
      "relation": "below",
      "explicit": false
    },
    {
      "subject_id": 0,
      "object_id": 3,
      "relation": "right_of",
      "explicit": true
    },
    {
      "subject_id": 1,
      "object_id": 2,
      "relation": "left_of",
      "explicit": false
    },
    {
      "subject_id": 1,
      "object_id": 3,
      "relation": "above",
      "explicit": true
    },
    {
      "subject_id": 2,
      "object_id": 3,
      "relation": "above",
      "explicit": true
    }
  ]
}