{
  "image_id": 111,
  "image_filename": "image_00111.png",
  "num_entities": 5,
  "entities": [
    {
      "id": 0,
      "shape": "circle",
      "size": "small",
      "color": "purple",
      "center": [
        58,
        60
      ],
      "bbox": {
        "x_min": 38,
        "y_min": 40,
        "x_max": 78,
        "y_max": 80
      }
    },
    {
      "id": 1,
      "shape": "triangle",
      "size": "medium",
      "color": "magenta",
      "center": [
        110,
        131
      ],
      "bbox": {
        "x_min": 84,
        "y_min": 101,
        "x_max": 135,
        "y_max": 146
      }
    },
    {
      "id": 2,
      "shape": "circle",
      "size": "small",
      "color": "purple",
      "center": [
        114,
        53
      ],
      "bbox": {
        "x_min": 94,
        "y_min": 33,
        "x_max": 134,
        "y_max": 73
      }
    },
    {
      "id": 3,
      "shape": "circle",
      "size": "medium",
      "color": "purple",
      "center": [
        170,
        75
      ],
      "bbox": {
        "x_min": 140,
        "y_min": 45,
        "x_max": 200,
        "y_max": 105
      }
    },
    {
      "id": 4,
      "shape": "square",
      "size": "medium",
      "color": "orange",
      "center": [
        52,
        171
      ],
      "bbox": {
        "x_min": 22,
        "y_min": 141,
        "x_max": 82,
        "y_max": 201
      }
    }
  ],
  "relations": [
    {
      "subject_id": 0,
      "object_id": 1,
      "relation": "below",
      "explicit": false
    },
    {
      "subject_id": 0,
      "object_id": 2,
      "relation": "right_of",
      "explicit": true
    },
    {
      "subject_id": 0,
      "object_id": 3,
      "relation": "right_of",
      "explicit": true
    },
    {
      "subject_id": 0,
      "object_id": 4,
      "relation": "below",
      "explicit": false
    },
    {
      "subject_id": 1,
      "object_id": 2,
      "relation": "above",
      "explicit": false
    },
    {
      "subject_id": 1,
      "object_id": 3,
      "relation": "right_of",
      "explicit": true
    },
    {
      "subject_id": 1,
      "object_id": 4,
      "relation": "left_of",
      "explicit": true
    },
    {
      "subject_id": 2,
      "object_id": 3,
      "relation": "right_of",
      "explicit": true
    },
    {
      "subject_id": 2,
      "object_id": 4,
      "relation": "below",
      "explicit": true
    },
    {
      "subject_id": 3,
      "object_id": 4,
      "relation": "left_of",
      "explicit": true
    }
  ]
}