{
  "image_id": 686,
  "image_filename": "image_00686.png",
  "num_entities": 3,
  "entities": [
    {
      "id": 0,
      "shape": "square",
      "size": "large",
      "color": "magenta",
      "center": [
        87,
        68
      ],
      "bbox": {
        "x_min": 47,
        "y_min": 28,
        "x_max": 127,
        "y_max": 108
      }
    },
    {
      "id": 1,
      "shape": "square",
      "size": "medium",
      "color": "purple",
      "center": [
        170,
        157
      ],
      "bbox": {
        "x_min": 140,
        "y_min": 127,
        "x_max": 200,
        "y_max": 187
      }
    },
    {
      "id": 2,
      "shape": "circle",
      "size": "medium",
      "color": "red",
      "center": [
        94,
        171
      ],
      "bbox": {
        "x_min": 64,
        "y_min": 141,
        "x_max": 124,
        "y_max": 201
      }
    }
  ],
  "relations": [
    {
      "subject_id": 0,
      "object_id": 1,
      "relation": "below",
      "explicit": false
    },
    {
      "subject_id": 0,
      "object_id": 2,
      "relation": "below",
      "explicit": false
    },
    {
      "subject_id": 1,
      "object_id": 2,
      "relation": "left_of",
      "explicit": false
    }
  ]
}