{
  "image_id": 739,
  "image_filename": "image_00739.png",
  "num_entities": 3,
  "entities": [
    {
      "id": 0,
      "shape": "square",
      "size": "medium",
      "color": "purple",
      "center": [
        66,
        68
      ],
      "bbox": {
        "x_min": 36,
        "y_min": 38,
        "x_max": 96,
        "y_max": 98
      }
    },
    {
      "id": 1,
      "shape": "rectangle",
      "size": "medium",
      "color": "red",
      "center": [
        110,
        151
      ],
      "bbox": {
        "x_min": 95,
        "y_min": 129,
        "x_max": 125,
        "y_max": 173
      }
    },
    {
      "id": 2,
      "shape": "rectangle",
      "size": "small",
      "color": "cyan",
      "center": [
        150,
        93
      ],
      "bbox": {
        "x_min": 140,
        "y_min": 78,
        "x_max": 160,
        "y_max": 108
      }
    }
  ],
  "relations": [
    {
      "subject_id": 0,
      "object_id": 1,
      "relation": "below",
      "explicit": false
    },
    {
      "subject_id": 0,
      "object_id": 2,
      "relation": "right_of",
      "explicit": false
    },
    {
      "subject_id": 1,
      "object_id": 2,
      "relation": "above",
      "explicit": true
    }
  ]
}