{
  "image_id": 598,
  "image_filename": "image_00598.png",
  "num_entities": 3,
  "entities": [
    {
      "id": 0,
      "shape": "rectangle",
      "size": "large",
      "color": "magenta",
      "center": [
        136,
        69
      ],
      "bbox": {
        "x_min": 116,
        "y_min": 39,
        "x_max": 156,
        "y_max": 99
      }
    },
    {
      "id": 1,
      "shape": "rectangle",
      "size": "medium",
      "color": "magenta",
      "center": [
        51,
        97
      ],
      "bbox": {
        "x_min": 36,
        "y_min": 75,
        "x_max": 66,
        "y_max": 119
      }
    },
    {
      "id": 2,
      "shape": "circle",
      "size": "medium",
      "color": "orange",
      "center": [
        55,
        170
      ],
      "bbox": {
        "x_min": 25,
        "y_min": 140,
        "x_max": 85,
        "y_max": 200
      }
    }
  ],
  "relations": [
    {
      "subject_id": 0,
      "object_id": 1,
      "relation": "left_of",
      "explicit": true
    },
    {
      "subject_id": 0,
      "object_id": 2,
      "relation": "below",
      "explicit": true
    },
    {
      "subject_id": 1,
      "object_id": 2,
      "relation": "below",
      "explicit": true
    }
  ]
}