{
  "image_id": 217,
  "image_filename": "image_00217.png",
  "num_entities": 2,
  "entities": [
    {
      "id": 0,
      "shape": "square",
      "size": "large",
      "color": "yellow",
      "center": [
        168,
        113
      ],
      "bbox": {
        "x_min": 128,
        "y_min": 73,
        "x_max": 208,
        "y_max": 153
      }
    },
    {
      "id": 1,
      "shape": "square",
      "size": "small",
      "color": "magenta",
      "center": [
        83,
        55
      ],
      "bbox": {
        "x_min": 63,
        "y_min": 35,
        "x_max": 103,
        "y_max": 75
      }
    }
  ],
  "relations": [
    {
      "subject_id": 0,
      "object_id": 1,
      "relation": "left_of",
      "explicit": true
    }
  ]
}