{
  "image_id": 603,
  "image_filename": "image_00603.png",
  "num_entities": 4,
  "entities": [
    {
      "id": 0,
      "shape": "triangle",
      "size": "large",
      "color": "red",
      "center": [
        87,
        83
      ],
      "bbox": {
        "x_min": 52,
        "y_min": 43,
        "x_max": 121,
        "y_max": 103
      }
    },
    {
      "id": 1,
      "shape": "rectangle",
      "size": "medium",
      "color": "blue",
      "center": [
        55,
        159
      ],
      "bbox": {
        "x_min": 40,
        "y_min": 137,
        "x_max": 70,
        "y_max": 181
      }
    },
    {
      "id": 2,
      "shape": "rectangle",
      "size": "medium",
      "color": "yellow",
      "center": [
        171,
        130
      ],
      "bbox": {
        "x_min": 156,
        "y_min": 108,
        "x_max": 186,
        "y_max": 152
      }
    },
    {
      "id": 3,
      "shape": "triangle",
      "size": "small",
      "color": "purple",
      "center": [
        161,
        63
      ],
      "bbox": {
        "x_min": 143,
        "y_min": 43,
        "x_max": 178,
        "y_max": 73
      }
    }
  ],
  "relations": [
    {
      "subject_id": 0,
      "object_id": 1,
      "relation": "below",
      "explicit": true
    },
    {
      "subject_id": 0,
      "object_id": 2,
      "relation": "right_of",
      "explicit": true
    },
    {
      "subject_id": 0,
      "object_id": 3,
      "relation": "right_of",
      "explicit": false
    },
    {
      "subject_id": 1,
      "object_id": 2,
      "relation": "right_of",
      "explicit": false
    },
    {
      "subject_id": 1,
      "object_id": 3,
      "relation": "right_of",
      "explicit": true
    },
    {
      "subject_id": 2,
      "object_id": 3,
      "relation": "above",
      "explicit": true
    }
  ]
}