{
  "image_id": 289,
  "image_filename": "image_00289.png",
  "num_entities": 3,
  "entities": [
    {
      "id": 0,
      "shape": "square",
      "size": "large",
      "color": "magenta",
      "center": [
        64,
        153
      ],
      "bbox": {
        "x_min": 24,
        "y_min": 113,
        "x_max": 104,
        "y_max": 193
      }
    },
    {
      "id": 1,
      "shape": "triangle",
      "size": "medium",
      "color": "orange",
      "center": [
        159,
        73
      ],
      "bbox": {
        "x_min": 133,
        "y_min": 43,
        "x_max": 184,
        "y_max": 88
      }
    },
    {
      "id": 2,
      "shape": "rectangle",
      "size": "large",
      "color": "blue",
      "center": [
        76,
        62
      ],
      "bbox": {
        "x_min": 56,
        "y_min": 32,
        "x_max": 96,
        "y_max": 92
      }
    }
  ],
  "relations": [
    {
      "subject_id": 0,
      "object_id": 1,
      "relation": "right_of",
      "explicit": false
    },
    {
      "subject_id": 0,
      "object_id": 2,
      "relation": "above",
      "explicit": false
    },
    {
      "subject_id": 1,
      "object_id": 2,
      "relation": "left_of",
      "explicit": true
    }
  ]
}