{
  "image_id": 423,
  "image_filename": "image_00423.png",
  "num_entities": 2,
  "entities": [
    {
      "id": 0,
      "shape": "rectangle",
      "size": "medium",
      "color": "cyan",
      "center": [
        160,
        119
      ],
      "bbox": {
        "x_min": 145,
        "y_min": 97,
        "x_max": 175,
        "y_max": 141
      }
    },
    {
      "id": 1,
      "shape": "circle",
      "size": "medium",
      "color": "blue",
      "center": [
        57,
        119
      ],
      "bbox": {
        "x_min": 27,
        "y_min": 89,
        "x_max": 87,
        "y_max": 149
      }
    }
  ],
  "relations": [
    {
      "subject_id": 0,
      "object_id": 1,
      "relation": "left_of",
      "explicit": false
    }
  ]
}