{
  "image_id": 522,
  "image_filename": "image_00522.png",
  "num_entities": 4,
  "entities": [
    {
      "id": 0,
      "shape": "circle",
      "size": "medium",
      "color": "magenta",
      "center": [
        90,
        173
      ],
      "bbox": {
        "x_min": 60,
        "y_min": 143,
        "x_max": 120,
        "y_max": 203
      }
    },
    {
      "id": 1,
      "shape": "square",
      "size": "small",
      "color": "red",
      "center": [
        154,
        102
      ],
      "bbox": {
        "x_min": 134,
        "y_min": 82,
        "x_max": 174,
        "y_max": 122
      }
    },
    {
      "id": 2,
      "shape": "rectangle",
      "size": "large",
      "color": "orange",
      "center": [
        77,
        92
      ],
      "bbox": {
        "x_min": 57,
        "y_min": 62,
        "x_max": 97,
        "y_max": 122
      }
    },
    {
      "id": 3,
      "shape": "square",
      "size": "small",
      "color": "blue",
      "center": [
        150,
        156
      ],
      "bbox": {
        "x_min": 130,
        "y_min": 136,
        "x_max": 170,
        "y_max": 176
      }
    }
  ],
  "relations": [
    {
      "subject_id": 0,
      "object_id": 1,
      "relation": "above",
      "explicit": false
    },
    {
      "subject_id": 0,
      "object_id": 2,
      "relation": "above",
      "explicit": true
    },
    {
      "subject_id": 0,
      "object_id": 3,
      "relation": "right_of",
      "explicit": false
    },
    {
      "subject_id": 1,
      "object_id": 2,
      "relation": "left_of",
      "explicit": true
    },
    {
      "subject_id": 1,
      "object_id": 3,
      "relation": "below",
      "explicit": true
    },
    {
      "subject_id": 2,
      "object_id": 3,
      "relation": "right_of",
      "explicit": true
    }
  ]
}