{
  "image_id": 372,
  "image_filename": "image_00372.png",
  "num_entities": 3,
  "entities": [
    {
      "id": 0,
      "shape": "rectangle",
      "size": "small",
      "color": "yellow",
      "center": [
        125,
        105
      ],
      "bbox": {
        "x_min": 115,
        "y_min": 90,
        "x_max": 135,
        "y_max": 120
      }
    },
    {
      "id": 1,
      "shape": "triangle",
      "size": "large",
      "color": "red",
      "center": [
        60,
        139
      ],
      "bbox": {
        "x_min": 25,
        "y_min": 99,
        "x_max": 94,
        "y_max": 159
      }
    },
    {
      "id": 2,
      "shape": "triangle",
      "size": "small",
      "color": "green",
      "center": [
        138,
        154
      ],
      "bbox": {
        "x_min": 120,
        "y_min": 134,
        "x_max": 155,
        "y_max": 164
      }
    }
  ],
  "relations": [
    {
      "subject_id": 0,
      "object_id": 1,
      "relation": "left_of",
      "explicit": true
    },
    {
      "subject_id": 0,
      "object_id": 2,
      "relation": "below",
      "explicit": false
    },
    {
      "subject_id": 1,
      "object_id": 2,
      "relation": "right_of",
      "explicit": false
    }
  ]
}