{
  "image_id": 998,
  "image_filename": "image_00998.png",
  "num_entities": 3,
  "entities": [
    {
      "id": 0,
      "shape": "circle",
      "size": "large",
      "color": "orange",
      "center": [
        139,
        126
      ],
      "bbox": {
        "x_min": 99,
        "y_min": 86,
        "x_max": 179,
        "y_max": 166
      }
    },
    {
      "id": 1,
      "shape": "circle",
      "size": "large",
      "color": "green",
      "center": [
        71,
        64
      ],
      "bbox": {
        "x_min": 31,
        "y_min": 24,
        "x_max": 111,
        "y_max": 104
      }
    },
    {
      "id": 2,
      "shape": "rectangle",
      "size": "large",
      "color": "magenta",
      "center": [
        51,
        153
      ],
      "bbox": {
        "x_min": 31,
        "y_min": 123,
        "x_max": 71,
        "y_max": 183
      }
    }
  ],
  "relations": [
    {
      "subject_id": 0,
      "object_id": 1,
      "relation": "left_of",
      "explicit": true
    },
    {
      "subject_id": 0,
      "object_id": 2,
      "relation": "left_of",
      "explicit": true
    },
    {
      "subject_id": 1,
      "object_id": 2,
      "relation": "below",
      "explicit": true
    }
  ]
}