{
  "image_id": 693,
  "image_filename": "image_00693.png",
  "num_entities": 3,
  "entities": [
    {
      "id": 0,
      "shape": "triangle",
      "size": "medium",
      "color": "orange",
      "center": [
        65,
        113
      ],
      "bbox": {
        "x_min": 39,
        "y_min": 83,
        "x_max": 90,
        "y_max": 128
      }
    },
    {
      "id": 1,
      "shape": "triangle",
      "size": "large",
      "color": "yellow",
      "center": [
        125,
        170
      ],
      "bbox": {
        "x_min": 90,
        "y_min": 130,
        "x_max": 159,
        "y_max": 190
      }
    },
    {
      "id": 2,
      "shape": "circle",
      "size": "large",
      "color": "green",
      "center": [
        171,
        70
      ],
      "bbox": {
        "x_min": 131,
        "y_min": 30,
        "x_max": 211,
        "y_max": 110
      }
    }
  ],
  "relations": [
    {
      "subject_id": 0,
      "object_id": 1,
      "relation": "right_of",
      "explicit": true
    },
    {
      "subject_id": 0,
      "object_id": 2,
      "relation": "right_of",
      "explicit": false
    },
    {
      "subject_id": 1,
      "object_id": 2,
      "relation": "above",
      "explicit": true
    }
  ]
}