{
  "image_id": 996,
  "image_filename": "image_00996.png",
  "num_entities": 2,
  "entities": [
    {
      "id": 0,
      "shape": "circle",
      "size": "large",
      "color": "magenta",
      "center": [
        120,
        102
      ],
      "bbox": {
        "x_min": 80,
        "y_min": 62,
        "x_max": 160,
        "y_max": 142
      }
    },
    {
      "id": 1,
      "shape": "square",
      "size": "medium",
      "color": "yellow",
      "center": [
        51,
        158
      ],
      "bbox": {
        "x_min": 21,
        "y_min": 128,
        "x_max": 81,
        "y_max": 188
      }
    }
  ],
  "relations": [
    {
      "subject_id": 0,
      "object_id": 1,
      "relation": "left_of",
      "explicit": true
    }
  ]
}