{
  "image_id": 584,
  "image_filename": "image_00584.png",
  "num_entities": 3,
  "entities": [
    {
      "id": 0,
      "shape": "triangle",
      "size": "large",
      "color": "yellow",
      "center": [
        88,
        54
      ],
      "bbox": {
        "x_min": 53,
        "y_min": 14,
        "x_max": 122,
        "y_max": 74
      }
    },
    {
      "id": 1,
      "shape": "rectangle",
      "size": "large",
      "color": "purple",
      "center": [
        73,
        156
      ],
      "bbox": {
        "x_min": 53,
        "y_min": 126,
        "x_max": 93,
        "y_max": 186
      }
    },
    {
      "id": 2,
      "shape": "circle",
      "size": "medium",
      "color": "magenta",
      "center": [
        147,
        115
      ],
      "bbox": {
        "x_min": 117,
        "y_min": 85,
        "x_max": 177,
        "y_max": 145
      }
    }
  ],
  "relations": [
    {
      "subject_id": 0,
      "object_id": 1,
      "relation": "below",
      "explicit": false
    },
    {
      "subject_id": 0,
      "object_id": 2,
      "relation": "below",
      "explicit": true
    },
    {
      "subject_id": 1,
      "object_id": 2,
      "relation": "right_of",
      "explicit": true
    }
  ]
}