{
  "image_id": 508,
  "image_filename": "image_00508.png",
  "num_entities": 2,
  "entities": [
    {
      "id": 0,
      "shape": "triangle",
      "size": "small",
      "color": "magenta",
      "center": [
        153,
        85
      ],
      "bbox": {
        "x_min": 135,
        "y_min": 65,
        "x_max": 170,
        "y_max": 95
      }
    },
    {
      "id": 1,
      "shape": "circle",
      "size": "small",
      "color": "blue",
      "center": [
        61,
        81
      ],
      "bbox": {
        "x_min": 41,
        "y_min": 61,
        "x_max": 81,
        "y_max": 101
      }
    }
  ],
  "relations": [
    {
      "subject_id": 0,
      "object_id": 1,
      "relation": "left_of",
      "explicit": false
    }
  ]
}