{
  "image_id": 531,
  "image_filename": "image_00531.png",
  "num_entities": 4,
  "entities": [
    {
      "id": 0,
      "shape": "triangle",
      "size": "medium",
      "color": "green",
      "center": [
        140,
        94
      ],
      "bbox": {
        "x_min": 114,
        "y_min": 64,
        "x_max": 165,
        "y_max": 109
      }
    },
    {
      "id": 1,
      "shape": "square",
      "size": "medium",
      "color": "purple",
      "center": [
        64,
        148
      ],
      "bbox": {
        "x_min": 34,
        "y_min": 118,
        "x_max": 94,
        "y_max": 178
      }
    },
    {
      "id": 2,
      "shape": "circle",
      "size": "small",
      "color": "purple",
      "center": [
        141,
        168
      ],
      "bbox": {
        "x_min": 121,
        "y_min": 148,
        "x_max": 161,
        "y_max": 188
      }
    },
    {
      "id": 3,
      "shape": "square",
      "size": "small",
      "color": "red",
      "center": [
        84,
        70
      ],
      "bbox": {
        "x_min": 64,
        "y_min": 50,
        "x_max": 104,
        "y_max": 90
      }
    }
  ],
  "relations": [
    {
      "subject_id": 0,
      "object_id": 1,
      "relation": "left_of",
      "explicit": false
    },
    {
      "subject_id": 0,
      "object_id": 2,
      "relation": "below",
      "explicit": true
    },
    {
      "subject_id": 0,
      "object_id": 3,
      "relation": "left_of",
      "explicit": true
    },
    {
      "subject_id": 1,
      "object_id": 2,
      "relation": "right_of",
      "explicit": false
    },
    {
      "subject_id": 1,
      "object_id": 3,
      "relation": "above",
      "explicit": true
    },
    {
      "subject_id": 2,
      "object_id": 3,
      "relation": "above",
      "explicit": false
    }
  ]
}