{
  "image_id": 416,
  "image_filename": "image_00416.png",
  "num_entities": 3,
  "entities": [
    {
      "id": 0,
      "shape": "rectangle",
      "size": "large",
      "color": "green",
      "center": [
        137,
        105
      ],
      "bbox": {
        "x_min": 117,
        "y_min": 75,
        "x_max": 157,
        "y_max": 135
      }
    },
    {
      "id": 1,
      "shape": "rectangle",
      "size": "medium",
      "color": "cyan",
      "center": [
        76,
        161
      ],
      "bbox": {
        "x_min": 61,
        "y_min": 139,
        "x_max": 91,
        "y_max": 183
      }
    },
    {
      "id": 2,
      "shape": "square",
      "size": "small",
      "color": "cyan",
      "center": [
        85,
        51
      ],
      "bbox": {
        "x_min": 65,
        "y_min": 31,
        "x_max": 105,
        "y_max": 71
      }
    }
  ],
  "relations": [
    {
      "subject_id": 0,
      "object_id": 1,
      "relation": "left_of",
      "explicit": true
    },
    {
      "subject_id": 0,
      "object_id": 2,
      "relation": "above",
      "explicit": false
    },
    {
      "subject_id": 1,
      "object_id": 2,
      "relation": "above",
      "explicit": false
    }
  ]
}