{
  "image_id": 409,
  "image_filename": "image_00409.png",
  "num_entities": 3,
  "entities": [
    {
      "id": 0,
      "shape": "triangle",
      "size": "medium",
      "color": "cyan",
      "center": [
        122,
        68
      ],
      "bbox": {
        "x_min": 96,
        "y_min": 38,
        "x_max": 147,
        "y_max": 83
      }
    },
    {
      "id": 1,
      "shape": "rectangle",
      "size": "large",
      "color": "cyan",
      "center": [
        69,
        154
      ],
      "bbox": {
        "x_min": 49,
        "y_min": 124,
        "x_max": 89,
        "y_max": 184
      }
    },
    {
      "id": 2,
      "shape": "triangle",
      "size": "small",
      "color": "yellow",
      "center": [
        137,
        127
      ],
      "bbox": {
        "x_min": 119,
        "y_min": 107,
        "x_max": 154,
        "y_max": 137
      }
    }
  ],
  "relations": [
    {
      "subject_id": 0,
      "object_id": 1,
      "relation": "below",
      "explicit": true
    },
    {
      "subject_id": 0,
      "object_id": 2,
      "relation": "below",
      "explicit": true
    },
    {
      "subject_id": 1,
      "object_id": 2,
      "relation": "right_of",
      "explicit": true
    }
  ]
}