{
  "image_id": 873,
  "image_filename": "image_00873.png",
  "num_entities": 3,
  "entities": [
    {
      "id": 0,
      "shape": "square",
      "size": "small",
      "color": "orange",
      "center": [
        99,
        92
      ],
      "bbox": {
        "x_min": 79,
        "y_min": 72,
        "x_max": 119,
        "y_max": 112
      }
    },
    {
      "id": 1,
      "shape": "circle",
      "size": "medium",
      "color": "orange",
      "center": [
        54,
        143
      ],
      "bbox": {
        "x_min": 24,
        "y_min": 113,
        "x_max": 84,
        "y_max": 173
      }
    },
    {
      "id": 2,
      "shape": "triangle",
      "size": "small",
      "color": "blue",
      "center": [
        161,
        119
      ],
      "bbox": {
        "x_min": 143,
        "y_min": 99,
        "x_max": 178,
        "y_max": 129
      }
    }
  ],
  "relations": [
    {
      "subject_id": 0,
      "object_id": 1,
      "relation": "below",
      "explicit": true
    },
    {
      "subject_id": 0,
      "object_id": 2,
      "relation": "right_of",
      "explicit": true
    },
    {
      "subject_id": 1,
      "object_id": 2,
      "relation": "right_of",
      "explicit": false
    }
  ]
}