{
  "image_id": 786,
  "image_filename": "image_00786.png",
  "num_entities": 3,
  "entities": [
    {
      "id": 0,
      "shape": "square",
      "size": "medium",
      "color": "magenta",
      "center": [
        72,
        158
      ],
      "bbox": {
        "x_min": 42,
        "y_min": 128,
        "x_max": 102,
        "y_max": 188
      }
    },
    {
      "id": 1,
      "shape": "rectangle",
      "size": "medium",
      "color": "magenta",
      "center": [
        132,
        96
      ],
      "bbox": {
        "x_min": 117,
        "y_min": 74,
        "x_max": 147,
        "y_max": 118
      }
    },
    {
      "id": 2,
      "shape": "rectangle",
      "size": "medium",
      "color": "cyan",
      "center": [
        62,
        68
      ],
      "bbox": {
        "x_min": 47,
        "y_min": 46,
        "x_max": 77,
        "y_max": 90
      }
    }
  ],
  "relations": [
    {
      "subject_id": 0,
      "object_id": 1,
      "relation": "above",
      "explicit": true
    },
    {
      "subject_id": 0,
      "object_id": 2,
      "relation": "above",
      "explicit": false
    },
    {
      "subject_id": 1,
      "object_id": 2,
      "relation": "left_of",
      "explicit": false
    }
  ]
}