{
  "image_id": 54,
  "image_filename": "image_00054.png",
  "num_entities": 2,
  "entities": [
    {
      "id": 0,
      "shape": "triangle",
      "size": "small",
      "color": "cyan",
      "center": [
        70,
        64
      ],
      "bbox": {
        "x_min": 52,
        "y_min": 44,
        "x_max": 87,
        "y_max": 74
      }
    },
    {
      "id": 1,
      "shape": "circle",
      "size": "medium",
      "color": "cyan",
      "center": [
        81,
        143
      ],
      "bbox": {
        "x_min": 51,
        "y_min": 113,
        "x_max": 111,
        "y_max": 173
      }
    }
  ],
  "relations": [
    {
      "subject_id": 0,
      "object_id": 1,
      "relation": "below",
      "explicit": true
    }
  ]
}