{
  "image_id": 325,
  "image_filename": "image_00325.png",
  "num_entities": 2,
  "entities": [
    {
      "id": 0,
      "shape": "triangle",
      "size": "small",
      "color": "yellow",
      "center": [
        62,
        161
      ],
      "bbox": {
        "x_min": 44,
        "y_min": 141,
        "x_max": 79,
        "y_max": 171
      }
    },
    {
      "id": 1,
      "shape": "square",
      "size": "small",
      "color": "cyan",
      "center": [
        120,
        144
      ],
      "bbox": {
        "x_min": 100,
        "y_min": 124,
        "x_max": 140,
        "y_max": 164
      }
    }
  ],
  "relations": [
    {
      "subject_id": 0,
      "object_id": 1,
      "relation": "right_of",
      "explicit": false
    }
  ]
}