{
  "image_id": 382,
  "image_filename": "image_00382.png",
  "num_entities": 3,
  "entities": [
    {
      "id": 0,
      "shape": "triangle",
      "size": "large",
      "color": "green",
      "center": [
        150,
        163
      ],
      "bbox": {
        "x_min": 115,
        "y_min": 123,
        "x_max": 184,
        "y_max": 183
      }
    },
    {
      "id": 1,
      "shape": "triangle",
      "size": "large",
      "color": "yellow",
      "center": [
        61,
        137
      ],
      "bbox": {
        "x_min": 26,
        "y_min": 97,
        "x_max": 95,
        "y_max": 157
      }
    },
    {
      "id": 2,
      "shape": "rectangle",
      "size": "large",
      "color": "orange",
      "center": [
        157,
        50
      ],
      "bbox": {
        "x_min": 137,
        "y_min": 20,
        "x_max": 177,
        "y_max": 80
      }
    }
  ],
  "relations": [
    {
      "subject_id": 0,
      "object_id": 1,
      "relation": "left_of",
      "explicit": true
    },
    {
      "subject_id": 0,
      "object_id": 2,
      "relation": "above",
      "explicit": false
    },
    {
      "subject_id": 1,
      "object_id": 2,
      "relation": "right_of",
      "explicit": false
    }
  ]
}