{
  "image_id": 773,
  "image_filename": "image_00773.png",
  "num_entities": 3,
  "entities": [
    {
      "id": 0,
      "shape": "square",
      "size": "medium",
      "color": "red",
      "center": [
        106,
        70
      ],
      "bbox": {
        "x_min": 76,
        "y_min": 40,
        "x_max": 136,
        "y_max": 100
      }
    },
    {
      "id": 1,
      "shape": "circle",
      "size": "small",
      "color": "purple",
      "center": [
        90,
        133
      ],
      "bbox": {
        "x_min": 70,
        "y_min": 113,
        "x_max": 110,
        "y_max": 153
      }
    },
    {
      "id": 2,
      "shape": "circle",
      "size": "small",
      "color": "orange",
      "center": [
        162,
        134
      ],
      "bbox": {
        "x_min": 142,
        "y_min": 114,
        "x_max": 182,
        "y_max": 154
      }
    }
  ],
  "relations": [
    {
      "subject_id": 0,
      "object_id": 1,
      "relation": "below",
      "explicit": true
    },
    {
      "subject_id": 0,
      "object_id": 2,
      "relation": "below",
      "explicit": true
    },
    {
      "subject_id": 1,
      "object_id": 2,
      "relation": "right_of",
      "explicit": true
    }
  ]
}