{
  "image_id": 783,
  "image_filename": "image_00783.png",
  "num_entities": 3,
  "entities": [
    {
      "id": 0,
      "shape": "circle",
      "size": "medium",
      "color": "cyan",
      "center": [
        114,
        90
      ],
      "bbox": {
        "x_min": 84,
        "y_min": 60,
        "x_max": 144,
        "y_max": 120
      }
    },
    {
      "id": 1,
      "shape": "square",
      "size": "medium",
      "color": "red",
      "center": [
        160,
        172
      ],
      "bbox": {
        "x_min": 130,
        "y_min": 142,
        "x_max": 190,
        "y_max": 202
      }
    },
    {
      "id": 2,
      "shape": "square",
      "size": "large",
      "color": "cyan",
      "center": [
        54,
        144
      ],
      "bbox": {
        "x_min": 14,
        "y_min": 104,
        "x_max": 94,
        "y_max": 184
      }
    }
  ],
  "relations": [
    {
      "subject_id": 0,
      "object_id": 1,
      "relation": "below",
      "explicit": false
    },
    {
      "subject_id": 0,
      "object_id": 2,
      "relation": "left_of",
      "explicit": true
    },
    {
      "subject_id": 1,
      "object_id": 2,
      "relation": "left_of",
      "explicit": false
    }
  ]
}