{
  "image_id": 931,
  "image_filename": "image_00931.png",
  "num_entities": 2,
  "entities": [
    {
      "id": 0,
      "shape": "triangle",
      "size": "medium",
      "color": "yellow",
      "center": [
        124,
        98
      ],
      "bbox": {
        "x_min": 98,
        "y_min": 68,
        "x_max": 149,
        "y_max": 113
      }
    },
    {
      "id": 1,
      "shape": "circle",
      "size": "medium",
      "color": "purple",
      "center": [
        72,
        51
      ],
      "bbox": {
        "x_min": 42,
        "y_min": 21,
        "x_max": 102,
        "y_max": 81
      }
    }
  ],
  "relations": [
    {
      "subject_id": 0,
      "object_id": 1,
      "relation": "left_of",
      "explicit": false
    }
  ]
}