{
  "image_id": 645,
  "image_filename": "image_00645.png",
  "num_entities": 2,
  "entities": [
    {
      "id": 0,
      "shape": "square",
      "size": "medium",
      "color": "blue",
      "center": [
        67,
        124
      ],
      "bbox": {
        "x_min": 37,
        "y_min": 94,
        "x_max": 97,
        "y_max": 154
      }
    },
    {
      "id": 1,
      "shape": "circle",
      "size": "small",
      "color": "purple",
      "center": [
        167,
        93
      ],
      "bbox": {
        "x_min": 147,
        "y_min": 73,
        "x_max": 187,
        "y_max": 113
      }
    }
  ],
  "relations": [
    {
      "subject_id": 0,
      "object_id": 1,
      "relation": "right_of",
      "explicit": false
    }
  ]
}