{
  "image_id": 548,
  "image_filename": "image_00548.png",
  "num_entities": 2,
  "entities": [
    {
      "id": 0,
      "shape": "triangle",
      "size": "medium",
      "color": "red",
      "center": [
        120,
        77
      ],
      "bbox": {
        "x_min": 94,
        "y_min": 47,
        "x_max": 145,
        "y_max": 92
      }
    },
    {
      "id": 1,
      "shape": "rectangle",
      "size": "medium",
      "color": "red",
      "center": [
        100,
        165
      ],
      "bbox": {
        "x_min": 85,
        "y_min": 143,
        "x_max": 115,
        "y_max": 187
      }
    }
  ],
  "relations": [
    {
      "subject_id": 0,
      "object_id": 1,
      "relation": "below",
      "explicit": true
    }
  ]
}