{
  "image_id": 791,
  "image_filename": "image_00791.png",
  "num_entities": 3,
  "entities": [
    {
      "id": 0,
      "shape": "circle",
      "size": "small",
      "color": "blue",
      "center": [
        78,
        123
      ],
      "bbox": {
        "x_min": 58,
        "y_min": 103,
        "x_max": 98,
        "y_max": 143
      }
    },
    {
      "id": 1,
      "shape": "rectangle",
      "size": "medium",
      "color": "yellow",
      "center": [
        150,
        170
      ],
      "bbox": {
        "x_min": 135,
        "y_min": 148,
        "x_max": 165,
        "y_max": 192
      }
    },
    {
      "id": 2,
      "shape": "circle",
      "size": "large",
      "color": "purple",
      "center": [
        128,
        56
      ],
      "bbox": {
        "x_min": 88,
        "y_min": 16,
        "x_max": 168,
        "y_max": 96
      }
    }
  ],
  "relations": [
    {
      "subject_id": 0,
      "object_id": 1,
      "relation": "right_of",
      "explicit": false
    },
    {
      "subject_id": 0,
      "object_id": 2,
      "relation": "above",
      "explicit": true
    },
    {
      "subject_id": 1,
      "object_id": 2,
      "relation": "above",
      "explicit": false
    }
  ]
}