{
  "image_id": 276,
  "image_filename": "image_00276.png",
  "num_entities": 3,
  "entities": [
    {
      "id": 0,
      "shape": "triangle",
      "size": "large",
      "color": "orange",
      "center": [
        138,
        163
      ],
      "bbox": {
        "x_min": 103,
        "y_min": 123,
        "x_max": 172,
        "y_max": 183
      }
    },
    {
      "id": 1,
      "shape": "circle",
      "size": "small",
      "color": "blue",
      "center": [
        85,
        94
      ],
      "bbox": {
        "x_min": 65,
        "y_min": 74,
        "x_max": 105,
        "y_max": 114
      }
    },
    {
      "id": 2,
      "shape": "square",
      "size": "small",
      "color": "cyan",
      "center": [
        132,
        74
      ],
      "bbox": {
        "x_min": 112,
        "y_min": 54,
        "x_max": 152,
        "y_max": 94
      }
    }
  ],
  "relations": [
    {
      "subject_id": 0,
      "object_id": 1,
      "relation": "above",
      "explicit": true
    },
    {
      "subject_id": 0,
      "object_id": 2,
      "relation": "above",
      "explicit": false
    },
    {
      "subject_id": 1,
      "object_id": 2,
      "relation": "right_of",
      "explicit": true
    }
  ]
}