{
  "image_id": 869,
  "image_filename": "image_00869.png",
  "num_entities": 4,
  "entities": [
    {
      "id": 0,
      "shape": "triangle",
      "size": "medium",
      "color": "red",
      "center": [
        112,
        105
      ],
      "bbox": {
        "x_min": 86,
        "y_min": 75,
        "x_max": 137,
        "y_max": 120
      }
    },
    {
      "id": 1,
      "shape": "triangle",
      "size": "large",
      "color": "cyan",
      "center": [
        172,
        165
      ],
      "bbox": {
        "x_min": 137,
        "y_min": 125,
        "x_max": 206,
        "y_max": 185
      }
    },
    {
      "id": 2,
      "shape": "square",
      "size": "medium",
      "color": "orange",
      "center": [
        173,
        68
      ],
      "bbox": {
        "x_min": 143,
        "y_min": 38,
        "x_max": 203,
        "y_max": 98
      }
    },
    {
      "id": 3,
      "shape": "triangle",
      "size": "medium",
      "color": "blue",
      "center": [
        57,
        154
      ],
      "bbox": {
        "x_min": 31,
        "y_min": 124,
        "x_max": 82,
        "y_max": 169
      }
    }
  ],
  "relations": [
    {
      "subject_id": 0,
      "object_id": 1,
      "relation": "below",
      "explicit": true
    },
    {
      "subject_id": 0,
      "object_id": 2,
      "relation": "right_of",
      "explicit": true
    },
    {
      "subject_id": 0,
      "object_id": 3,
      "relation": "left_of",
      "explicit": true
    },
    {
      "subject_id": 1,
      "object_id": 2,
      "relation": "above",
      "explicit": true
    },
    {
      "subject_id": 1,
      "object_id": 3,
      "relation": "left_of",
      "explicit": false
    },
    {
      "subject_id": 2,
      "object_id": 3,
      "relation": "left_of",
      "explicit": false
    }
  ]
}