{
  "image_id": 128,
  "image_filename": "image_00128.png",
  "num_entities": 3,
  "entities": [
    {
      "id": 0,
      "shape": "triangle",
      "size": "medium",
      "color": "yellow",
      "center": [
        104,
        86
      ],
      "bbox": {
        "x_min": 78,
        "y_min": 56,
        "x_max": 129,
        "y_max": 101
      }
    },
    {
      "id": 1,
      "shape": "rectangle",
      "size": "large",
      "color": "magenta",
      "center": [
        167,
        156
      ],
      "bbox": {
        "x_min": 147,
        "y_min": 126,
        "x_max": 187,
        "y_max": 186
      }
    },
    {
      "id": 2,
      "shape": "triangle",
      "size": "large",
      "color": "magenta",
      "center": [
        63,
        155
      ],
      "bbox": {
        "x_min": 28,
        "y_min": 115,
        "x_max": 97,
        "y_max": 175
      }
    }
  ],
  "relations": [
    {
      "subject_id": 0,
      "object_id": 1,
      "relation": "below",
      "explicit": false
    },
    {
      "subject_id": 0,
      "object_id": 2,
      "relation": "below",
      "explicit": false
    },
    {
      "subject_id": 1,
      "object_id": 2,
      "relation": "left_of",
      "explicit": false
    }
  ]
}