{
  "image_id": 658,
  "image_filename": "image_00658.png",
  "num_entities": 2,
  "entities": [
    {
      "id": 0,
      "shape": "triangle",
      "size": "large",
      "color": "cyan",
      "center": [
        124,
        145
      ],
      "bbox": {
        "x_min": 89,
        "y_min": 105,
        "x_max": 158,
        "y_max": 165
      }
    },
    {
      "id": 1,
      "shape": "square",
      "size": "large",
      "color": "red",
      "center": [
        93,
        53
      ],
      "bbox": {
        "x_min": 53,
        "y_min": 13,
        "x_max": 133,
        "y_max": 93
      }
    }
  ],
  "relations": [
    {
      "subject_id": 0,
      "object_id": 1,
      "relation": "above",
      "explicit": true
    }
  ]
}