{
  "image_id": 119,
  "image_filename": "image_00119.png",
  "num_entities": 3,
  "entities": [
    {
      "id": 0,
      "shape": "rectangle",
      "size": "small",
      "color": "yellow",
      "center": [
        75,
        63
      ],
      "bbox": {
        "x_min": 65,
        "y_min": 48,
        "x_max": 85,
        "y_max": 78
      }
    },
    {
      "id": 1,
      "shape": "circle",
      "size": "small",
      "color": "magenta",
      "center": [
        85,
        161
      ],
      "bbox": {
        "x_min": 65,
        "y_min": 141,
        "x_max": 105,
        "y_max": 181
      }
    },
    {
      "id": 2,
      "shape": "square",
      "size": "large",
      "color": "red",
      "center": [
        158,
        66
      ],
      "bbox": {
        "x_min": 118,
        "y_min": 26,
        "x_max": 198,
        "y_max": 106
      }
    }
  ],
  "relations": [
    {
      "subject_id": 0,
      "object_id": 1,
      "relation": "below",
      "explicit": false
    },
    {
      "subject_id": 0,
      "object_id": 2,
      "relation": "right_of",
      "explicit": false
    },
    {
      "subject_id": 1,
      "object_id": 2,
      "relation": "above",
      "explicit": false
    }
  ]
}