{
  "image_id": 202,
  "image_filename": "image_00202.png",
  "num_entities": 2,
  "entities": [
    {
      "id": 0,
      "shape": "square",
      "size": "medium",
      "color": "red",
      "center": [
        140,
        97
      ],
      "bbox": {
        "x_min": 110,
        "y_min": 67,
        "x_max": 170,
        "y_max": 127
      }
    },
    {
      "id": 1,
      "shape": "rectangle",
      "size": "large",
      "color": "purple",
      "center": [
        59,
        74
      ],
      "bbox": {
        "x_min": 39,
        "y_min": 44,
        "x_max": 79,
        "y_max": 104
      }
    }
  ],
  "relations": [
    {
      "subject_id": 0,
      "object_id": 1,
      "relation": "left_of",
      "explicit": true
    }
  ]
}