{
  "image_id": 727,
  "image_filename": "image_00727.png",
  "num_entities": 3,
  "entities": [
    {
      "id": 0,
      "shape": "circle",
      "size": "large",
      "color": "green",
      "center": [
        91,
        73
      ],
      "bbox": {
        "x_min": 51,
        "y_min": 33,
        "x_max": 131,
        "y_max": 113
      }
    },
    {
      "id": 1,
      "shape": "square",
      "size": "large",
      "color": "orange",
      "center": [
        161,
        164
      ],
      "bbox": {
        "x_min": 121,
        "y_min": 124,
        "x_max": 201,
        "y_max": 204
      }
    },
    {
      "id": 2,
      "shape": "square",
      "size": "large",
      "color": "yellow",
      "center": [
        50,
        156
      ],
      "bbox": {
        "x_min": 10,
        "y_min": 116,
        "x_max": 90,
        "y_max": 196
      }
    }
  ],
  "relations": [
    {
      "subject_id": 0,
      "object_id": 1,
      "relation": "below",
      "explicit": false
    },
    {
      "subject_id": 0,
      "object_id": 2,
      "relation": "below",
      "explicit": false
    },
    {
      "subject_id": 1,
      "object_id": 2,
      "relation": "left_of",
      "explicit": true
    }
  ]
}