{
  "image_id": 463,
  "image_filename": "image_00463.png",
  "num_entities": 3,
  "entities": [
    {
      "id": 0,
      "shape": "square",
      "size": "medium",
      "color": "blue",
      "center": [
        133,
        136
      ],
      "bbox": {
        "x_min": 103,
        "y_min": 106,
        "x_max": 163,
        "y_max": 166
      }
    },
    {
      "id": 1,
      "shape": "circle",
      "size": "small",
      "color": "blue",
      "center": [
        60,
        100
      ],
      "bbox": {
        "x_min": 40,
        "y_min": 80,
        "x_max": 80,
        "y_max": 120
      }
    },
    {
      "id": 2,
      "shape": "rectangle",
      "size": "large",
      "color": "red",
      "center": [
        151,
        51
      ],
      "bbox": {
        "x_min": 131,
        "y_min": 21,
        "x_max": 171,
        "y_max": 81
      }
    }
  ],
  "relations": [
    {
      "subject_id": 0,
      "object_id": 1,
      "relation": "left_of",
      "explicit": false
    },
    {
      "subject_id": 0,
      "object_id": 2,
      "relation": "above",
      "explicit": false
    },
    {
      "subject_id": 1,
      "object_id": 2,
      "relation": "right_of",
      "explicit": false
    }
  ]
}