{
  "image_id": 917,
  "image_filename": "image_00917.png",
  "num_entities": 3,
  "entities": [
    {
      "id": 0,
      "shape": "square",
      "size": "small",
      "color": "yellow",
      "center": [
        72,
        157
      ],
      "bbox": {
        "x_min": 52,
        "y_min": 137,
        "x_max": 92,
        "y_max": 177
      }
    },
    {
      "id": 1,
      "shape": "circle",
      "size": "large",
      "color": "purple",
      "center": [
        169,
        66
      ],
      "bbox": {
        "x_min": 129,
        "y_min": 26,
        "x_max": 209,
        "y_max": 106
      }
    },
    {
      "id": 2,
      "shape": "rectangle",
      "size": "medium",
      "color": "red",
      "center": [
        167,
        146
      ],
      "bbox": {
        "x_min": 152,
        "y_min": 124,
        "x_max": 182,
        "y_max": 168
      }
    }
  ],
  "relations": [
    {
      "subject_id": 0,
      "object_id": 1,
      "relation": "right_of",
      "explicit": false
    },
    {
      "subject_id": 0,
      "object_id": 2,
      "relation": "right_of",
      "explicit": false
    },
    {
      "subject_id": 1,
      "object_id": 2,
      "relation": "below",
      "explicit": false
    }
  ]
}