{
  "image_id": 167,
  "image_filename": "image_00167.png",
  "num_entities": 4,
  "entities": [
    {
      "id": 0,
      "shape": "circle",
      "size": "small",
      "color": "orange",
      "center": [
        65,
        120
      ],
      "bbox": {
        "x_min": 45,
        "y_min": 100,
        "x_max": 85,
        "y_max": 140
      }
    },
    {
      "id": 1,
      "shape": "square",
      "size": "small",
      "color": "orange",
      "center": [
        62,
        64
      ],
      "bbox": {
        "x_min": 42,
        "y_min": 44,
        "x_max": 82,
        "y_max": 84
      }
    },
    {
      "id": 2,
      "shape": "square",
      "size": "large",
      "color": "orange",
      "center": [
        134,
        79
      ],
      "bbox": {
        "x_min": 94,
        "y_min": 39,
        "x_max": 174,
        "y_max": 119
      }
    },
    {
      "id": 3,
      "shape": "square",
      "size": "small",
      "color": "yellow",
      "center": [
        116,
        172
      ],
      "bbox": {
        "x_min": 96,
        "y_min": 152,
        "x_max": 136,
        "y_max": 192
      }
    }
  ],
  "relations": [
    {
      "subject_id": 0,
      "object_id": 1,
      "relation": "above",
      "explicit": false
    },
    {
      "subject_id": 0,
      "object_id": 2,
      "relation": "right_of",
      "explicit": true
    },
    {
      "subject_id": 0,
      "object_id": 3,
      "relation": "below",
      "explicit": false
    },
    {
      "subject_id": 1,
      "object_id": 2,
      "relation": "right_of",
      "explicit": false
    },
    {
      "subject_id": 1,
      "object_id": 3,
      "relation": "below",
      "explicit": true
    },
    {
      "subject_id": 2,
      "object_id": 3,
      "relation": "below",
      "explicit": false
    }
  ]
}