{
  "image_id": 160,
  "image_filename": "image_00160.png",
  "num_entities": 3,
  "entities": [
    {
      "id": 0,
      "shape": "square",
      "size": "small",
      "color": "green",
      "center": [
        103,
        157
      ],
      "bbox": {
        "x_min": 83,
        "y_min": 137,
        "x_max": 123,
        "y_max": 177
      }
    },
    {
      "id": 1,
      "shape": "circle",
      "size": "medium",
      "color": "yellow",
      "center": [
        165,
        95
      ],
      "bbox": {
        "x_min": 135,
        "y_min": 65,
        "x_max": 195,
        "y_max": 125
      }
    },
    {
      "id": 2,
      "shape": "circle",
      "size": "medium",
      "color": "yellow",
      "center": [
        59,
        93
      ],
      "bbox": {
        "x_min": 29,
        "y_min": 63,
        "x_max": 89,
        "y_max": 123
      }
    }
  ],
  "relations": [
    {
      "subject_id": 0,
      "object_id": 1,
      "relation": "above",
      "explicit": true
    },
    {
      "subject_id": 0,
      "object_id": 2,
      "relation": "above",
      "explicit": false
    },
    {
      "subject_id": 1,
      "object_id": 2,
      "relation": "left_of",
      "explicit": false
    }
  ]
}