{
  "image_id": 318,
  "image_filename": "image_00318.png",
  "num_entities": 3,
  "entities": [
    {
      "id": 0,
      "shape": "square",
      "size": "large",
      "color": "yellow",
      "center": [
        124,
        69
      ],
      "bbox": {
        "x_min": 84,
        "y_min": 29,
        "x_max": 164,
        "y_max": 109
      }
    },
    {
      "id": 1,
      "shape": "rectangle",
      "size": "small",
      "color": "red",
      "center": [
        75,
        171
      ],
      "bbox": {
        "x_min": 65,
        "y_min": 156,
        "x_max": 85,
        "y_max": 186
      }
    },
    {
      "id": 2,
      "shape": "square",
      "size": "large",
      "color": "green",
      "center": [
        171,
        146
      ],
      "bbox": {
        "x_min": 131,
        "y_min": 106,
        "x_max": 211,
        "y_max": 186
      }
    }
  ],
  "relations": [
    {
      "subject_id": 0,
      "object_id": 1,
      "relation": "below",
      "explicit": false
    },
    {
      "subject_id": 0,
      "object_id": 2,
      "relation": "below",
      "explicit": false
    },
    {
      "subject_id": 1,
      "object_id": 2,
      "relation": "right_of",
      "explicit": false
    }
  ]
}