{
  "image_id": 904,
  "image_filename": "image_00904.png",
  "num_entities": 3,
  "entities": [
    {
      "id": 0,
      "shape": "triangle",
      "size": "small",
      "color": "orange",
      "center": [
        141,
        151
      ],
      "bbox": {
        "x_min": 123,
        "y_min": 131,
        "x_max": 158,
        "y_max": 161
      }
    },
    {
      "id": 1,
      "shape": "circle",
      "size": "large",
      "color": "red",
      "center": [
        111,
        81
      ],
      "bbox": {
        "x_min": 71,
        "y_min": 41,
        "x_max": 151,
        "y_max": 121
      }
    },
    {
      "id": 2,
      "shape": "circle",
      "size": "medium",
      "color": "magenta",
      "center": [
        66,
        174
      ],
      "bbox": {
        "x_min": 36,
        "y_min": 144,
        "x_max": 96,
        "y_max": 204
      }
    }
  ],
  "relations": [
    {
      "subject_id": 0,
      "object_id": 1,
      "relation": "above",
      "explicit": false
    },
    {
      "subject_id": 0,
      "object_id": 2,
      "relation": "left_of",
      "explicit": true
    },
    {
      "subject_id": 1,
      "object_id": 2,
      "relation": "below",
      "explicit": false
    }
  ]
}