{
  "image_id": 768,
  "image_filename": "image_00768.png",
  "num_entities": 3,
  "entities": [
    {
      "id": 0,
      "shape": "triangle",
      "size": "large",
      "color": "purple",
      "center": [
        77,
        117
      ],
      "bbox": {
        "x_min": 42,
        "y_min": 77,
        "x_max": 111,
        "y_max": 137
      }
    },
    {
      "id": 1,
      "shape": "square",
      "size": "large",
      "color": "cyan",
      "center": [
        173,
        159
      ],
      "bbox": {
        "x_min": 133,
        "y_min": 119,
        "x_max": 213,
        "y_max": 199
      }
    },
    {
      "id": 2,
      "shape": "rectangle",
      "size": "large",
      "color": "red",
      "center": [
        143,
        54
      ],
      "bbox": {
        "x_min": 123,
        "y_min": 24,
        "x_max": 163,
        "y_max": 84
      }
    }
  ],
  "relations": [
    {
      "subject_id": 0,
      "object_id": 1,
      "relation": "right_of",
      "explicit": true
    },
    {
      "subject_id": 0,
      "object_id": 2,
      "relation": "right_of",
      "explicit": true
    },
    {
      "subject_id": 1,
      "object_id": 2,
      "relation": "above",
      "explicit": true
    }
  ]
}