{
  "image_id": 97,
  "image_filename": "image_00097.png",
  "num_entities": 3,
  "entities": [
    {
      "id": 0,
      "shape": "square",
      "size": "small",
      "color": "orange",
      "center": [
        128,
        105
      ],
      "bbox": {
        "x_min": 108,
        "y_min": 85,
        "x_max": 148,
        "y_max": 125
      }
    },
    {
      "id": 1,
      "shape": "square",
      "size": "medium",
      "color": "green",
      "center": [
        89,
        151
      ],
      "bbox": {
        "x_min": 59,
        "y_min": 121,
        "x_max": 119,
        "y_max": 181
      }
    },
    {
      "id": 2,
      "shape": "rectangle",
      "size": "large",
      "color": "cyan",
      "center": [
        65,
        65
      ],
      "bbox": {
        "x_min": 45,
        "y_min": 35,
        "x_max": 85,
        "y_max": 95
      }
    }
  ],
  "relations": [
    {
      "subject_id": 0,
      "object_id": 1,
      "relation": "below",
      "explicit": false
    },
    {
      "subject_id": 0,
      "object_id": 2,
      "relation": "left_of",
      "explicit": false
    },
    {
      "subject_id": 1,
      "object_id": 2,
      "relation": "above",
      "explicit": true
    }
  ]
}