{
  "image_id": 207,
  "image_filename": "image_00207.png",
  "num_entities": 3,
  "entities": [
    {
      "id": 0,
      "shape": "triangle",
      "size": "large",
      "color": "magenta",
      "center": [
        170,
        154
      ],
      "bbox": {
        "x_min": 135,
        "y_min": 114,
        "x_max": 204,
        "y_max": 174
      }
    },
    {
      "id": 1,
      "shape": "circle",
      "size": "medium",
      "color": "blue",
      "center": [
        66,
        123
      ],
      "bbox": {
        "x_min": 36,
        "y_min": 93,
        "x_max": 96,
        "y_max": 153
      }
    },
    {
      "id": 2,
      "shape": "square",
      "size": "large",
      "color": "purple",
      "center": [
        135,
        60
      ],
      "bbox": {
        "x_min": 95,
        "y_min": 20,
        "x_max": 175,
        "y_max": 100
      }
    }
  ],
  "relations": [
    {
      "subject_id": 0,
      "object_id": 1,
      "relation": "left_of",
      "explicit": true
    },
    {
      "subject_id": 0,
      "object_id": 2,
      "relation": "above",
      "explicit": false
    },
    {
      "subject_id": 1,
      "object_id": 2,
      "relation": "right_of",
      "explicit": true
    }
  ]
}