{
  "image_id": 675,
  "image_filename": "image_00675.png",
  "num_entities": 2,
  "entities": [
    {
      "id": 0,
      "shape": "square",
      "size": "medium",
      "color": "yellow",
      "center": [
        89,
        171
      ],
      "bbox": {
        "x_min": 59,
        "y_min": 141,
        "x_max": 119,
        "y_max": 201
      }
    },
    {
      "id": 1,
      "shape": "circle",
      "size": "large",
      "color": "purple",
      "center": [
        116,
        76
      ],
      "bbox": {
        "x_min": 76,
        "y_min": 36,
        "x_max": 156,
        "y_max": 116
      }
    }
  ],
  "relations": [
    {
      "subject_id": 0,
      "object_id": 1,
      "relation": "above",
      "explicit": true
    }
  ]
}