{
  "image_id": 583,
  "image_filename": "image_00583.png",
  "num_entities": 2,
  "entities": [
    {
      "id": 0,
      "shape": "circle",
      "size": "large",
      "color": "green",
      "center": [
        138,
        76
      ],
      "bbox": {
        "x_min": 98,
        "y_min": 36,
        "x_max": 178,
        "y_max": 116
      }
    },
    {
      "id": 1,
      "shape": "square",
      "size": "small",
      "color": "green",
      "center": [
        134,
        156
      ],
      "bbox": {
        "x_min": 114,
        "y_min": 136,
        "x_max": 154,
        "y_max": 176
      }
    }
  ],
  "relations": [
    {
      "subject_id": 0,
      "object_id": 1,
      "relation": "below",
      "explicit": false
    }
  ]
}