{
  "image_id": 656,
  "image_filename": "image_00656.png",
  "num_entities": 3,
  "entities": [
    {
      "id": 0,
      "shape": "triangle",
      "size": "medium",
      "color": "orange",
      "center": [
        92,
        157
      ],
      "bbox": {
        "x_min": 66,
        "y_min": 127,
        "x_max": 117,
        "y_max": 172
      }
    },
    {
      "id": 1,
      "shape": "rectangle",
      "size": "large",
      "color": "magenta",
      "center": [
        166,
        106
      ],
      "bbox": {
        "x_min": 146,
        "y_min": 76,
        "x_max": 186,
        "y_max": 136
      }
    },
    {
      "id": 2,
      "shape": "rectangle",
      "size": "large",
      "color": "orange",
      "center": [
        66,
        62
      ],
      "bbox": {
        "x_min": 46,
        "y_min": 32,
        "x_max": 86,
        "y_max": 92
      }
    }
  ],
  "relations": [
    {
      "subject_id": 0,
      "object_id": 1,
      "relation": "right_of",
      "explicit": false
    },
    {
      "subject_id": 0,
      "object_id": 2,
      "relation": "above",
      "explicit": false
    },
    {
      "subject_id": 1,
      "object_id": 2,
      "relation": "left_of",
      "explicit": true
    }
  ]
}