{
  "image_id": 643,
  "image_filename": "image_00643.png",
  "num_entities": 2,
  "entities": [
    {
      "id": 0,
      "shape": "circle",
      "size": "large",
      "color": "green",
      "center": [
        114,
        102
      ],
      "bbox": {
        "x_min": 74,
        "y_min": 62,
        "x_max": 154,
        "y_max": 142
      }
    },
    {
      "id": 1,
      "shape": "rectangle",
      "size": "medium",
      "color": "purple",
      "center": [
        172,
        160
      ],
      "bbox": {
        "x_min": 157,
        "y_min": 138,
        "x_max": 187,
        "y_max": 182
      }
    }
  ],
  "relations": [
    {
      "subject_id": 0,
      "object_id": 1,
      "relation": "below",
      "explicit": true
    }
  ]
}