{
  "image_id": 160,
  "image_filename": "image_00160.png",
  "num_entities": 3,
  "entities": [
    {
      "id": 0,
      "shape": "square",
      "size": "medium",
      "color": "orange",
      "center": [
        125,
        153
      ],
      "bbox": {
        "x_min": 95,
        "y_min": 123,
        "x_max": 155,
        "y_max": 183
      }
    },
    {
      "id": 1,
      "shape": "circle",
      "size": "medium",
      "color": "yellow",
      "center": [
        128,
        82
      ],
      "bbox": {
        "x_min": 98,
        "y_min": 52,
        "x_max": 158,
        "y_max": 112
      }
    },
    {
      "id": 2,
      "shape": "triangle",
      "size": "medium",
      "color": "red",
      "center": [
        56,
        62
      ],
      "bbox": {
        "x_min": 30,
        "y_min": 32,
        "x_max": 81,
        "y_max": 77
      }
    }
  ],
  "relations": [
    {
      "subject_id": 0,
      "object_id": 1,
      "relation": "above",
      "explicit": true
    },
    {
      "subject_id": 0,
      "object_id": 2,
      "relation": "above",
      "explicit": false
    },
    {
      "subject_id": 1,
      "object_id": 2,
      "relation": "left_of",
      "explicit": false
    }
  ]
}