{
  "image_id": 748,
  "image_filename": "image_00748.png",
  "num_entities": 3,
  "entities": [
    {
      "id": 0,
      "shape": "circle",
      "size": "large",
      "color": "magenta",
      "center": [
        133,
        67
      ],
      "bbox": {
        "x_min": 93,
        "y_min": 27,
        "x_max": 173,
        "y_max": 107
      }
    },
    {
      "id": 1,
      "shape": "square",
      "size": "large",
      "color": "yellow",
      "center": [
        173,
        169
      ],
      "bbox": {
        "x_min": 133,
        "y_min": 129,
        "x_max": 213,
        "y_max": 209
      }
    },
    {
      "id": 2,
      "shape": "rectangle",
      "size": "small",
      "color": "purple",
      "center": [
        104,
        140
      ],
      "bbox": {
        "x_min": 94,
        "y_min": 125,
        "x_max": 114,
        "y_max": 155
      }
    }
  ],
  "relations": [
    {
      "subject_id": 0,
      "object_id": 1,
      "relation": "below",
      "explicit": true
    },
    {
      "subject_id": 0,
      "object_id": 2,
      "relation": "below",
      "explicit": true
    },
    {
      "subject_id": 1,
      "object_id": 2,
      "relation": "left_of",
      "explicit": false
    }
  ]
}