{
  "image_id": 698,
  "image_filename": "image_00698.png",
  "num_entities": 3,
  "entities": [
    {
      "id": 0,
      "shape": "square",
      "size": "large",
      "color": "cyan",
      "center": [
        153,
        112
      ],
      "bbox": {
        "x_min": 113,
        "y_min": 72,
        "x_max": 193,
        "y_max": 152
      }
    },
    {
      "id": 1,
      "shape": "circle",
      "size": "large",
      "color": "blue",
      "center": [
        69,
        152
      ],
      "bbox": {
        "x_min": 29,
        "y_min": 112,
        "x_max": 109,
        "y_max": 192
      }
    },
    {
      "id": 2,
      "shape": "rectangle",
      "size": "medium",
      "color": "magenta",
      "center": [
        84,
        70
      ],
      "bbox": {
        "x_min": 69,
        "y_min": 48,
        "x_max": 99,
        "y_max": 92
      }
    }
  ],
  "relations": [
    {
      "subject_id": 0,
      "object_id": 1,
      "relation": "left_of",
      "explicit": true
    },
    {
      "subject_id": 0,
      "object_id": 2,
      "relation": "left_of",
      "explicit": true
    },
    {
      "subject_id": 1,
      "object_id": 2,
      "relation": "above",
      "explicit": false
    }
  ]
}