{
  "image_id": 645,
  "image_filename": "image_00645.png",
  "num_entities": 3,
  "entities": [
    {
      "id": 0,
      "shape": "triangle",
      "size": "large",
      "color": "purple",
      "center": [
        68,
        56
      ],
      "bbox": {
        "x_min": 33,
        "y_min": 16,
        "x_max": 102,
        "y_max": 76
      }
    },
    {
      "id": 1,
      "shape": "square",
      "size": "large",
      "color": "yellow",
      "center": [
        161,
        134
      ],
      "bbox": {
        "x_min": 121,
        "y_min": 94,
        "x_max": 201,
        "y_max": 174
      }
    },
    {
      "id": 2,
      "shape": "triangle",
      "size": "small",
      "color": "yellow",
      "center": [
        72,
        133
      ],
      "bbox": {
        "x_min": 54,
        "y_min": 113,
        "x_max": 89,
        "y_max": 143
      }
    }
  ],
  "relations": [
    {
      "subject_id": 0,
      "object_id": 1,
      "relation": "right_of",
      "explicit": false
    },
    {
      "subject_id": 0,
      "object_id": 2,
      "relation": "below",
      "explicit": true
    },
    {
      "subject_id": 1,
      "object_id": 2,
      "relation": "left_of",
      "explicit": true
    }
  ]
}