{
  "image_id": 789,
  "image_filename": "image_00789.png",
  "num_entities": 4,
  "entities": [
    {
      "id": 0,
      "shape": "triangle",
      "size": "medium",
      "color": "magenta",
      "center": [
        147,
        51
      ],
      "bbox": {
        "x_min": 121,
        "y_min": 21,
        "x_max": 172,
        "y_max": 66
      }
    },
    {
      "id": 1,
      "shape": "square",
      "size": "medium",
      "color": "yellow",
      "center": [
        104,
        110
      ],
      "bbox": {
        "x_min": 74,
        "y_min": 80,
        "x_max": 134,
        "y_max": 140
      }
    },
    {
      "id": 2,
      "shape": "rectangle",
      "size": "large",
      "color": "blue",
      "center": [
        168,
        174
      ],
      "bbox": {
        "x_min": 148,
        "y_min": 144,
        "x_max": 188,
        "y_max": 204
      }
    },
    {
      "id": 3,
      "shape": "circle",
      "size": "small",
      "color": "orange",
      "center": [
        82,
        50
      ],
      "bbox": {
        "x_min": 62,
        "y_min": 30,
        "x_max": 102,
        "y_max": 70
      }
    }
  ],
  "relations": [
    {
      "subject_id": 0,
      "object_id": 1,
      "relation": "below",
      "explicit": true
    },
    {
      "subject_id": 0,
      "object_id": 2,
      "relation": "below",
      "explicit": false
    },
    {
      "subject_id": 0,
      "object_id": 3,
      "relation": "left_of",
      "explicit": true
    },
    {
      "subject_id": 1,
      "object_id": 2,
      "relation": "below",
      "explicit": false
    },
    {
      "subject_id": 1,
      "object_id": 3,
      "relation": "above",
      "explicit": false
    },
    {
      "subject_id": 2,
      "object_id": 3,
      "relation": "above",
      "explicit": true
    }
  ]
}