{
  "image_id": 433,
  "image_filename": "image_00433.png",
  "num_entities": 4,
  "entities": [
    {
      "id": 0,
      "shape": "rectangle",
      "size": "small",
      "color": "blue",
      "center": [
        101,
        107
      ],
      "bbox": {
        "x_min": 91,
        "y_min": 92,
        "x_max": 111,
        "y_max": 122
      }
    },
    {
      "id": 1,
      "shape": "square",
      "size": "large",
      "color": "magenta",
      "center": [
        136,
        169
      ],
      "bbox": {
        "x_min": 96,
        "y_min": 129,
        "x_max": 176,
        "y_max": 209
      }
    },
    {
      "id": 2,
      "shape": "square",
      "size": "large",
      "color": "green",
      "center": [
        167,
        57
      ],
      "bbox": {
        "x_min": 127,
        "y_min": 17,
        "x_max": 207,
        "y_max": 97
      }
    },
    {
      "id": 3,
      "shape": "triangle",
      "size": "medium",
      "color": "purple",
      "center": [
        55,
        67
      ],
      "bbox": {
        "x_min": 29,
        "y_min": 37,
        "x_max": 80,
        "y_max": 82
      }
    }
  ],
  "relations": [
    {
      "subject_id": 0,
      "object_id": 1,
      "relation": "below",
      "explicit": false
    },
    {
      "subject_id": 0,
      "object_id": 2,
      "relation": "right_of",
      "explicit": true
    },
    {
      "subject_id": 0,
      "object_id": 3,
      "relation": "left_of",
      "explicit": true
    },
    {
      "subject_id": 1,
      "object_id": 2,
      "relation": "above",
      "explicit": true
    },
    {
      "subject_id": 1,
      "object_id": 3,
      "relation": "above",
      "explicit": true
    },
    {
      "subject_id": 2,
      "object_id": 3,
      "relation": "left_of",
      "explicit": false
    }
  ]
}