{
  "image_id": 353,
  "image_filename": "image_00353.png",
  "num_entities": 3,
  "entities": [
    {
      "id": 0,
      "shape": "triangle",
      "size": "large",
      "color": "blue",
      "center": [
        131,
        87
      ],
      "bbox": {
        "x_min": 96,
        "y_min": 47,
        "x_max": 165,
        "y_max": 107
      }
    },
    {
      "id": 1,
      "shape": "rectangle",
      "size": "small",
      "color": "orange",
      "center": [
        155,
        153
      ],
      "bbox": {
        "x_min": 145,
        "y_min": 138,
        "x_max": 165,
        "y_max": 168
      }
    },
    {
      "id": 2,
      "shape": "rectangle",
      "size": "small",
      "color": "red",
      "center": [
        58,
        159
      ],
      "bbox": {
        "x_min": 48,
        "y_min": 144,
        "x_max": 68,
        "y_max": 174
      }
    }
  ],
  "relations": [
    {
      "subject_id": 0,
      "object_id": 1,
      "relation": "below",
      "explicit": true
    },
    {
      "subject_id": 0,
      "object_id": 2,
      "relation": "left_of",
      "explicit": true
    },
    {
      "subject_id": 1,
      "object_id": 2,
      "relation": "left_of",
      "explicit": false
    }
  ]
}