{
  "image_id": 586,
  "image_filename": "image_00586.png",
  "num_entities": 2,
  "entities": [
    {
      "id": 0,
      "shape": "square",
      "size": "small",
      "color": "green",
      "center": [
        172,
        112
      ],
      "bbox": {
        "x_min": 152,
        "y_min": 92,
        "x_max": 192,
        "y_max": 132
      }
    },
    {
      "id": 1,
      "shape": "circle",
      "size": "medium",
      "color": "magenta",
      "center": [
        79,
        121
      ],
      "bbox": {
        "x_min": 49,
        "y_min": 91,
        "x_max": 109,
        "y_max": 151
      }
    }
  ],
  "relations": [
    {
      "subject_id": 0,
      "object_id": 1,
      "relation": "left_of",
      "explicit": true
    }
  ]
}