{
  "image_id": 290,
  "image_filename": "image_00290.png",
  "num_entities": 2,
  "entities": [
    {
      "id": 0,
      "shape": "square",
      "size": "medium",
      "color": "magenta",
      "center": [
        97,
        173
      ],
      "bbox": {
        "x_min": 67,
        "y_min": 143,
        "x_max": 127,
        "y_max": 203
      }
    },
    {
      "id": 1,
      "shape": "square",
      "size": "small",
      "color": "cyan",
      "center": [
        172,
        117
      ],
      "bbox": {
        "x_min": 152,
        "y_min": 97,
        "x_max": 192,
        "y_max": 137
      }
    }
  ],
  "relations": [
    {
      "subject_id": 0,
      "object_id": 1,
      "relation": "right_of",
      "explicit": false
    }
  ]
}