{
  "image_id": 897,
  "image_filename": "image_00897.png",
  "num_entities": 3,
  "entities": [
    {
      "id": 0,
      "shape": "square",
      "size": "medium",
      "color": "blue",
      "center": [
        92,
        64
      ],
      "bbox": {
        "x_min": 62,
        "y_min": 34,
        "x_max": 122,
        "y_max": 94
      }
    },
    {
      "id": 1,
      "shape": "rectangle",
      "size": "medium",
      "color": "cyan",
      "center": [
        146,
        168
      ],
      "bbox": {
        "x_min": 131,
        "y_min": 146,
        "x_max": 161,
        "y_max": 190
      }
    },
    {
      "id": 2,
      "shape": "square",
      "size": "medium",
      "color": "purple",
      "center": [
        52,
        166
      ],
      "bbox": {
        "x_min": 22,
        "y_min": 136,
        "x_max": 82,
        "y_max": 196
      }
    }
  ],
  "relations": [
    {
      "subject_id": 0,
      "object_id": 1,
      "relation": "below",
      "explicit": false
    },
    {
      "subject_id": 0,
      "object_id": 2,
      "relation": "below",
      "explicit": false
    },
    {
      "subject_id": 1,
      "object_id": 2,
      "relation": "left_of",
      "explicit": true
    }
  ]
}