{
  "image_id": 402,
  "image_filename": "image_00402.png",
  "num_entities": 2,
  "entities": [
    {
      "id": 0,
      "shape": "rectangle",
      "size": "medium",
      "color": "purple",
      "center": [
        134,
        62
      ],
      "bbox": {
        "x_min": 119,
        "y_min": 40,
        "x_max": 149,
        "y_max": 84
      }
    },
    {
      "id": 1,
      "shape": "square",
      "size": "large",
      "color": "red",
      "center": [
        56,
        169
      ],
      "bbox": {
        "x_min": 16,
        "y_min": 129,
        "x_max": 96,
        "y_max": 209
      }
    }
  ],
  "relations": [
    {
      "subject_id": 0,
      "object_id": 1,
      "relation": "below",
      "explicit": true
    }
  ]
}