{
  "image_id": 527,
  "image_filename": "image_00527.png",
  "num_entities": 2,
  "entities": [
    {
      "id": 0,
      "shape": "rectangle",
      "size": "medium",
      "color": "purple",
      "center": [
        134,
        118
      ],
      "bbox": {
        "x_min": 119,
        "y_min": 96,
        "x_max": 149,
        "y_max": 140
      }
    },
    {
      "id": 1,
      "shape": "circle",
      "size": "small",
      "color": "yellow",
      "center": [
        68,
        127
      ],
      "bbox": {
        "x_min": 48,
        "y_min": 107,
        "x_max": 88,
        "y_max": 147
      }
    }
  ],
  "relations": [
    {
      "subject_id": 0,
      "object_id": 1,
      "relation": "left_of",
      "explicit": false
    }
  ]
}