{
  "image_id": 293,
  "image_filename": "image_00293.png",
  "num_entities": 3,
  "entities": [
    {
      "id": 0,
      "shape": "triangle",
      "size": "small",
      "color": "yellow",
      "center": [
        53,
        151
      ],
      "bbox": {
        "x_min": 35,
        "y_min": 131,
        "x_max": 70,
        "y_max": 161
      }
    },
    {
      "id": 1,
      "shape": "triangle",
      "size": "medium",
      "color": "magenta",
      "center": [
        149,
        77
      ],
      "bbox": {
        "x_min": 123,
        "y_min": 47,
        "x_max": 174,
        "y_max": 92
      }
    },
    {
      "id": 2,
      "shape": "square",
      "size": "small",
      "color": "orange",
      "center": [
        106,
        159
      ],
      "bbox": {
        "x_min": 86,
        "y_min": 139,
        "x_max": 126,
        "y_max": 179
      }
    }
  ],
  "relations": [
    {
      "subject_id": 0,
      "object_id": 1,
      "relation": "right_of",
      "explicit": true
    },
    {
      "subject_id": 0,
      "object_id": 2,
      "relation": "right_of",
      "explicit": true
    },
    {
      "subject_id": 1,
      "object_id": 2,
      "relation": "below",
      "explicit": true
    }
  ]
}