{
  "image_id": 475,
  "image_filename": "image_00475.png",
  "num_entities": 4,
  "entities": [
    {
      "id": 0,
      "shape": "square",
      "size": "medium",
      "color": "yellow",
      "center": [
        98,
        117
      ],
      "bbox": {
        "x_min": 68,
        "y_min": 87,
        "x_max": 128,
        "y_max": 147
      }
    },
    {
      "id": 1,
      "shape": "circle",
      "size": "large",
      "color": "red",
      "center": [
        168,
        58
      ],
      "bbox": {
        "x_min": 128,
        "y_min": 18,
        "x_max": 208,
        "y_max": 98
      }
    },
    {
      "id": 2,
      "shape": "triangle",
      "size": "large",
      "color": "magenta",
      "center": [
        158,
        172
      ],
      "bbox": {
        "x_min": 123,
        "y_min": 132,
        "x_max": 192,
        "y_max": 192
      }
    },
    {
      "id": 3,
      "shape": "triangle",
      "size": "medium",
      "color": "orange",
      "center": [
        59,
        52
      ],
      "bbox": {
        "x_min": 33,
        "y_min": 22,
        "x_max": 84,
        "y_max": 67
      }
    }
  ],
  "relations": [
    {
      "subject_id": 0,
      "object_id": 1,
      "relation": "right_of",
      "explicit": false
    },
    {
      "subject_id": 0,
      "object_id": 2,
      "relation": "right_of",
      "explicit": false
    },
    {
      "subject_id": 0,
      "object_id": 3,
      "relation": "above",
      "explicit": true
    },
    {
      "subject_id": 1,
      "object_id": 2,
      "relation": "below",
      "explicit": false
    },
    {
      "subject_id": 1,
      "object_id": 3,
      "relation": "left_of",
      "explicit": false
    },
    {
      "subject_id": 2,
      "object_id": 3,
      "relation": "above",
      "explicit": true
    }
  ]
}