{
  "image_id": 383,
  "image_filename": "image_00383.png",
  "num_entities": 4,
  "entities": [
    {
      "id": 0,
      "shape": "circle",
      "size": "small",
      "color": "magenta",
      "center": [
        74,
        60
      ],
      "bbox": {
        "x_min": 54,
        "y_min": 40,
        "x_max": 94,
        "y_max": 80
      }
    },
    {
      "id": 1,
      "shape": "rectangle",
      "size": "small",
      "color": "blue",
      "center": [
        133,
        84
      ],
      "bbox": {
        "x_min": 123,
        "y_min": 69,
        "x_max": 143,
        "y_max": 99
      }
    },
    {
      "id": 2,
      "shape": "triangle",
      "size": "small",
      "color": "purple",
      "center": [
        135,
        158
      ],
      "bbox": {
        "x_min": 117,
        "y_min": 138,
        "x_max": 152,
        "y_max": 168
      }
    },
    {
      "id": 3,
      "shape": "circle",
      "size": "large",
      "color": "blue",
      "center": [
        54,
        135
      ],
      "bbox": {
        "x_min": 14,
        "y_min": 95,
        "x_max": 94,
        "y_max": 175
      }
    }
  ],
  "relations": [
    {
      "subject_id": 0,
      "object_id": 1,
      "relation": "right_of",
      "explicit": true
    },
    {
      "subject_id": 0,
      "object_id": 2,
      "relation": "below",
      "explicit": true
    },
    {
      "subject_id": 0,
      "object_id": 3,
      "relation": "below",
      "explicit": true
    },
    {
      "subject_id": 1,
      "object_id": 2,
      "relation": "below",
      "explicit": false
    },
    {
      "subject_id": 1,
      "object_id": 3,
      "relation": "left_of",
      "explicit": false
    },
    {
      "subject_id": 2,
      "object_id": 3,
      "relation": "left_of",
      "explicit": true
    }
  ]
}