{
  "image_id": 670,
  "image_filename": "image_00670.png",
  "num_entities": 4,
  "entities": [
    {
      "id": 0,
      "shape": "square",
      "size": "large",
      "color": "green",
      "center": [
        135,
        76
      ],
      "bbox": {
        "x_min": 95,
        "y_min": 36,
        "x_max": 175,
        "y_max": 116
      }
    },
    {
      "id": 1,
      "shape": "square",
      "size": "medium",
      "color": "orange",
      "center": [
        76,
        136
      ],
      "bbox": {
        "x_min": 46,
        "y_min": 106,
        "x_max": 106,
        "y_max": 166
      }
    },
    {
      "id": 2,
      "shape": "triangle",
      "size": "medium",
      "color": "blue",
      "center": [
        163,
        171
      ],
      "bbox": {
        "x_min": 137,
        "y_min": 141,
        "x_max": 188,
        "y_max": 186
      }
    },
    {
      "id": 3,
      "shape": "circle",
      "size": "medium",
      "color": "yellow",
      "center": [
        54,
        50
      ],
      "bbox": {
        "x_min": 24,
        "y_min": 20,
        "x_max": 84,
        "y_max": 80
      }
    }
  ],
  "relations": [
    {
      "subject_id": 0,
      "object_id": 1,
      "relation": "below",
      "explicit": false
    },
    {
      "subject_id": 0,
      "object_id": 2,
      "relation": "below",
      "explicit": false
    },
    {
      "subject_id": 0,
      "object_id": 3,
      "relation": "left_of",
      "explicit": false
    },
    {
      "subject_id": 1,
      "object_id": 2,
      "relation": "right_of",
      "explicit": false
    },
    {
      "subject_id": 1,
      "object_id": 3,
      "relation": "above",
      "explicit": true
    },
    {
      "subject_id": 2,
      "object_id": 3,
      "relation": "above",
      "explicit": true
    }
  ]
}