{
  "image_id": 597,
  "image_filename": "image_00597.png",
  "num_entities": 3,
  "entities": [
    {
      "id": 0,
      "shape": "circle",
      "size": "large",
      "color": "magenta",
      "center": [
        111,
        145
      ],
      "bbox": {
        "x_min": 71,
        "y_min": 105,
        "x_max": 151,
        "y_max": 185
      }
    },
    {
      "id": 1,
      "shape": "square",
      "size": "medium",
      "color": "orange",
      "center": [
        138,
        57
      ],
      "bbox": {
        "x_min": 108,
        "y_min": 27,
        "x_max": 168,
        "y_max": 87
      }
    },
    {
      "id": 2,
      "shape": "circle",
      "size": "small",
      "color": "green",
      "center": [
        67,
        86
      ],
      "bbox": {
        "x_min": 47,
        "y_min": 66,
        "x_max": 87,
        "y_max": 106
      }
    }
  ],
  "relations": [
    {
      "subject_id": 0,
      "object_id": 1,
      "relation": "above",
      "explicit": false
    },
    {
      "subject_id": 0,
      "object_id": 2,
      "relation": "above",
      "explicit": false
    },
    {
      "subject_id": 1,
      "object_id": 2,
      "relation": "left_of",
      "explicit": false
    }
  ]
}