{
  "image_id": 816,
  "image_filename": "image_00816.png",
  "num_entities": 2,
  "entities": [
    {
      "id": 0,
      "shape": "triangle",
      "size": "medium",
      "color": "blue",
      "center": [
        139,
        57
      ],
      "bbox": {
        "x_min": 113,
        "y_min": 27,
        "x_max": 164,
        "y_max": 72
      }
    },
    {
      "id": 1,
      "shape": "square",
      "size": "medium",
      "color": "purple",
      "center": [
        65,
        50
      ],
      "bbox": {
        "x_min": 35,
        "y_min": 20,
        "x_max": 95,
        "y_max": 80
      }
    }
  ],
  "relations": [
    {
      "subject_id": 0,
      "object_id": 1,
      "relation": "left_of",
      "explicit": true
    }
  ]
}