{
  "image_id": 46,
  "image_filename": "image_00046.png",
  "num_entities": 3,
  "entities": [
    {
      "id": 0,
      "shape": "circle",
      "size": "medium",
      "color": "cyan",
      "center": [
        103,
        63
      ],
      "bbox": {
        "x_min": 73,
        "y_min": 33,
        "x_max": 133,
        "y_max": 93
      }
    },
    {
      "id": 1,
      "shape": "circle",
      "size": "large",
      "color": "orange",
      "center": [
        173,
        118
      ],
      "bbox": {
        "x_min": 133,
        "y_min": 78,
        "x_max": 213,
        "y_max": 158
      }
    },
    {
      "id": 2,
      "shape": "rectangle",
      "size": "medium",
      "color": "cyan",
      "center": [
        87,
        157
      ],
      "bbox": {
        "x_min": 72,
        "y_min": 135,
        "x_max": 102,
        "y_max": 179
      }
    }
  ],
  "relations": [
    {
      "subject_id": 0,
      "object_id": 1,
      "relation": "right_of",
      "explicit": false
    },
    {
      "subject_id": 0,
      "object_id": 2,
      "relation": "below",
      "explicit": false
    },
    {
      "subject_id": 1,
      "object_id": 2,
      "relation": "left_of",
      "explicit": true
    }
  ]
}