{
  "image_id": 759,
  "image_filename": "image_00759.png",
  "num_entities": 2,
  "entities": [
    {
      "id": 0,
      "shape": "circle",
      "size": "large",
      "color": "magenta",
      "center": [
        85,
        124
      ],
      "bbox": {
        "x_min": 45,
        "y_min": 84,
        "x_max": 125,
        "y_max": 164
      }
    },
    {
      "id": 1,
      "shape": "square",
      "size": "large",
      "color": "orange",
      "center": [
        173,
        160
      ],
      "bbox": {
        "x_min": 133,
        "y_min": 120,
        "x_max": 213,
        "y_max": 200
      }
    }
  ],
  "relations": [
    {
      "subject_id": 0,
      "object_id": 1,
      "relation": "right_of",
      "explicit": false
    }
  ]
}