{
  "image_id": 290,
  "image_filename": "image_00290.png",
  "num_entities": 4,
  "entities": [
    {
      "id": 0,
      "shape": "triangle",
      "size": "medium",
      "color": "magenta",
      "center": [
        68,
        85
      ],
      "bbox": {
        "x_min": 42,
        "y_min": 55,
        "x_max": 93,
        "y_max": 100
      }
    },
    {
      "id": 1,
      "shape": "circle",
      "size": "large",
      "color": "red",
      "center": [
        166,
        141
      ],
      "bbox": {
        "x_min": 126,
        "y_min": 101,
        "x_max": 206,
        "y_max": 181
      }
    },
    {
      "id": 2,
      "shape": "rectangle",
      "size": "medium",
      "color": "cyan",
      "center": [
        143,
        63
      ],
      "bbox": {
        "x_min": 128,
        "y_min": 41,
        "x_max": 158,
        "y_max": 85
      }
    },
    {
      "id": 3,
      "shape": "rectangle",
      "size": "small",
      "color": "red",
      "center": [
        54,
        153
      ],
      "bbox": {
        "x_min": 44,
        "y_min": 138,
        "x_max": 64,
        "y_max": 168
      }
    }
  ],
  "relations": [
    {
      "subject_id": 0,
      "object_id": 1,
      "relation": "right_of",
      "explicit": false
    },
    {
      "subject_id": 0,
      "object_id": 2,
      "relation": "right_of",
      "explicit": true
    },
    {
      "subject_id": 0,
      "object_id": 3,
      "relation": "below",
      "explicit": true
    },
    {
      "subject_id": 1,
      "object_id": 2,
      "relation": "above",
      "explicit": true
    },
    {
      "subject_id": 1,
      "object_id": 3,
      "relation": "left_of",
      "explicit": true
    },
    {
      "subject_id": 2,
      "object_id": 3,
      "relation": "below",
      "explicit": true
    }
  ]
}