{
  "image_id": 552,
  "image_filename": "image_00552.png",
  "num_entities": 2,
  "entities": [
    {
      "id": 0,
      "shape": "rectangle",
      "size": "large",
      "color": "yellow",
      "center": [
        94,
        84
      ],
      "bbox": {
        "x_min": 74,
        "y_min": 54,
        "x_max": 114,
        "y_max": 114
      }
    },
    {
      "id": 1,
      "shape": "rectangle",
      "size": "small",
      "color": "magenta",
      "center": [
        131,
        163
      ],
      "bbox": {
        "x_min": 121,
        "y_min": 148,
        "x_max": 141,
        "y_max": 178
      }
    }
  ],
  "relations": [
    {
      "subject_id": 0,
      "object_id": 1,
      "relation": "below",
      "explicit": false
    }
  ]
}