{
  "image_id": 230,
  "image_filename": "image_00230.png",
  "num_entities": 4,
  "entities": [
    {
      "id": 0,
      "shape": "circle",
      "size": "small",
      "color": "blue",
      "center": [
        161,
        84
      ],
      "bbox": {
        "x_min": 141,
        "y_min": 64,
        "x_max": 181,
        "y_max": 104
      }
    },
    {
      "id": 1,
      "shape": "circle",
      "size": "small",
      "color": "magenta",
      "center": [
        103,
        140
      ],
      "bbox": {
        "x_min": 83,
        "y_min": 120,
        "x_max": 123,
        "y_max": 160
      }
    },
    {
      "id": 2,
      "shape": "rectangle",
      "size": "medium",
      "color": "red",
      "center": [
        61,
        59
      ],
      "bbox": {
        "x_min": 46,
        "y_min": 37,
        "x_max": 76,
        "y_max": 81
      }
    },
    {
      "id": 3,
      "shape": "circle",
      "size": "small",
      "color": "blue",
      "center": [
        121,
        50
      ],
      "bbox": {
        "x_min": 101,
        "y_min": 30,
        "x_max": 141,
        "y_max": 70
      }
    }
  ],
  "relations": [
    {
      "subject_id": 0,
      "object_id": 1,
      "relation": "left_of",
      "explicit": true
    },
    {
      "subject_id": 0,
      "object_id": 2,
      "relation": "left_of",
      "explicit": false
    },
    {
      "subject_id": 0,
      "object_id": 3,
      "relation": "left_of",
      "explicit": true
    },
    {
      "subject_id": 1,
      "object_id": 2,
      "relation": "above",
      "explicit": true
    },
    {
      "subject_id": 1,
      "object_id": 3,
      "relation": "above",
      "explicit": true
    },
    {
      "subject_id": 2,
      "object_id": 3,
      "relation": "right_of",
      "explicit": false
    }
  ]
}