{
  "image_id": 178,
  "image_filename": "image_00178.png",
  "num_entities": 2,
  "entities": [
    {
      "id": 0,
      "shape": "circle",
      "size": "medium",
      "color": "blue",
      "center": [
        165,
        145
      ],
      "bbox": {
        "x_min": 135,
        "y_min": 115,
        "x_max": 195,
        "y_max": 175
      }
    },
    {
      "id": 1,
      "shape": "circle",
      "size": "large",
      "color": "orange",
      "center": [
        66,
        171
      ],
      "bbox": {
        "x_min": 26,
        "y_min": 131,
        "x_max": 106,
        "y_max": 211
      }
    }
  ],
  "relations": [
    {
      "subject_id": 0,
      "object_id": 1,
      "relation": "left_of",
      "explicit": false
    }
  ]
}