{
  "image_id": 497,
  "image_filename": "image_00497.png",
  "num_entities": 3,
  "entities": [
    {
      "id": 0,
      "shape": "circle",
      "size": "medium",
      "color": "orange",
      "center": [
        70,
        55
      ],
      "bbox": {
        "x_min": 40,
        "y_min": 25,
        "x_max": 100,
        "y_max": 85
      }
    },
    {
      "id": 1,
      "shape": "rectangle",
      "size": "medium",
      "color": "purple",
      "center": [
        130,
        166
      ],
      "bbox": {
        "x_min": 115,
        "y_min": 144,
        "x_max": 145,
        "y_max": 188
      }
    },
    {
      "id": 2,
      "shape": "rectangle",
      "size": "small",
      "color": "cyan",
      "center": [
        85,
        126
      ],
      "bbox": {
        "x_min": 75,
        "y_min": 111,
        "x_max": 95,
        "y_max": 141
      }
    }
  ],
  "relations": [
    {
      "subject_id": 0,
      "object_id": 1,
      "relation": "below",
      "explicit": true
    },
    {
      "subject_id": 0,
      "object_id": 2,
      "relation": "below",
      "explicit": true
    },
    {
      "subject_id": 1,
      "object_id": 2,
      "relation": "left_of",
      "explicit": false
    }
  ]
}