{
  "image_id": 449,
  "image_filename": "image_00449.png",
  "num_entities": 4,
  "entities": [
    {
      "id": 0,
      "shape": "rectangle",
      "size": "large",
      "color": "cyan",
      "center": [
        169,
        62
      ],
      "bbox": {
        "x_min": 149,
        "y_min": 32,
        "x_max": 189,
        "y_max": 92
      }
    },
    {
      "id": 1,
      "shape": "square",
      "size": "medium",
      "color": "blue",
      "center": [
        79,
        104
      ],
      "bbox": {
        "x_min": 49,
        "y_min": 74,
        "x_max": 109,
        "y_max": 134
      }
    },
    {
      "id": 2,
      "shape": "circle",
      "size": "small",
      "color": "magenta",
      "center": [
        147,
        151
      ],
      "bbox": {
        "x_min": 127,
        "y_min": 131,
        "x_max": 167,
        "y_max": 171
      }
    },
    {
      "id": 3,
      "shape": "circle",
      "size": "small",
      "color": "red",
      "center": [
        60,
        171
      ],
      "bbox": {
        "x_min": 40,
        "y_min": 151,
        "x_max": 80,
        "y_max": 191
      }
    }
  ],
  "relations": [
    {
      "subject_id": 0,
      "object_id": 1,
      "relation": "left_of",
      "explicit": false
    },
    {
      "subject_id": 0,
      "object_id": 2,
      "relation": "below",
      "explicit": true
    },
    {
      "subject_id": 0,
      "object_id": 3,
      "relation": "below",
      "explicit": true
    },
    {
      "subject_id": 1,
      "object_id": 2,
      "relation": "right_of",
      "explicit": false
    },
    {
      "subject_id": 1,
      "object_id": 3,
      "relation": "below",
      "explicit": true
    },
    {
      "subject_id": 2,
      "object_id": 3,
      "relation": "left_of",
      "explicit": false
    }
  ]
}