{
  "image_id": 311,
  "image_filename": "image_00311.png",
  "num_entities": 2,
  "entities": [
    {
      "id": 0,
      "shape": "rectangle",
      "size": "large",
      "color": "purple",
      "center": [
        51,
        79
      ],
      "bbox": {
        "x_min": 31,
        "y_min": 49,
        "x_max": 71,
        "y_max": 109
      }
    },
    {
      "id": 1,
      "shape": "triangle",
      "size": "large",
      "color": "red",
      "center": [
        141,
        116
      ],
      "bbox": {
        "x_min": 106,
        "y_min": 76,
        "x_max": 175,
        "y_max": 136
      }
    }
  ],
  "relations": [
    {
      "subject_id": 0,
      "object_id": 1,
      "relation": "right_of",
      "explicit": true
    }
  ]
}