{
  "image_id": 808,
  "image_filename": "image_00808.png",
  "num_entities": 4,
  "entities": [
    {
      "id": 0,
      "shape": "circle",
      "size": "small",
      "color": "orange",
      "center": [
        110,
        65
      ],
      "bbox": {
        "x_min": 90,
        "y_min": 45,
        "x_max": 130,
        "y_max": 85
      }
    },
    {
      "id": 1,
      "shape": "triangle",
      "size": "small",
      "color": "purple",
      "center": [
        53,
        147
      ],
      "bbox": {
        "x_min": 35,
        "y_min": 127,
        "x_max": 70,
        "y_max": 157
      }
    },
    {
      "id": 2,
      "shape": "rectangle",
      "size": "medium",
      "color": "blue",
      "center": [
        151,
        156
      ],
      "bbox": {
        "x_min": 136,
        "y_min": 134,
        "x_max": 166,
        "y_max": 178
      }
    },
    {
      "id": 3,
      "shape": "circle",
      "size": "small",
      "color": "yellow",
      "center": [
        162,
        80
      ],
      "bbox": {
        "x_min": 142,
        "y_min": 60,
        "x_max": 182,
        "y_max": 100
      }
    }
  ],
  "relations": [
    {
      "subject_id": 0,
      "object_id": 1,
      "relation": "below",
      "explicit": true
    },
    {
      "subject_id": 0,
      "object_id": 2,
      "relation": "below",
      "explicit": false
    },
    {
      "subject_id": 0,
      "object_id": 3,
      "relation": "right_of",
      "explicit": true
    },
    {
      "subject_id": 1,
      "object_id": 2,
      "relation": "right_of",
      "explicit": false
    },
    {
      "subject_id": 1,
      "object_id": 3,
      "relation": "right_of",
      "explicit": false
    },
    {
      "subject_id": 2,
      "object_id": 3,
      "relation": "above",
      "explicit": true
    }
  ]
}