{
  "image_id": 757,
  "image_filename": "image_00757.png",
  "num_entities": 4,
  "entities": [
    {
      "id": 0,
      "shape": "rectangle",
      "size": "large",
      "color": "purple",
      "center": [
        131,
        56
      ],
      "bbox": {
        "x_min": 111,
        "y_min": 26,
        "x_max": 151,
        "y_max": 86
      }
    },
    {
      "id": 1,
      "shape": "triangle",
      "size": "large",
      "color": "purple",
      "center": [
        126,
        172
      ],
      "bbox": {
        "x_min": 91,
        "y_min": 132,
        "x_max": 160,
        "y_max": 192
      }
    },
    {
      "id": 2,
      "shape": "square",
      "size": "medium",
      "color": "green",
      "center": [
        58,
        114
      ],
      "bbox": {
        "x_min": 28,
        "y_min": 84,
        "x_max": 88,
        "y_max": 144
      }
    },
    {
      "id": 3,
      "shape": "square",
      "size": "small",
      "color": "magenta",
      "center": [
        51,
        53
      ],
      "bbox": {
        "x_min": 31,
        "y_min": 33,
        "x_max": 71,
        "y_max": 73
      }
    }
  ],
  "relations": [
    {
      "subject_id": 0,
      "object_id": 1,
      "relation": "below",
      "explicit": false
    },
    {
      "subject_id": 0,
      "object_id": 2,
      "relation": "left_of",
      "explicit": false
    },
    {
      "subject_id": 0,
      "object_id": 3,
      "relation": "left_of",
      "explicit": true
    },
    {
      "subject_id": 1,
      "object_id": 2,
      "relation": "left_of",
      "explicit": true
    },
    {
      "subject_id": 1,
      "object_id": 3,
      "relation": "above",
      "explicit": true
    },
    {
      "subject_id": 2,
      "object_id": 3,
      "relation": "above",
      "explicit": true
    }
  ]
}