{
  "image_id": 225,
  "image_filename": "image_00225.png",
  "num_entities": 3,
  "entities": [
    {
      "id": 0,
      "shape": "rectangle",
      "size": "large",
      "color": "blue",
      "center": [
        158,
        173
      ],
      "bbox": {
        "x_min": 138,
        "y_min": 143,
        "x_max": 178,
        "y_max": 203
      }
    },
    {
      "id": 1,
      "shape": "rectangle",
      "size": "large",
      "color": "cyan",
      "center": [
        159,
        64
      ],
      "bbox": {
        "x_min": 139,
        "y_min": 34,
        "x_max": 179,
        "y_max": 94
      }
    },
    {
      "id": 2,
      "shape": "rectangle",
      "size": "large",
      "color": "blue",
      "center": [
        53,
        156
      ],
      "bbox": {
        "x_min": 33,
        "y_min": 126,
        "x_max": 73,
        "y_max": 186
      }
    }
  ],
  "relations": [
    {
      "subject_id": 0,
      "object_id": 1,
      "relation": "above",
      "explicit": false
    },
    {
      "subject_id": 0,
      "object_id": 2,
      "relation": "left_of",
      "explicit": false
    },
    {
      "subject_id": 1,
      "object_id": 2,
      "relation": "left_of",
      "explicit": false
    }
  ]
}