{
  "image_id": 895,
  "image_filename": "image_00895.png",
  "num_entities": 3,
  "entities": [
    {
      "id": 0,
      "shape": "circle",
      "size": "medium",
      "color": "orange",
      "center": [
        171,
        109
      ],
      "bbox": {
        "x_min": 141,
        "y_min": 79,
        "x_max": 201,
        "y_max": 139
      }
    },
    {
      "id": 1,
      "shape": "circle",
      "size": "small",
      "color": "orange",
      "center": [
        86,
        80
      ],
      "bbox": {
        "x_min": 66,
        "y_min": 60,
        "x_max": 106,
        "y_max": 100
      }
    },
    {
      "id": 2,
      "shape": "circle",
      "size": "large",
      "color": "red",
      "center": [
        94,
        169
      ],
      "bbox": {
        "x_min": 54,
        "y_min": 129,
        "x_max": 134,
        "y_max": 209
      }
    }
  ],
  "relations": [
    {
      "subject_id": 0,
      "object_id": 1,
      "relation": "left_of",
      "explicit": false
    },
    {
      "subject_id": 0,
      "object_id": 2,
      "relation": "left_of",
      "explicit": true
    },
    {
      "subject_id": 1,
      "object_id": 2,
      "relation": "below",
      "explicit": true
    }
  ]
}