{
  "image_id": 833,
  "image_filename": "image_00833.png",
  "num_entities": 2,
  "entities": [
    {
      "id": 0,
      "shape": "circle",
      "size": "small",
      "color": "purple",
      "center": [
        84,
        147
      ],
      "bbox": {
        "x_min": 64,
        "y_min": 127,
        "x_max": 104,
        "y_max": 167
      }
    },
    {
      "id": 1,
      "shape": "square",
      "size": "medium",
      "color": "cyan",
      "center": [
        137,
        69
      ],
      "bbox": {
        "x_min": 107,
        "y_min": 39,
        "x_max": 167,
        "y_max": 99
      }
    }
  ],
  "relations": [
    {
      "subject_id": 0,
      "object_id": 1,
      "relation": "above",
      "explicit": false
    }
  ]
}