{
  "image_id": 653,
  "image_filename": "image_00653.png",
  "num_entities": 3,
  "entities": [
    {
      "id": 0,
      "shape": "circle",
      "size": "large",
      "color": "magenta",
      "center": [
        148,
        104
      ],
      "bbox": {
        "x_min": 108,
        "y_min": 64,
        "x_max": 188,
        "y_max": 144
      }
    },
    {
      "id": 1,
      "shape": "circle",
      "size": "small",
      "color": "yellow",
      "center": [
        91,
        163
      ],
      "bbox": {
        "x_min": 71,
        "y_min": 143,
        "x_max": 111,
        "y_max": 183
      }
    },
    {
      "id": 2,
      "shape": "square",
      "size": "small",
      "color": "yellow",
      "center": [
        52,
        107
      ],
      "bbox": {
        "x_min": 32,
        "y_min": 87,
        "x_max": 72,
        "y_max": 127
      }
    }
  ],
  "relations": [
    {
      "subject_id": 0,
      "object_id": 1,
      "relation": "below",
      "explicit": true
    },
    {
      "subject_id": 0,
      "object_id": 2,
      "relation": "left_of",
      "explicit": true
    },
    {
      "subject_id": 1,
      "object_id": 2,
      "relation": "above",
      "explicit": false
    }
  ]
}