{
  "image_id": 115,
  "image_filename": "image_00115.png",
  "num_entities": 2,
  "entities": [
    {
      "id": 0,
      "shape": "circle",
      "size": "medium",
      "color": "purple",
      "center": [
        98,
        70
      ],
      "bbox": {
        "x_min": 68,
        "y_min": 40,
        "x_max": 128,
        "y_max": 100
      }
    },
    {
      "id": 1,
      "shape": "square",
      "size": "small",
      "color": "cyan",
      "center": [
        141,
        125
      ],
      "bbox": {
        "x_min": 121,
        "y_min": 105,
        "x_max": 161,
        "y_max": 145
      }
    }
  ],
  "relations": [
    {
      "subject_id": 0,
      "object_id": 1,
      "relation": "below",
      "explicit": true
    }
  ]
}