{
  "image_id": 80,
  "image_filename": "image_00080.png",
  "num_entities": 3,
  "entities": [
    {
      "id": 0,
      "shape": "square",
      "size": "medium",
      "color": "blue",
      "center": [
        168,
        138
      ],
      "bbox": {
        "x_min": 138,
        "y_min": 108,
        "x_max": 198,
        "y_max": 168
      }
    },
    {
      "id": 1,
      "shape": "square",
      "size": "large",
      "color": "orange",
      "center": [
        53,
        126
      ],
      "bbox": {
        "x_min": 13,
        "y_min": 86,
        "x_max": 93,
        "y_max": 166
      }
    },
    {
      "id": 2,
      "shape": "rectangle",
      "size": "medium",
      "color": "cyan",
      "center": [
        109,
        67
      ],
      "bbox": {
        "x_min": 94,
        "y_min": 45,
        "x_max": 124,
        "y_max": 89
      }
    }
  ],
  "relations": [
    {
      "subject_id": 0,
      "object_id": 1,
      "relation": "left_of",
      "explicit": false
    },
    {
      "subject_id": 0,
      "object_id": 2,
      "relation": "above",
      "explicit": false
    },
    {
      "subject_id": 1,
      "object_id": 2,
      "relation": "above",
      "explicit": false
    }
  ]
}