{
  "image_id": 758,
  "image_filename": "image_00758.png",
  "num_entities": 2,
  "entities": [
    {
      "id": 0,
      "shape": "triangle",
      "size": "medium",
      "color": "magenta",
      "center": [
        146,
        114
      ],
      "bbox": {
        "x_min": 120,
        "y_min": 84,
        "x_max": 171,
        "y_max": 129
      }
    },
    {
      "id": 1,
      "shape": "circle",
      "size": "large",
      "color": "yellow",
      "center": [
        78,
        167
      ],
      "bbox": {
        "x_min": 38,
        "y_min": 127,
        "x_max": 118,
        "y_max": 207
      }
    }
  ],
  "relations": [
    {
      "subject_id": 0,
      "object_id": 1,
      "relation": "left_of",
      "explicit": false
    }
  ]
}