{
  "image_id": 455,
  "image_filename": "image_00455.png",
  "num_entities": 2,
  "entities": [
    {
      "id": 0,
      "shape": "triangle",
      "size": "medium",
      "color": "green",
      "center": [
        123,
        139
      ],
      "bbox": {
        "x_min": 97,
        "y_min": 109,
        "x_max": 148,
        "y_max": 154
      }
    },
    {
      "id": 1,
      "shape": "circle",
      "size": "large",
      "color": "cyan",
      "center": [
        52,
        95
      ],
      "bbox": {
        "x_min": 12,
        "y_min": 55,
        "x_max": 92,
        "y_max": 135
      }
    }
  ],
  "relations": [
    {
      "subject_id": 0,
      "object_id": 1,
      "relation": "left_of",
      "explicit": true
    }
  ]
}