{
  "image_id": 281,
  "image_filename": "image_00281.png",
  "num_entities": 2,
  "entities": [
    {
      "id": 0,
      "shape": "square",
      "size": "medium",
      "color": "magenta",
      "center": [
        169,
        114
      ],
      "bbox": {
        "x_min": 139,
        "y_min": 84,
        "x_max": 199,
        "y_max": 144
      }
    },
    {
      "id": 1,
      "shape": "rectangle",
      "size": "small",
      "color": "yellow",
      "center": [
        93,
        162
      ],
      "bbox": {
        "x_min": 83,
        "y_min": 147,
        "x_max": 103,
        "y_max": 177
      }
    }
  ],
  "relations": [
    {
      "subject_id": 0,
      "object_id": 1,
      "relation": "left_of",
      "explicit": false
    }
  ]
}