{
  "image_id": 352,
  "image_filename": "image_00352.png",
  "num_entities": 2,
  "entities": [
    {
      "id": 0,
      "shape": "triangle",
      "size": "medium",
      "color": "cyan",
      "center": [
        88,
        54
      ],
      "bbox": {
        "x_min": 62,
        "y_min": 24,
        "x_max": 113,
        "y_max": 69
      }
    },
    {
      "id": 1,
      "shape": "rectangle",
      "size": "small",
      "color": "yellow",
      "center": [
        155,
        137
      ],
      "bbox": {
        "x_min": 145,
        "y_min": 122,
        "x_max": 165,
        "y_max": 152
      }
    }
  ],
  "relations": [
    {
      "subject_id": 0,
      "object_id": 1,
      "relation": "below",
      "explicit": false
    }
  ]
}