{
  "image_id": 966,
  "image_filename": "image_00966.png",
  "num_entities": 3,
  "entities": [
    {
      "id": 0,
      "shape": "circle",
      "size": "medium",
      "color": "magenta",
      "center": [
        166,
        171
      ],
      "bbox": {
        "x_min": 136,
        "y_min": 141,
        "x_max": 196,
        "y_max": 201
      }
    },
    {
      "id": 1,
      "shape": "circle",
      "size": "large",
      "color": "purple",
      "center": [
        94,
        132
      ],
      "bbox": {
        "x_min": 54,
        "y_min": 92,
        "x_max": 134,
        "y_max": 172
      }
    },
    {
      "id": 2,
      "shape": "triangle",
      "size": "small",
      "color": "magenta",
      "center": [
        137,
        73
      ],
      "bbox": {
        "x_min": 119,
        "y_min": 53,
        "x_max": 154,
        "y_max": 83
      }
    }
  ],
  "relations": [
    {
      "subject_id": 0,
      "object_id": 1,
      "relation": "left_of",
      "explicit": false
    },
    {
      "subject_id": 0,
      "object_id": 2,
      "relation": "above",
      "explicit": false
    },
    {
      "subject_id": 1,
      "object_id": 2,
      "relation": "above",
      "explicit": false
    }
  ]
}