{
  "image_id": 198,
  "image_filename": "image_00198.png",
  "num_entities": 2,
  "entities": [
    {
      "id": 0,
      "shape": "circle",
      "size": "small",
      "color": "purple",
      "center": [
        95,
        122
      ],
      "bbox": {
        "x_min": 75,
        "y_min": 102,
        "x_max": 115,
        "y_max": 142
      }
    },
    {
      "id": 1,
      "shape": "circle",
      "size": "large",
      "color": "orange",
      "center": [
        166,
        119
      ],
      "bbox": {
        "x_min": 126,
        "y_min": 79,
        "x_max": 206,
        "y_max": 159
      }
    }
  ],
  "relations": [
    {
      "subject_id": 0,
      "object_id": 1,
      "relation": "right_of",
      "explicit": true
    }
  ]
}