{
  "image_id": 508,
  "image_filename": "image_00508.png",
  "num_entities": 2,
  "entities": [
    {
      "id": 0,
      "shape": "triangle",
      "size": "medium",
      "color": "green",
      "center": [
        171,
        57
      ],
      "bbox": {
        "x_min": 145,
        "y_min": 27,
        "x_max": 196,
        "y_max": 72
      }
    },
    {
      "id": 1,
      "shape": "triangle",
      "size": "medium",
      "color": "green",
      "center": [
        97,
        116
      ],
      "bbox": {
        "x_min": 71,
        "y_min": 86,
        "x_max": 122,
        "y_max": 131
      }
    }
  ],
  "relations": [
    {
      "subject_id": 0,
      "object_id": 1,
      "relation": "left_of",
      "explicit": true
    }
  ]
}