{
  "image_id": 915,
  "image_filename": "image_00915.png",
  "num_entities": 2,
  "entities": [
    {
      "id": 0,
      "shape": "square",
      "size": "medium",
      "color": "cyan",
      "center": [
        151,
        123
      ],
      "bbox": {
        "x_min": 121,
        "y_min": 93,
        "x_max": 181,
        "y_max": 153
      }
    },
    {
      "id": 1,
      "shape": "circle",
      "size": "large",
      "color": "purple",
      "center": [
        68,
        171
      ],
      "bbox": {
        "x_min": 28,
        "y_min": 131,
        "x_max": 108,
        "y_max": 211
      }
    }
  ],
  "relations": [
    {
      "subject_id": 0,
      "object_id": 1,
      "relation": "left_of",
      "explicit": false
    }
  ]
}