{
  "image_id": 557,
  "image_filename": "image_00557.png",
  "num_entities": 3,
  "entities": [
    {
      "id": 0,
      "shape": "rectangle",
      "size": "large",
      "color": "yellow",
      "center": [
        100,
        67
      ],
      "bbox": {
        "x_min": 80,
        "y_min": 37,
        "x_max": 120,
        "y_max": 97
      }
    },
    {
      "id": 1,
      "shape": "circle",
      "size": "small",
      "color": "purple",
      "center": [
        158,
        158
      ],
      "bbox": {
        "x_min": 138,
        "y_min": 138,
        "x_max": 178,
        "y_max": 178
      }
    },
    {
      "id": 2,
      "shape": "rectangle",
      "size": "small",
      "color": "red",
      "center": [
        95,
        148
      ],
      "bbox": {
        "x_min": 85,
        "y_min": 133,
        "x_max": 105,
        "y_max": 163
      }
    }
  ],
  "relations": [
    {
      "subject_id": 0,
      "object_id": 1,
      "relation": "below",
      "explicit": true
    },
    {
      "subject_id": 0,
      "object_id": 2,
      "relation": "below",
      "explicit": true
    },
    {
      "subject_id": 1,
      "object_id": 2,
      "relation": "left_of",
      "explicit": true
    }
  ]
}