{
  "image_id": 159,
  "image_filename": "image_00159.png",
  "num_entities": 3,
  "entities": [
    {
      "id": 0,
      "shape": "square",
      "size": "medium",
      "color": "magenta",
      "center": [
        136,
        77
      ],
      "bbox": {
        "x_min": 106,
        "y_min": 47,
        "x_max": 166,
        "y_max": 107
      }
    },
    {
      "id": 1,
      "shape": "circle",
      "size": "medium",
      "color": "green",
      "center": [
        76,
        156
      ],
      "bbox": {
        "x_min": 46,
        "y_min": 126,
        "x_max": 106,
        "y_max": 186
      }
    },
    {
      "id": 2,
      "shape": "square",
      "size": "large",
      "color": "green",
      "center": [
        53,
        74
      ],
      "bbox": {
        "x_min": 13,
        "y_min": 34,
        "x_max": 93,
        "y_max": 114
      }
    }
  ],
  "relations": [
    {
      "subject_id": 0,
      "object_id": 1,
      "relation": "below",
      "explicit": true
    },
    {
      "subject_id": 0,
      "object_id": 2,
      "relation": "left_of",
      "explicit": false
    },
    {
      "subject_id": 1,
      "object_id": 2,
      "relation": "above",
      "explicit": true
    }
  ]
}