{
  "image_id": 195,
  "image_filename": "image_00195.png",
  "num_entities": 4,
  "entities": [
    {
      "id": 0,
      "shape": "triangle",
      "size": "small",
      "color": "blue",
      "center": [
        79,
        141
      ],
      "bbox": {
        "x_min": 61,
        "y_min": 121,
        "x_max": 96,
        "y_max": 151
      }
    },
    {
      "id": 1,
      "shape": "triangle",
      "size": "medium",
      "color": "cyan",
      "center": [
        169,
        78
      ],
      "bbox": {
        "x_min": 143,
        "y_min": 48,
        "x_max": 194,
        "y_max": 93
      }
    },
    {
      "id": 2,
      "shape": "rectangle",
      "size": "medium",
      "color": "magenta",
      "center": [
        94,
        68
      ],
      "bbox": {
        "x_min": 79,
        "y_min": 46,
        "x_max": 109,
        "y_max": 90
      }
    },
    {
      "id": 3,
      "shape": "square",
      "size": "medium",
      "color": "magenta",
      "center": [
        135,
        165
      ],
      "bbox": {
        "x_min": 105,
        "y_min": 135,
        "x_max": 165,
        "y_max": 195
      }
    }
  ],
  "relations": [
    {
      "subject_id": 0,
      "object_id": 1,
      "relation": "right_of",
      "explicit": true
    },
    {
      "subject_id": 0,
      "object_id": 2,
      "relation": "above",
      "explicit": true
    },
    {
      "subject_id": 0,
      "object_id": 3,
      "relation": "right_of",
      "explicit": false
    },
    {
      "subject_id": 1,
      "object_id": 2,
      "relation": "left_of",
      "explicit": true
    },
    {
      "subject_id": 1,
      "object_id": 3,
      "relation": "below",
      "explicit": true
    },
    {
      "subject_id": 2,
      "object_id": 3,
      "relation": "below",
      "explicit": true
    }
  ]
}