{
  "image_id": 205,
  "image_filename": "image_00205.png",
  "num_entities": 3,
  "entities": [
    {
      "id": 0,
      "shape": "square",
      "size": "large",
      "color": "magenta",
      "center": [
        128,
        111
      ],
      "bbox": {
        "x_min": 88,
        "y_min": 71,
        "x_max": 168,
        "y_max": 151
      }
    },
    {
      "id": 1,
      "shape": "triangle",
      "size": "large",
      "color": "red",
      "center": [
        57,
        171
      ],
      "bbox": {
        "x_min": 22,
        "y_min": 131,
        "x_max": 91,
        "y_max": 191
      }
    },
    {
      "id": 2,
      "shape": "triangle",
      "size": "small",
      "color": "purple",
      "center": [
        63,
        83
      ],
      "bbox": {
        "x_min": 45,
        "y_min": 63,
        "x_max": 80,
        "y_max": 93
      }
    }
  ],
  "relations": [
    {
      "subject_id": 0,
      "object_id": 1,
      "relation": "left_of",
      "explicit": true
    },
    {
      "subject_id": 0,
      "object_id": 2,
      "relation": "left_of",
      "explicit": false
    },
    {
      "subject_id": 1,
      "object_id": 2,
      "relation": "above",
      "explicit": true
    }
  ]
}