{
  "image_id": 418,
  "image_filename": "image_00418.png",
  "num_entities": 2,
  "entities": [
    {
      "id": 0,
      "shape": "rectangle",
      "size": "large",
      "color": "red",
      "center": [
        81,
        166
      ],
      "bbox": {
        "x_min": 61,
        "y_min": 136,
        "x_max": 101,
        "y_max": 196
      }
    },
    {
      "id": 1,
      "shape": "square",
      "size": "small",
      "color": "green",
      "center": [
        149,
        98
      ],
      "bbox": {
        "x_min": 129,
        "y_min": 78,
        "x_max": 169,
        "y_max": 118
      }
    }
  ],
  "relations": [
    {
      "subject_id": 0,
      "object_id": 1,
      "relation": "above",
      "explicit": true
    }
  ]
}