{
  "image_id": 917,
  "image_filename": "image_00917.png",
  "num_entities": 3,
  "entities": [
    {
      "id": 0,
      "shape": "rectangle",
      "size": "small",
      "color": "cyan",
      "center": [
        151,
        82
      ],
      "bbox": {
        "x_min": 141,
        "y_min": 67,
        "x_max": 161,
        "y_max": 97
      }
    },
    {
      "id": 1,
      "shape": "rectangle",
      "size": "large",
      "color": "cyan",
      "center": [
        71,
        108
      ],
      "bbox": {
        "x_min": 51,
        "y_min": 78,
        "x_max": 91,
        "y_max": 138
      }
    },
    {
      "id": 2,
      "shape": "square",
      "size": "large",
      "color": "yellow",
      "center": [
        153,
        155
      ],
      "bbox": {
        "x_min": 113,
        "y_min": 115,
        "x_max": 193,
        "y_max": 195
      }
    }
  ],
  "relations": [
    {
      "subject_id": 0,
      "object_id": 1,
      "relation": "left_of",
      "explicit": true
    },
    {
      "subject_id": 0,
      "object_id": 2,
      "relation": "below",
      "explicit": false
    },
    {
      "subject_id": 1,
      "object_id": 2,
      "relation": "right_of",
      "explicit": false
    }
  ]
}