{
  "image_id": 689,
  "image_filename": "image_00689.png",
  "num_entities": 4,
  "entities": [
    {
      "id": 0,
      "shape": "circle",
      "size": "large",
      "color": "orange",
      "center": [
        75,
        104
      ],
      "bbox": {
        "x_min": 35,
        "y_min": 64,
        "x_max": 115,
        "y_max": 144
      }
    },
    {
      "id": 1,
      "shape": "square",
      "size": "large",
      "color": "yellow",
      "center": [
        154,
        56
      ],
      "bbox": {
        "x_min": 114,
        "y_min": 16,
        "x_max": 194,
        "y_max": 96
      }
    },
    {
      "id": 2,
      "shape": "square",
      "size": "small",
      "color": "green",
      "center": [
        60,
        174
      ],
      "bbox": {
        "x_min": 40,
        "y_min": 154,
        "x_max": 80,
        "y_max": 194
      }
    },
    {
      "id": 3,
      "shape": "triangle",
      "size": "large",
      "color": "green",
      "center": [
        164,
        162
      ],
      "bbox": {
        "x_min": 129,
        "y_min": 122,
        "x_max": 198,
        "y_max": 182
      }
    }
  ],
  "relations": [
    {
      "subject_id": 0,
      "object_id": 1,
      "relation": "right_of",
      "explicit": true
    },
    {
      "subject_id": 0,
      "object_id": 2,
      "relation": "below",
      "explicit": true
    },
    {
      "subject_id": 0,
      "object_id": 3,
      "relation": "right_of",
      "explicit": true
    },
    {
      "subject_id": 1,
      "object_id": 2,
      "relation": "below",
      "explicit": false
    },
    {
      "subject_id": 1,
      "object_id": 3,
      "relation": "below",
      "explicit": true
    },
    {
      "subject_id": 2,
      "object_id": 3,
      "relation": "right_of",
      "explicit": false
    }
  ]
}