{
  "image_id": 282,
  "image_filename": "image_00282.png",
  "num_entities": 2,
  "entities": [
    {
      "id": 0,
      "shape": "circle",
      "size": "small",
      "color": "blue",
      "center": [
        166,
        150
      ],
      "bbox": {
        "x_min": 146,
        "y_min": 130,
        "x_max": 186,
        "y_max": 170
      }
    },
    {
      "id": 1,
      "shape": "circle",
      "size": "medium",
      "color": "yellow",
      "center": [
        98,
        158
      ],
      "bbox": {
        "x_min": 68,
        "y_min": 128,
        "x_max": 128,
        "y_max": 188
      }
    }
  ],
  "relations": [
    {
      "subject_id": 0,
      "object_id": 1,
      "relation": "left_of",
      "explicit": true
    }
  ]
}