{
  "image_id": 578,
  "image_filename": "image_00578.png",
  "num_entities": 4,
  "entities": [
    {
      "id": 0,
      "shape": "rectangle",
      "size": "large",
      "color": "yellow",
      "center": [
        65,
        146
      ],
      "bbox": {
        "x_min": 45,
        "y_min": 116,
        "x_max": 85,
        "y_max": 176
      }
    },
    {
      "id": 1,
      "shape": "rectangle",
      "size": "medium",
      "color": "yellow",
      "center": [
        172,
        139
      ],
      "bbox": {
        "x_min": 157,
        "y_min": 117,
        "x_max": 187,
        "y_max": 161
      }
    },
    {
      "id": 2,
      "shape": "circle",
      "size": "medium",
      "color": "purple",
      "center": [
        53,
        60
      ],
      "bbox": {
        "x_min": 23,
        "y_min": 30,
        "x_max": 83,
        "y_max": 90
      }
    },
    {
      "id": 3,
      "shape": "square",
      "size": "small",
      "color": "green",
      "center": [
        123,
        79
      ],
      "bbox": {
        "x_min": 103,
        "y_min": 59,
        "x_max": 143,
        "y_max": 99
      }
    }
  ],
  "relations": [
    {
      "subject_id": 0,
      "object_id": 1,
      "relation": "right_of",
      "explicit": true
    },
    {
      "subject_id": 0,
      "object_id": 2,
      "relation": "above",
      "explicit": true
    },
    {
      "subject_id": 0,
      "object_id": 3,
      "relation": "above",
      "explicit": false
    },
    {
      "subject_id": 1,
      "object_id": 2,
      "relation": "left_of",
      "explicit": false
    },
    {
      "subject_id": 1,
      "object_id": 3,
      "relation": "above",
      "explicit": false
    },
    {
      "subject_id": 2,
      "object_id": 3,
      "relation": "right_of",
      "explicit": false
    }
  ]
}