{
  "image_id": 801,
  "image_filename": "image_00801.png",
  "num_entities": 2,
  "entities": [
    {
      "id": 0,
      "shape": "square",
      "size": "small",
      "color": "cyan",
      "center": [
        149,
        89
      ],
      "bbox": {
        "x_min": 129,
        "y_min": 69,
        "x_max": 169,
        "y_max": 109
      }
    },
    {
      "id": 1,
      "shape": "square",
      "size": "medium",
      "color": "green",
      "center": [
        104,
        145
      ],
      "bbox": {
        "x_min": 74,
        "y_min": 115,
        "x_max": 134,
        "y_max": 175
      }
    }
  ],
  "relations": [
    {
      "subject_id": 0,
      "object_id": 1,
      "relation": "below",
      "explicit": true
    }
  ]
}