{
  "image_id": 859,
  "image_filename": "image_00859.png",
  "num_entities": 4,
  "entities": [
    {
      "id": 0,
      "shape": "rectangle",
      "size": "small",
      "color": "red",
      "center": [
        53,
        64
      ],
      "bbox": {
        "x_min": 43,
        "y_min": 49,
        "x_max": 63,
        "y_max": 79
      }
    },
    {
      "id": 1,
      "shape": "circle",
      "size": "small",
      "color": "red",
      "center": [
        165,
        114
      ],
      "bbox": {
        "x_min": 145,
        "y_min": 94,
        "x_max": 185,
        "y_max": 134
      }
    },
    {
      "id": 2,
      "shape": "triangle",
      "size": "medium",
      "color": "red",
      "center": [
        84,
        140
      ],
      "bbox": {
        "x_min": 58,
        "y_min": 110,
        "x_max": 109,
        "y_max": 155
      }
    },
    {
      "id": 3,
      "shape": "circle",
      "size": "medium",
      "color": "purple",
      "center": [
        140,
        52
      ],
      "bbox": {
        "x_min": 110,
        "y_min": 22,
        "x_max": 170,
        "y_max": 82
      }
    }
  ],
  "relations": [
    {
      "subject_id": 0,
      "object_id": 1,
      "relation": "right_of",
      "explicit": true
    },
    {
      "subject_id": 0,
      "object_id": 2,
      "relation": "below",
      "explicit": false
    },
    {
      "subject_id": 0,
      "object_id": 3,
      "relation": "right_of",
      "explicit": false
    },
    {
      "subject_id": 1,
      "object_id": 2,
      "relation": "left_of",
      "explicit": false
    },
    {
      "subject_id": 1,
      "object_id": 3,
      "relation": "above",
      "explicit": true
    },
    {
      "subject_id": 2,
      "object_id": 3,
      "relation": "above",
      "explicit": false
    }
  ]
}