{
  "image_id": 957,
  "image_filename": "image_00957.png",
  "num_entities": 2,
  "entities": [
    {
      "id": 0,
      "shape": "triangle",
      "size": "small",
      "color": "magenta",
      "center": [
        98,
        137
      ],
      "bbox": {
        "x_min": 80,
        "y_min": 117,
        "x_max": 115,
        "y_max": 147
      }
    },
    {
      "id": 1,
      "shape": "square",
      "size": "medium",
      "color": "purple",
      "center": [
        72,
        74
      ],
      "bbox": {
        "x_min": 42,
        "y_min": 44,
        "x_max": 102,
        "y_max": 104
      }
    }
  ],
  "relations": [
    {
      "subject_id": 0,
      "object_id": 1,
      "relation": "above",
      "explicit": true
    }
  ]
}