{
  "image_id": 563,
  "image_filename": "image_00563.png",
  "num_entities": 2,
  "entities": [
    {
      "id": 0,
      "shape": "triangle",
      "size": "large",
      "color": "yellow",
      "center": [
        157,
        163
      ],
      "bbox": {
        "x_min": 122,
        "y_min": 123,
        "x_max": 191,
        "y_max": 183
      }
    },
    {
      "id": 1,
      "shape": "circle",
      "size": "small",
      "color": "magenta",
      "center": [
        105,
        68
      ],
      "bbox": {
        "x_min": 85,
        "y_min": 48,
        "x_max": 125,
        "y_max": 88
      }
    }
  ],
  "relations": [
    {
      "subject_id": 0,
      "object_id": 1,
      "relation": "above",
      "explicit": true
    }
  ]
}