{
  "image_id": 95,
  "image_filename": "image_00095.png",
  "num_entities": 3,
  "entities": [
    {
      "id": 0,
      "shape": "triangle",
      "size": "small",
      "color": "blue",
      "center": [
        65,
        127
      ],
      "bbox": {
        "x_min": 47,
        "y_min": 107,
        "x_max": 82,
        "y_max": 137
      }
    },
    {
      "id": 1,
      "shape": "triangle",
      "size": "large",
      "color": "purple",
      "center": [
        159,
        56
      ],
      "bbox": {
        "x_min": 124,
        "y_min": 16,
        "x_max": 193,
        "y_max": 76
      }
    },
    {
      "id": 2,
      "shape": "rectangle",
      "size": "large",
      "color": "red",
      "center": [
        156,
        174
      ],
      "bbox": {
        "x_min": 136,
        "y_min": 144,
        "x_max": 176,
        "y_max": 204
      }
    }
  ],
  "relations": [
    {
      "subject_id": 0,
      "object_id": 1,
      "relation": "right_of",
      "explicit": false
    },
    {
      "subject_id": 0,
      "object_id": 2,
      "relation": "right_of",
      "explicit": true
    },
    {
      "subject_id": 1,
      "object_id": 2,
      "relation": "below",
      "explicit": true
    }
  ]
}