{
  "image_id": 869,
  "image_filename": "image_00869.png",
  "num_entities": 3,
  "entities": [
    {
      "id": 0,
      "shape": "triangle",
      "size": "small",
      "color": "cyan",
      "center": [
        62,
        109
      ],
      "bbox": {
        "x_min": 44,
        "y_min": 89,
        "x_max": 79,
        "y_max": 119
      }
    },
    {
      "id": 1,
      "shape": "square",
      "size": "medium",
      "color": "cyan",
      "center": [
        130,
        62
      ],
      "bbox": {
        "x_min": 100,
        "y_min": 32,
        "x_max": 160,
        "y_max": 92
      }
    },
    {
      "id": 2,
      "shape": "triangle",
      "size": "medium",
      "color": "yellow",
      "center": [
        155,
        137
      ],
      "bbox": {
        "x_min": 129,
        "y_min": 107,
        "x_max": 180,
        "y_max": 152
      }
    }
  ],
  "relations": [
    {
      "subject_id": 0,
      "object_id": 1,
      "relation": "right_of",
      "explicit": true
    },
    {
      "subject_id": 0,
      "object_id": 2,
      "relation": "right_of",
      "explicit": true
    },
    {
      "subject_id": 1,
      "object_id": 2,
      "relation": "below",
      "explicit": true
    }
  ]
}