{
  "image_id": 546,
  "image_filename": "image_00546.png",
  "num_entities": 3,
  "entities": [
    {
      "id": 0,
      "shape": "square",
      "size": "large",
      "color": "blue",
      "center": [
        129,
        88
      ],
      "bbox": {
        "x_min": 89,
        "y_min": 48,
        "x_max": 169,
        "y_max": 128
      }
    },
    {
      "id": 1,
      "shape": "triangle",
      "size": "small",
      "color": "red",
      "center": [
        150,
        171
      ],
      "bbox": {
        "x_min": 132,
        "y_min": 151,
        "x_max": 167,
        "y_max": 181
      }
    },
    {
      "id": 2,
      "shape": "triangle",
      "size": "large",
      "color": "purple",
      "center": [
        80,
        164
      ],
      "bbox": {
        "x_min": 45,
        "y_min": 124,
        "x_max": 114,
        "y_max": 184
      }
    }
  ],
  "relations": [
    {
      "subject_id": 0,
      "object_id": 1,
      "relation": "below",
      "explicit": false
    },
    {
      "subject_id": 0,
      "object_id": 2,
      "relation": "below",
      "explicit": true
    },
    {
      "subject_id": 1,
      "object_id": 2,
      "relation": "left_of",
      "explicit": true
    }
  ]
}