{
  "image_id": 125,
  "image_filename": "image_00125.png",
  "num_entities": 2,
  "entities": [
    {
      "id": 0,
      "shape": "rectangle",
      "size": "large",
      "color": "red",
      "center": [
        112,
        128
      ],
      "bbox": {
        "x_min": 92,
        "y_min": 98,
        "x_max": 132,
        "y_max": 158
      }
    },
    {
      "id": 1,
      "shape": "circle",
      "size": "large",
      "color": "cyan",
      "center": [
        59,
        51
      ],
      "bbox": {
        "x_min": 19,
        "y_min": 11,
        "x_max": 99,
        "y_max": 91
      }
    }
  ],
  "relations": [
    {
      "subject_id": 0,
      "object_id": 1,
      "relation": "above",
      "explicit": true
    }
  ]
}