{
  "image_id": 546,
  "image_filename": "image_00546.png",
  "num_entities": 5,
  "entities": [
    {
      "id": 0,
      "shape": "triangle",
      "size": "medium",
      "color": "purple",
      "center": [
        111,
        54
      ],
      "bbox": {
        "x_min": 85,
        "y_min": 24,
        "x_max": 136,
        "y_max": 69
      }
    },
    {
      "id": 1,
      "shape": "circle",
      "size": "medium",
      "color": "purple",
      "center": [
        140,
        156
      ],
      "bbox": {
        "x_min": 110,
        "y_min": 126,
        "x_max": 170,
        "y_max": 186
      }
    },
    {
      "id": 2,
      "shape": "triangle",
      "size": "large",
      "color": "purple",
      "center": [
        59,
        173
      ],
      "bbox": {
        "x_min": 24,
        "y_min": 133,
        "x_max": 93,
        "y_max": 193
      }
    },
    {
      "id": 3,
      "shape": "triangle",
      "size": "small",
      "color": "green",
      "center": [
        171,
        64
      ],
      "bbox": {
        "x_min": 153,
        "y_min": 44,
        "x_max": 188,
        "y_max": 74
      }
    },
    {
      "id": 4,
      "shape": "rectangle",
      "size": "small",
      "color": "red",
      "center": [
        51,
        92
      ],
      "bbox": {
        "x_min": 41,
        "y_min": 77,
        "x_max": 61,
        "y_max": 107
      }
    }
  ],
  "relations": [
    {
      "subject_id": 0,
      "object_id": 1,
      "relation": "below",
      "explicit": true
    },
    {
      "subject_id": 0,
      "object_id": 2,
      "relation": "below",
      "explicit": true
    },
    {
      "subject_id": 0,
      "object_id": 3,
      "relation": "right_of",
      "explicit": false
    },
    {
      "subject_id": 0,
      "object_id": 4,
      "relation": "left_of",
      "explicit": false
    },
    {
      "subject_id": 1,
      "object_id": 2,
      "relation": "left_of",
      "explicit": false
    },
    {
      "subject_id": 1,
      "object_id": 3,
      "relation": "above",
      "explicit": false
    },
    {
      "subject_id": 1,
      "object_id": 4,
      "relation": "left_of",
      "explicit": false
    },
    {
      "subject_id": 2,
      "object_id": 3,
      "relation": "right_of",
      "explicit": true
    },
    {
      "subject_id": 2,
      "object_id": 4,
      "relation": "above",
      "explicit": false
    },
    {
      "subject_id": 3,
      "object_id": 4,
      "relation": "left_of",
      "explicit": true
    }
  ]
}