{
  "image_id": 242,
  "image_filename": "image_00242.png",
  "num_entities": 4,
  "entities": [
    {
      "id": 0,
      "shape": "triangle",
      "size": "small",
      "color": "green",
      "center": [
        160,
        55
      ],
      "bbox": {
        "x_min": 142,
        "y_min": 35,
        "x_max": 177,
        "y_max": 65
      }
    },
    {
      "id": 1,
      "shape": "triangle",
      "size": "small",
      "color": "magenta",
      "center": [
        151,
        132
      ],
      "bbox": {
        "x_min": 133,
        "y_min": 112,
        "x_max": 168,
        "y_max": 142
      }
    },
    {
      "id": 2,
      "shape": "circle",
      "size": "small",
      "color": "red",
      "center": [
        55,
        110
      ],
      "bbox": {
        "x_min": 35,
        "y_min": 90,
        "x_max": 75,
        "y_max": 130
      }
    },
    {
      "id": 3,
      "shape": "square",
      "size": "small",
      "color": "purple",
      "center": [
        51,
        164
      ],
      "bbox": {
        "x_min": 31,
        "y_min": 144,
        "x_max": 71,
        "y_max": 184
      }
    }
  ],
  "relations": [
    {
      "subject_id": 0,
      "object_id": 1,
      "relation": "below",
      "explicit": false
    },
    {
      "subject_id": 0,
      "object_id": 2,
      "relation": "left_of",
      "explicit": false
    },
    {
      "subject_id": 0,
      "object_id": 3,
      "relation": "below",
      "explicit": false
    },
    {
      "subject_id": 1,
      "object_id": 2,
      "relation": "left_of",
      "explicit": true
    },
    {
      "subject_id": 1,
      "object_id": 3,
      "relation": "left_of",
      "explicit": false
    },
    {
      "subject_id": 2,
      "object_id": 3,
      "relation": "below",
      "explicit": true
    }
  ]
}