{
  "image_id": 92,
  "image_filename": "image_00092.png",
  "num_entities": 3,
  "entities": [
    {
      "id": 0,
      "shape": "square",
      "size": "large",
      "color": "green",
      "center": [
        164,
        116
      ],
      "bbox": {
        "x_min": 124,
        "y_min": 76,
        "x_max": 204,
        "y_max": 156
      }
    },
    {
      "id": 1,
      "shape": "square",
      "size": "large",
      "color": "yellow",
      "center": [
        62,
        112
      ],
      "bbox": {
        "x_min": 22,
        "y_min": 72,
        "x_max": 102,
        "y_max": 152
      }
    },
    {
      "id": 2,
      "shape": "square",
      "size": "small",
      "color": "orange",
      "center": [
        113,
        54
      ],
      "bbox": {
        "x_min": 93,
        "y_min": 34,
        "x_max": 133,
        "y_max": 74
      }
    }
  ],
  "relations": [
    {
      "subject_id": 0,
      "object_id": 1,
      "relation": "left_of",
      "explicit": true
    },
    {
      "subject_id": 0,
      "object_id": 2,
      "relation": "above",
      "explicit": false
    },
    {
      "subject_id": 1,
      "object_id": 2,
      "relation": "above",
      "explicit": false
    }
  ]
}