{
  "image_id": 803,
  "image_filename": "image_00803.png",
  "num_entities": 2,
  "entities": [
    {
      "id": 0,
      "shape": "rectangle",
      "size": "large",
      "color": "red",
      "center": [
        97,
        136
      ],
      "bbox": {
        "x_min": 77,
        "y_min": 106,
        "x_max": 117,
        "y_max": 166
      }
    },
    {
      "id": 1,
      "shape": "circle",
      "size": "small",
      "color": "orange",
      "center": [
        54,
        68
      ],
      "bbox": {
        "x_min": 34,
        "y_min": 48,
        "x_max": 74,
        "y_max": 88
      }
    }
  ],
  "relations": [
    {
      "subject_id": 0,
      "object_id": 1,
      "relation": "above",
      "explicit": true
    }
  ]
}