{
  "image_id": 446,
  "image_filename": "image_00446.png",
  "num_entities": 4,
  "entities": [
    {
      "id": 0,
      "shape": "rectangle",
      "size": "large",
      "color": "magenta",
      "center": [
        139,
        94
      ],
      "bbox": {
        "x_min": 119,
        "y_min": 64,
        "x_max": 159,
        "y_max": 124
      }
    },
    {
      "id": 1,
      "shape": "triangle",
      "size": "small",
      "color": "blue",
      "center": [
        53,
        89
      ],
      "bbox": {
        "x_min": 35,
        "y_min": 69,
        "x_max": 70,
        "y_max": 99
      }
    },
    {
      "id": 2,
      "shape": "rectangle",
      "size": "medium",
      "color": "green",
      "center": [
        83,
        170
      ],
      "bbox": {
        "x_min": 68,
        "y_min": 148,
        "x_max": 98,
        "y_max": 192
      }
    },
    {
      "id": 3,
      "shape": "rectangle",
      "size": "medium",
      "color": "yellow",
      "center": [
        174,
        171
      ],
      "bbox": {
        "x_min": 159,
        "y_min": 149,
        "x_max": 189,
        "y_max": 193
      }
    }
  ],
  "relations": [
    {
      "subject_id": 0,
      "object_id": 1,
      "relation": "left_of",
      "explicit": true
    },
    {
      "subject_id": 0,
      "object_id": 2,
      "relation": "below",
      "explicit": true
    },
    {
      "subject_id": 0,
      "object_id": 3,
      "relation": "below",
      "explicit": true
    },
    {
      "subject_id": 1,
      "object_id": 2,
      "relation": "below",
      "explicit": false
    },
    {
      "subject_id": 1,
      "object_id": 3,
      "relation": "right_of",
      "explicit": false
    },
    {
      "subject_id": 2,
      "object_id": 3,
      "relation": "right_of",
      "explicit": true
    }
  ]
}