{
  "image_id": 743,
  "image_filename": "image_00743.png",
  "num_entities": 3,
  "entities": [
    {
      "id": 0,
      "shape": "circle",
      "size": "large",
      "color": "orange",
      "center": [
        139,
        125
      ],
      "bbox": {
        "x_min": 99,
        "y_min": 85,
        "x_max": 179,
        "y_max": 165
      }
    },
    {
      "id": 1,
      "shape": "triangle",
      "size": "medium",
      "color": "blue",
      "center": [
        58,
        136
      ],
      "bbox": {
        "x_min": 32,
        "y_min": 106,
        "x_max": 83,
        "y_max": 151
      }
    },
    {
      "id": 2,
      "shape": "square",
      "size": "large",
      "color": "cyan",
      "center": [
        50,
        50
      ],
      "bbox": {
        "x_min": 10,
        "y_min": 10,
        "x_max": 90,
        "y_max": 90
      }
    }
  ],
  "relations": [
    {
      "subject_id": 0,
      "object_id": 1,
      "relation": "left_of",
      "explicit": false
    },
    {
      "subject_id": 0,
      "object_id": 2,
      "relation": "left_of",
      "explicit": false
    },
    {
      "subject_id": 1,
      "object_id": 2,
      "relation": "above",
      "explicit": false
    }
  ]
}