{
  "image_id": 527,
  "image_filename": "image_00527.png",
  "num_entities": 2,
  "entities": [
    {
      "id": 0,
      "shape": "square",
      "size": "medium",
      "color": "yellow",
      "center": [
        83,
        148
      ],
      "bbox": {
        "x_min": 53,
        "y_min": 118,
        "x_max": 113,
        "y_max": 178
      }
    },
    {
      "id": 1,
      "shape": "rectangle",
      "size": "medium",
      "color": "magenta",
      "center": [
        148,
        97
      ],
      "bbox": {
        "x_min": 133,
        "y_min": 75,
        "x_max": 163,
        "y_max": 119
      }
    }
  ],
  "relations": [
    {
      "subject_id": 0,
      "object_id": 1,
      "relation": "right_of",
      "explicit": true
    }
  ]
}