{
  "image_id": 418,
  "image_filename": "image_00418.png",
  "num_entities": 4,
  "entities": [
    {
      "id": 0,
      "shape": "circle",
      "size": "medium",
      "color": "cyan",
      "center": [
        114,
        157
      ],
      "bbox": {
        "x_min": 84,
        "y_min": 127,
        "x_max": 144,
        "y_max": 187
      }
    },
    {
      "id": 1,
      "shape": "circle",
      "size": "medium",
      "color": "orange",
      "center": [
        75,
        72
      ],
      "bbox": {
        "x_min": 45,
        "y_min": 42,
        "x_max": 105,
        "y_max": 102
      }
    },
    {
      "id": 2,
      "shape": "rectangle",
      "size": "small",
      "color": "blue",
      "center": [
        162,
        57
      ],
      "bbox": {
        "x_min": 152,
        "y_min": 42,
        "x_max": 172,
        "y_max": 72
      }
    },
    {
      "id": 3,
      "shape": "circle",
      "size": "small",
      "color": "cyan",
      "center": [
        174,
        128
      ],
      "bbox": {
        "x_min": 154,
        "y_min": 108,
        "x_max": 194,
        "y_max": 148
      }
    }
  ],
  "relations": [
    {
      "subject_id": 0,
      "object_id": 1,
      "relation": "above",
      "explicit": true
    },
    {
      "subject_id": 0,
      "object_id": 2,
      "relation": "above",
      "explicit": true
    },
    {
      "subject_id": 0,
      "object_id": 3,
      "relation": "right_of",
      "explicit": false
    },
    {
      "subject_id": 1,
      "object_id": 2,
      "relation": "right_of",
      "explicit": false
    },
    {
      "subject_id": 1,
      "object_id": 3,
      "relation": "right_of",
      "explicit": false
    },
    {
      "subject_id": 2,
      "object_id": 3,
      "relation": "below",
      "explicit": false
    }
  ]
}