{
  "image_id": 449,
  "image_filename": "image_00449.png",
  "num_entities": 3,
  "entities": [
    {
      "id": 0,
      "shape": "triangle",
      "size": "large",
      "color": "cyan",
      "center": [
        142,
        122
      ],
      "bbox": {
        "x_min": 107,
        "y_min": 82,
        "x_max": 176,
        "y_max": 142
      }
    },
    {
      "id": 1,
      "shape": "square",
      "size": "medium",
      "color": "cyan",
      "center": [
        69,
        66
      ],
      "bbox": {
        "x_min": 39,
        "y_min": 36,
        "x_max": 99,
        "y_max": 96
      }
    },
    {
      "id": 2,
      "shape": "triangle",
      "size": "medium",
      "color": "orange",
      "center": [
        68,
        170
      ],
      "bbox": {
        "x_min": 42,
        "y_min": 140,
        "x_max": 93,
        "y_max": 185
      }
    }
  ],
  "relations": [
    {
      "subject_id": 0,
      "object_id": 1,
      "relation": "left_of",
      "explicit": false
    },
    {
      "subject_id": 0,
      "object_id": 2,
      "relation": "left_of",
      "explicit": false
    },
    {
      "subject_id": 1,
      "object_id": 2,
      "relation": "below",
      "explicit": false
    }
  ]
}