{
  "image_id": 559,
  "image_filename": "image_00559.png",
  "num_entities": 2,
  "entities": [
    {
      "id": 0,
      "shape": "rectangle",
      "size": "medium",
      "color": "magenta",
      "center": [
        133,
        99
      ],
      "bbox": {
        "x_min": 118,
        "y_min": 77,
        "x_max": 148,
        "y_max": 121
      }
    },
    {
      "id": 1,
      "shape": "circle",
      "size": "large",
      "color": "green",
      "center": [
        53,
        158
      ],
      "bbox": {
        "x_min": 13,
        "y_min": 118,
        "x_max": 93,
        "y_max": 198
      }
    }
  ],
  "relations": [
    {
      "subject_id": 0,
      "object_id": 1,
      "relation": "left_of",
      "explicit": false
    }
  ]
}