{
  "image_id": 510,
  "image_filename": "image_00510.png",
  "num_entities": 2,
  "entities": [
    {
      "id": 0,
      "shape": "square",
      "size": "medium",
      "color": "magenta",
      "center": [
        104,
        114
      ],
      "bbox": {
        "x_min": 74,
        "y_min": 84,
        "x_max": 134,
        "y_max": 144
      }
    },
    {
      "id": 1,
      "shape": "circle",
      "size": "small",
      "color": "magenta",
      "center": [
        144,
        65
      ],
      "bbox": {
        "x_min": 124,
        "y_min": 45,
        "x_max": 164,
        "y_max": 85
      }
    }
  ],
  "relations": [
    {
      "subject_id": 0,
      "object_id": 1,
      "relation": "above",
      "explicit": false
    }
  ]
}