{
  "image_id": 479,
  "image_filename": "image_00479.png",
  "num_entities": 3,
  "entities": [
    {
      "id": 0,
      "shape": "circle",
      "size": "large",
      "color": "orange",
      "center": [
        120,
        101
      ],
      "bbox": {
        "x_min": 80,
        "y_min": 61,
        "x_max": 160,
        "y_max": 141
      }
    },
    {
      "id": 1,
      "shape": "rectangle",
      "size": "small",
      "color": "cyan",
      "center": [
        81,
        169
      ],
      "bbox": {
        "x_min": 71,
        "y_min": 154,
        "x_max": 91,
        "y_max": 184
      }
    },
    {
      "id": 2,
      "shape": "circle",
      "size": "small",
      "color": "red",
      "center": [
        61,
        57
      ],
      "bbox": {
        "x_min": 41,
        "y_min": 37,
        "x_max": 81,
        "y_max": 77
      }
    }
  ],
  "relations": [
    {
      "subject_id": 0,
      "object_id": 1,
      "relation": "below",
      "explicit": true
    },
    {
      "subject_id": 0,
      "object_id": 2,
      "relation": "left_of",
      "explicit": true
    },
    {
      "subject_id": 1,
      "object_id": 2,
      "relation": "above",
      "explicit": true
    }
  ]
}