{
  "image_id": 652,
  "image_filename": "image_00652.png",
  "num_entities": 4,
  "entities": [
    {
      "id": 0,
      "shape": "circle",
      "size": "small",
      "color": "cyan",
      "center": [
        160,
        137
      ],
      "bbox": {
        "x_min": 140,
        "y_min": 117,
        "x_max": 180,
        "y_max": 157
      }
    },
    {
      "id": 1,
      "shape": "circle",
      "size": "large",
      "color": "orange",
      "center": [
        98,
        61
      ],
      "bbox": {
        "x_min": 58,
        "y_min": 21,
        "x_max": 138,
        "y_max": 101
      }
    },
    {
      "id": 2,
      "shape": "rectangle",
      "size": "small",
      "color": "cyan",
      "center": [
        51,
        174
      ],
      "bbox": {
        "x_min": 41,
        "y_min": 159,
        "x_max": 61,
        "y_max": 189
      }
    },
    {
      "id": 3,
      "shape": "triangle",
      "size": "small",
      "color": "blue",
      "center": [
        170,
        74
      ],
      "bbox": {
        "x_min": 152,
        "y_min": 54,
        "x_max": 187,
        "y_max": 84
      }
    }
  ],
  "relations": [
    {
      "subject_id": 0,
      "object_id": 1,
      "relation": "above",
      "explicit": true
    },
    {
      "subject_id": 0,
      "object_id": 2,
      "relation": "left_of",
      "explicit": true
    },
    {
      "subject_id": 0,
      "object_id": 3,
      "relation": "above",
      "explicit": true
    },
    {
      "subject_id": 1,
      "object_id": 2,
      "relation": "below",
      "explicit": true
    },
    {
      "subject_id": 1,
      "object_id": 3,
      "relation": "right_of",
      "explicit": false
    },
    {
      "subject_id": 2,
      "object_id": 3,
      "relation": "right_of",
      "explicit": false
    }
  ]
}