{
  "image_id": 820,
  "image_filename": "image_00820.png",
  "num_entities": 3,
  "entities": [
    {
      "id": 0,
      "shape": "triangle",
      "size": "small",
      "color": "red",
      "center": [
        165,
        82
      ],
      "bbox": {
        "x_min": 147,
        "y_min": 62,
        "x_max": 182,
        "y_max": 92
      }
    },
    {
      "id": 1,
      "shape": "rectangle",
      "size": "large",
      "color": "orange",
      "center": [
        80,
        104
      ],
      "bbox": {
        "x_min": 60,
        "y_min": 74,
        "x_max": 100,
        "y_max": 134
      }
    },
    {
      "id": 2,
      "shape": "triangle",
      "size": "small",
      "color": "purple",
      "center": [
        170,
        139
      ],
      "bbox": {
        "x_min": 152,
        "y_min": 119,
        "x_max": 187,
        "y_max": 149
      }
    }
  ],
  "relations": [
    {
      "subject_id": 0,
      "object_id": 1,
      "relation": "left_of",
      "explicit": false
    },
    {
      "subject_id": 0,
      "object_id": 2,
      "relation": "below",
      "explicit": false
    },
    {
      "subject_id": 1,
      "object_id": 2,
      "relation": "right_of",
      "explicit": true
    }
  ]
}