{
  "image_id": 824,
  "image_filename": "image_00824.png",
  "num_entities": 3,
  "entities": [
    {
      "id": 0,
      "shape": "triangle",
      "size": "medium",
      "color": "green",
      "center": [
        137,
        122
      ],
      "bbox": {
        "x_min": 111,
        "y_min": 92,
        "x_max": 162,
        "y_max": 137
      }
    },
    {
      "id": 1,
      "shape": "rectangle",
      "size": "medium",
      "color": "blue",
      "center": [
        58,
        101
      ],
      "bbox": {
        "x_min": 43,
        "y_min": 79,
        "x_max": 73,
        "y_max": 123
      }
    },
    {
      "id": 2,
      "shape": "circle",
      "size": "medium",
      "color": "red",
      "center": [
        77,
        173
      ],
      "bbox": {
        "x_min": 47,
        "y_min": 143,
        "x_max": 107,
        "y_max": 203
      }
    }
  ],
  "relations": [
    {
      "subject_id": 0,
      "object_id": 1,
      "relation": "left_of",
      "explicit": true
    },
    {
      "subject_id": 0,
      "object_id": 2,
      "relation": "left_of",
      "explicit": false
    },
    {
      "subject_id": 1,
      "object_id": 2,
      "relation": "below",
      "explicit": false
    }
  ]
}