{
  "image_id": 193,
  "image_filename": "image_00193.png",
  "num_entities": 3,
  "entities": [
    {
      "id": 0,
      "shape": "triangle",
      "size": "small",
      "color": "magenta",
      "center": [
        142,
        125
      ],
      "bbox": {
        "x_min": 124,
        "y_min": 105,
        "x_max": 159,
        "y_max": 135
      }
    },
    {
      "id": 1,
      "shape": "square",
      "size": "medium",
      "color": "red",
      "center": [
        74,
        134
      ],
      "bbox": {
        "x_min": 44,
        "y_min": 104,
        "x_max": 104,
        "y_max": 164
      }
    },
    {
      "id": 2,
      "shape": "circle",
      "size": "medium",
      "color": "orange",
      "center": [
        130,
        64
      ],
      "bbox": {
        "x_min": 100,
        "y_min": 34,
        "x_max": 160,
        "y_max": 94
      }
    }
  ],
  "relations": [
    {
      "subject_id": 0,
      "object_id": 1,
      "relation": "left_of",
      "explicit": true
    },
    {
      "subject_id": 0,
      "object_id": 2,
      "relation": "above",
      "explicit": true
    },
    {
      "subject_id": 1,
      "object_id": 2,
      "relation": "above",
      "explicit": true
    }
  ]
}