{
  "image_id": 227,
  "image_filename": "image_00227.png",
  "num_entities": 2,
  "entities": [
    {
      "id": 0,
      "shape": "triangle",
      "size": "medium",
      "color": "purple",
      "center": [
        55,
        58
      ],
      "bbox": {
        "x_min": 29,
        "y_min": 28,
        "x_max": 80,
        "y_max": 73
      }
    },
    {
      "id": 1,
      "shape": "rectangle",
      "size": "small",
      "color": "cyan",
      "center": [
        160,
        126
      ],
      "bbox": {
        "x_min": 150,
        "y_min": 111,
        "x_max": 170,
        "y_max": 141
      }
    }
  ],
  "relations": [
    {
      "subject_id": 0,
      "object_id": 1,
      "relation": "right_of",
      "explicit": false
    }
  ]
}