{
  "image_id": 433,
  "image_filename": "image_00433.png",
  "num_entities": 3,
  "entities": [
    {
      "id": 0,
      "shape": "rectangle",
      "size": "large",
      "color": "blue",
      "center": [
        163,
        132
      ],
      "bbox": {
        "x_min": 143,
        "y_min": 102,
        "x_max": 183,
        "y_max": 162
      }
    },
    {
      "id": 1,
      "shape": "triangle",
      "size": "medium",
      "color": "purple",
      "center": [
        80,
        158
      ],
      "bbox": {
        "x_min": 54,
        "y_min": 128,
        "x_max": 105,
        "y_max": 173
      }
    },
    {
      "id": 2,
      "shape": "square",
      "size": "large",
      "color": "red",
      "center": [
        93,
        72
      ],
      "bbox": {
        "x_min": 53,
        "y_min": 32,
        "x_max": 133,
        "y_max": 112
      }
    }
  ],
  "relations": [
    {
      "subject_id": 0,
      "object_id": 1,
      "relation": "left_of",
      "explicit": false
    },
    {
      "subject_id": 0,
      "object_id": 2,
      "relation": "left_of",
      "explicit": false
    },
    {
      "subject_id": 1,
      "object_id": 2,
      "relation": "above",
      "explicit": false
    }
  ]
}