{
  "image_id": 32,
  "image_filename": "image_00032.png",
  "num_entities": 3,
  "entities": [
    {
      "id": 0,
      "shape": "rectangle",
      "size": "small",
      "color": "magenta",
      "center": [
        86,
        98
      ],
      "bbox": {
        "x_min": 76,
        "y_min": 83,
        "x_max": 96,
        "y_max": 113
      }
    },
    {
      "id": 1,
      "shape": "rectangle",
      "size": "medium",
      "color": "cyan",
      "center": [
        131,
        141
      ],
      "bbox": {
        "x_min": 116,
        "y_min": 119,
        "x_max": 146,
        "y_max": 163
      }
    },
    {
      "id": 2,
      "shape": "circle",
      "size": "medium",
      "color": "magenta",
      "center": [
        149,
        54
      ],
      "bbox": {
        "x_min": 119,
        "y_min": 24,
        "x_max": 179,
        "y_max": 84
      }
    }
  ],
  "relations": [
    {
      "subject_id": 0,
      "object_id": 1,
      "relation": "right_of",
      "explicit": true
    },
    {
      "subject_id": 0,
      "object_id": 2,
      "relation": "right_of",
      "explicit": true
    },
    {
      "subject_id": 1,
      "object_id": 2,
      "relation": "above",
      "explicit": false
    }
  ]
}