{
  "image_id": 558,
  "image_filename": "image_00558.png",
  "num_entities": 4,
  "entities": [
    {
      "id": 0,
      "shape": "rectangle",
      "size": "medium",
      "color": "orange",
      "center": [
        92,
        54
      ],
      "bbox": {
        "x_min": 77,
        "y_min": 32,
        "x_max": 107,
        "y_max": 76
      }
    },
    {
      "id": 1,
      "shape": "rectangle",
      "size": "small",
      "color": "magenta",
      "center": [
        143,
        105
      ],
      "bbox": {
        "x_min": 133,
        "y_min": 90,
        "x_max": 153,
        "y_max": 120
      }
    },
    {
      "id": 2,
      "shape": "rectangle",
      "size": "large",
      "color": "red",
      "center": [
        85,
        161
      ],
      "bbox": {
        "x_min": 65,
        "y_min": 131,
        "x_max": 105,
        "y_max": 191
      }
    },
    {
      "id": 3,
      "shape": "circle",
      "size": "small",
      "color": "red",
      "center": [
        172,
        161
      ],
      "bbox": {
        "x_min": 152,
        "y_min": 141,
        "x_max": 192,
        "y_max": 181
      }
    }
  ],
  "relations": [
    {
      "subject_id": 0,
      "object_id": 1,
      "relation": "below",
      "explicit": false
    },
    {
      "subject_id": 0,
      "object_id": 2,
      "relation": "below",
      "explicit": true
    },
    {
      "subject_id": 0,
      "object_id": 3,
      "relation": "below",
      "explicit": true
    },
    {
      "subject_id": 1,
      "object_id": 2,
      "relation": "left_of",
      "explicit": false
    },
    {
      "subject_id": 1,
      "object_id": 3,
      "relation": "below",
      "explicit": true
    },
    {
      "subject_id": 2,
      "object_id": 3,
      "relation": "right_of",
      "explicit": false
    }
  ]
}