{
  "image_id": 830,
  "image_filename": "image_00830.png",
  "num_entities": 2,
  "entities": [
    {
      "id": 0,
      "shape": "rectangle",
      "size": "large",
      "color": "magenta",
      "center": [
        54,
        86
      ],
      "bbox": {
        "x_min": 34,
        "y_min": 56,
        "x_max": 74,
        "y_max": 116
      }
    },
    {
      "id": 1,
      "shape": "triangle",
      "size": "medium",
      "color": "purple",
      "center": [
        173,
        145
      ],
      "bbox": {
        "x_min": 147,
        "y_min": 115,
        "x_max": 198,
        "y_max": 160
      }
    }
  ],
  "relations": [
    {
      "subject_id": 0,
      "object_id": 1,
      "relation": "right_of",
      "explicit": true
    }
  ]
}