{
  "image_id": 581,
  "image_filename": "image_00581.png",
  "num_entities": 2,
  "entities": [
    {
      "id": 0,
      "shape": "triangle",
      "size": "large",
      "color": "yellow",
      "center": [
        80,
        82
      ],
      "bbox": {
        "x_min": 45,
        "y_min": 42,
        "x_max": 114,
        "y_max": 102
      }
    },
    {
      "id": 1,
      "shape": "circle",
      "size": "large",
      "color": "yellow",
      "center": [
        160,
        157
      ],
      "bbox": {
        "x_min": 120,
        "y_min": 117,
        "x_max": 200,
        "y_max": 197
      }
    }
  ],
  "relations": [
    {
      "subject_id": 0,
      "object_id": 1,
      "relation": "right_of",
      "explicit": false
    }
  ]
}