{
  "image_id": 816,
  "image_filename": "image_00816.png",
  "num_entities": 3,
  "entities": [
    {
      "id": 0,
      "shape": "square",
      "size": "small",
      "color": "magenta",
      "center": [
        53,
        128
      ],
      "bbox": {
        "x_min": 33,
        "y_min": 108,
        "x_max": 73,
        "y_max": 148
      }
    },
    {
      "id": 1,
      "shape": "square",
      "size": "large",
      "color": "purple",
      "center": [
        152,
        138
      ],
      "bbox": {
        "x_min": 112,
        "y_min": 98,
        "x_max": 192,
        "y_max": 178
      }
    },
    {
      "id": 2,
      "shape": "circle",
      "size": "small",
      "color": "green",
      "center": [
        61,
        63
      ],
      "bbox": {
        "x_min": 41,
        "y_min": 43,
        "x_max": 81,
        "y_max": 83
      }
    }
  ],
  "relations": [
    {
      "subject_id": 0,
      "object_id": 1,
      "relation": "right_of",
      "explicit": true
    },
    {
      "subject_id": 0,
      "object_id": 2,
      "relation": "above",
      "explicit": true
    },
    {
      "subject_id": 1,
      "object_id": 2,
      "relation": "left_of",
      "explicit": false
    }
  ]
}