{
  "image_id": 582,
  "image_filename": "image_00582.png",
  "num_entities": 3,
  "entities": [
    {
      "id": 0,
      "shape": "triangle",
      "size": "large",
      "color": "cyan",
      "center": [
        51,
        81
      ],
      "bbox": {
        "x_min": 16,
        "y_min": 41,
        "x_max": 85,
        "y_max": 101
      }
    },
    {
      "id": 1,
      "shape": "square",
      "size": "medium",
      "color": "cyan",
      "center": [
        149,
        145
      ],
      "bbox": {
        "x_min": 119,
        "y_min": 115,
        "x_max": 179,
        "y_max": 175
      }
    },
    {
      "id": 2,
      "shape": "rectangle",
      "size": "small",
      "color": "magenta",
      "center": [
        134,
        53
      ],
      "bbox": {
        "x_min": 124,
        "y_min": 38,
        "x_max": 144,
        "y_max": 68
      }
    }
  ],
  "relations": [
    {
      "subject_id": 0,
      "object_id": 1,
      "relation": "right_of",
      "explicit": true
    },
    {
      "subject_id": 0,
      "object_id": 2,
      "relation": "right_of",
      "explicit": true
    },
    {
      "subject_id": 1,
      "object_id": 2,
      "relation": "above",
      "explicit": false
    }
  ]
}