{
  "image_id": 40,
  "image_filename": "image_00040.png",
  "num_entities": 3,
  "entities": [
    {
      "id": 0,
      "shape": "circle",
      "size": "medium",
      "color": "orange",
      "center": [
        138,
        167
      ],
      "bbox": {
        "x_min": 108,
        "y_min": 137,
        "x_max": 168,
        "y_max": 197
      }
    },
    {
      "id": 1,
      "shape": "triangle",
      "size": "large",
      "color": "green",
      "center": [
        133,
        69
      ],
      "bbox": {
        "x_min": 98,
        "y_min": 29,
        "x_max": 167,
        "y_max": 89
      }
    },
    {
      "id": 2,
      "shape": "square",
      "size": "medium",
      "color": "orange",
      "center": [
        51,
        108
      ],
      "bbox": {
        "x_min": 21,
        "y_min": 78,
        "x_max": 81,
        "y_max": 138
      }
    }
  ],
  "relations": [
    {
      "subject_id": 0,
      "object_id": 1,
      "relation": "above",
      "explicit": true
    },
    {
      "subject_id": 0,
      "object_id": 2,
      "relation": "left_of",
      "explicit": false
    },
    {
      "subject_id": 1,
      "object_id": 2,
      "relation": "left_of",
      "explicit": false
    }
  ]
}