{
  "image_id": 803,
  "image_filename": "image_00803.png",
  "num_entities": 5,
  "entities": [
    {
      "id": 0,
      "shape": "triangle",
      "size": "small",
      "color": "red",
      "center": [
        80,
        150
      ],
      "bbox": {
        "x_min": 62,
        "y_min": 130,
        "x_max": 97,
        "y_max": 160
      }
    },
    {
      "id": 1,
      "shape": "circle",
      "size": "medium",
      "color": "purple",
      "center": [
        112,
        50
      ],
      "bbox": {
        "x_min": 82,
        "y_min": 20,
        "x_max": 142,
        "y_max": 80
      }
    },
    {
      "id": 2,
      "shape": "circle",
      "size": "medium",
      "color": "red",
      "center": [
        170,
        154
      ],
      "bbox": {
        "x_min": 140,
        "y_min": 124,
        "x_max": 200,
        "y_max": 184
      }
    },
    {
      "id": 3,
      "shape": "square",
      "size": "small",
      "color": "red",
      "center": [
        172,
        78
      ],
      "bbox": {
        "x_min": 152,
        "y_min": 58,
        "x_max": 192,
        "y_max": 98
      }
    },
    {
      "id": 4,
      "shape": "triangle",
      "size": "small",
      "color": "red",
      "center": [
        52,
        67
      ],
      "bbox": {
        "x_min": 34,
        "y_min": 47,
        "x_max": 69,
        "y_max": 77
      }
    }
  ],
  "relations": [
    {
      "subject_id": 0,
      "object_id": 1,
      "relation": "above",
      "explicit": true
    },
    {
      "subject_id": 0,
      "object_id": 2,
      "relation": "right_of",
      "explicit": false
    },
    {
      "subject_id": 0,
      "object_id": 3,
      "relation": "right_of",
      "explicit": true
    },
    {
      "subject_id": 0,
      "object_id": 4,
      "relation": "above",
      "explicit": false
    },
    {
      "subject_id": 1,
      "object_id": 2,
      "relation": "below",
      "explicit": false
    },
    {
      "subject_id": 1,
      "object_id": 3,
      "relation": "right_of",
      "explicit": true
    },
    {
      "subject_id": 1,
      "object_id": 4,
      "relation": "left_of",
      "explicit": false
    },
    {
      "subject_id": 2,
      "object_id": 3,
      "relation": "above",
      "explicit": true
    },
    {
      "subject_id": 2,
      "object_id": 4,
      "relation": "left_of",
      "explicit": false
    },
    {
      "subject_id": 3,
      "object_id": 4,
      "relation": "left_of",
      "explicit": false
    }
  ]
}