{
  "image_id": 864,
  "image_filename": "image_00864.png",
  "num_entities": 2,
  "entities": [
    {
      "id": 0,
      "shape": "square",
      "size": "small",
      "color": "orange",
      "center": [
        147,
        164
      ],
      "bbox": {
        "x_min": 127,
        "y_min": 144,
        "x_max": 167,
        "y_max": 184
      }
    },
    {
      "id": 1,
      "shape": "square",
      "size": "small",
      "color": "red",
      "center": [
        74,
        143
      ],
      "bbox": {
        "x_min": 54,
        "y_min": 123,
        "x_max": 94,
        "y_max": 163
      }
    }
  ],
  "relations": [
    {
      "subject_id": 0,
      "object_id": 1,
      "relation": "left_of",
      "explicit": false
    }
  ]
}