{
  "image_id": 490,
  "image_filename": "image_00490.png",
  "num_entities": 2,
  "entities": [
    {
      "id": 0,
      "shape": "rectangle",
      "size": "medium",
      "color": "yellow",
      "center": [
        53,
        135
      ],
      "bbox": {
        "x_min": 38,
        "y_min": 113,
        "x_max": 68,
        "y_max": 157
      }
    },
    {
      "id": 1,
      "shape": "square",
      "size": "large",
      "color": "yellow",
      "center": [
        91,
        64
      ],
      "bbox": {
        "x_min": 51,
        "y_min": 24,
        "x_max": 131,
        "y_max": 104
      }
    }
  ],
  "relations": [
    {
      "subject_id": 0,
      "object_id": 1,
      "relation": "above",
      "explicit": true
    }
  ]
}