{
  "image_id": 680,
  "image_filename": "image_00680.png",
  "num_entities": 4,
  "entities": [
    {
      "id": 0,
      "shape": "square",
      "size": "medium",
      "color": "yellow",
      "center": [
        166,
        131
      ],
      "bbox": {
        "x_min": 136,
        "y_min": 101,
        "x_max": 196,
        "y_max": 161
      }
    },
    {
      "id": 1,
      "shape": "square",
      "size": "medium",
      "color": "yellow",
      "center": [
        86,
        157
      ],
      "bbox": {
        "x_min": 56,
        "y_min": 127,
        "x_max": 116,
        "y_max": 187
      }
    },
    {
      "id": 2,
      "shape": "rectangle",
      "size": "small",
      "color": "magenta",
      "center": [
        105,
        77
      ],
      "bbox": {
        "x_min": 95,
        "y_min": 62,
        "x_max": 115,
        "y_max": 92
      }
    },
    {
      "id": 3,
      "shape": "rectangle",
      "size": "medium",
      "color": "purple",
      "center": [
        165,
        55
      ],
      "bbox": {
        "x_min": 150,
        "y_min": 33,
        "x_max": 180,
        "y_max": 77
      }
    }
  ],
  "relations": [
    {
      "subject_id": 0,
      "object_id": 1,
      "relation": "left_of",
      "explicit": true
    },
    {
      "subject_id": 0,
      "object_id": 2,
      "relation": "left_of",
      "explicit": false
    },
    {
      "subject_id": 0,
      "object_id": 3,
      "relation": "above",
      "explicit": false
    },
    {
      "subject_id": 1,
      "object_id": 2,
      "relation": "above",
      "explicit": true
    },
    {
      "subject_id": 1,
      "object_id": 3,
      "relation": "above",
      "explicit": true
    },
    {
      "subject_id": 2,
      "object_id": 3,
      "relation": "right_of",
      "explicit": false
    }
  ]
}