{
  "image_id": 44,
  "image_filename": "image_00044.png",
  "num_entities": 3,
  "entities": [
    {
      "id": 0,
      "shape": "circle",
      "size": "medium",
      "color": "purple",
      "center": [
        145,
        93
      ],
      "bbox": {
        "x_min": 115,
        "y_min": 63,
        "x_max": 175,
        "y_max": 123
      }
    },
    {
      "id": 1,
      "shape": "triangle",
      "size": "large",
      "color": "cyan",
      "center": [
        146,
        174
      ],
      "bbox": {
        "x_min": 111,
        "y_min": 134,
        "x_max": 180,
        "y_max": 194
      }
    },
    {
      "id": 2,
      "shape": "square",
      "size": "small",
      "color": "orange",
      "center": [
        68,
        108
      ],
      "bbox": {
        "x_min": 48,
        "y_min": 88,
        "x_max": 88,
        "y_max": 128
      }
    }
  ],
  "relations": [
    {
      "subject_id": 0,
      "object_id": 1,
      "relation": "below",
      "explicit": false
    },
    {
      "subject_id": 0,
      "object_id": 2,
      "relation": "left_of",
      "explicit": false
    },
    {
      "subject_id": 1,
      "object_id": 2,
      "relation": "left_of",
      "explicit": false
    }
  ]
}