{
  "image_id": 794,
  "image_filename": "image_00794.png",
  "num_entities": 3,
  "entities": [
    {
      "id": 0,
      "shape": "circle",
      "size": "small",
      "color": "purple",
      "center": [
        111,
        76
      ],
      "bbox": {
        "x_min": 91,
        "y_min": 56,
        "x_max": 131,
        "y_max": 96
      }
    },
    {
      "id": 1,
      "shape": "triangle",
      "size": "small",
      "color": "cyan",
      "center": [
        164,
        143
      ],
      "bbox": {
        "x_min": 146,
        "y_min": 123,
        "x_max": 181,
        "y_max": 153
      }
    },
    {
      "id": 2,
      "shape": "square",
      "size": "small",
      "color": "cyan",
      "center": [
        108,
        151
      ],
      "bbox": {
        "x_min": 88,
        "y_min": 131,
        "x_max": 128,
        "y_max": 171
      }
    }
  ],
  "relations": [
    {
      "subject_id": 0,
      "object_id": 1,
      "relation": "below",
      "explicit": false
    },
    {
      "subject_id": 0,
      "object_id": 2,
      "relation": "below",
      "explicit": true
    },
    {
      "subject_id": 1,
      "object_id": 2,
      "relation": "left_of",
      "explicit": true
    }
  ]
}