{
  "image_id": 409,
  "image_filename": "image_00409.png",
  "num_entities": 4,
  "entities": [
    {
      "id": 0,
      "shape": "rectangle",
      "size": "medium",
      "color": "cyan",
      "center": [
        163,
        147
      ],
      "bbox": {
        "x_min": 148,
        "y_min": 125,
        "x_max": 178,
        "y_max": 169
      }
    },
    {
      "id": 1,
      "shape": "rectangle",
      "size": "large",
      "color": "cyan",
      "center": [
        65,
        154
      ],
      "bbox": {
        "x_min": 45,
        "y_min": 124,
        "x_max": 85,
        "y_max": 184
      }
    },
    {
      "id": 2,
      "shape": "circle",
      "size": "medium",
      "color": "yellow",
      "center": [
        163,
        73
      ],
      "bbox": {
        "x_min": 133,
        "y_min": 43,
        "x_max": 193,
        "y_max": 103
      }
    },
    {
      "id": 3,
      "shape": "rectangle",
      "size": "small",
      "color": "green",
      "center": [
        103,
        62
      ],
      "bbox": {
        "x_min": 93,
        "y_min": 47,
        "x_max": 113,
        "y_max": 77
      }
    }
  ],
  "relations": [
    {
      "subject_id": 0,
      "object_id": 1,
      "relation": "left_of",
      "explicit": true
    },
    {
      "subject_id": 0,
      "object_id": 2,
      "relation": "above",
      "explicit": false
    },
    {
      "subject_id": 0,
      "object_id": 3,
      "relation": "above",
      "explicit": false
    },
    {
      "subject_id": 1,
      "object_id": 2,
      "relation": "right_of",
      "explicit": true
    },
    {
      "subject_id": 1,
      "object_id": 3,
      "relation": "above",
      "explicit": false
    },
    {
      "subject_id": 2,
      "object_id": 3,
      "relation": "left_of",
      "explicit": false
    }
  ]
}