{
  "image_id": 324,
  "image_filename": "image_00324.png",
  "num_entities": 4,
  "entities": [
    {
      "id": 0,
      "shape": "circle",
      "size": "medium",
      "color": "purple",
      "center": [
        151,
        155
      ],
      "bbox": {
        "x_min": 121,
        "y_min": 125,
        "x_max": 181,
        "y_max": 185
      }
    },
    {
      "id": 1,
      "shape": "circle",
      "size": "small",
      "color": "yellow",
      "center": [
        69,
        126
      ],
      "bbox": {
        "x_min": 49,
        "y_min": 106,
        "x_max": 89,
        "y_max": 146
      }
    },
    {
      "id": 2,
      "shape": "square",
      "size": "small",
      "color": "green",
      "center": [
        122,
        82
      ],
      "bbox": {
        "x_min": 102,
        "y_min": 62,
        "x_max": 142,
        "y_max": 102
      }
    },
    {
      "id": 3,
      "shape": "triangle",
      "size": "medium",
      "color": "red",
      "center": [
        66,
        51
      ],
      "bbox": {
        "x_min": 40,
        "y_min": 21,
        "x_max": 91,
        "y_max": 66
      }
    }
  ],
  "relations": [
    {
      "subject_id": 0,
      "object_id": 1,
      "relation": "left_of",
      "explicit": true
    },
    {
      "subject_id": 0,
      "object_id": 2,
      "relation": "above",
      "explicit": true
    },
    {
      "subject_id": 0,
      "object_id": 3,
      "relation": "above",
      "explicit": false
    },
    {
      "subject_id": 1,
      "object_id": 2,
      "relation": "right_of",
      "explicit": false
    },
    {
      "subject_id": 1,
      "object_id": 3,
      "relation": "above",
      "explicit": false
    },
    {
      "subject_id": 2,
      "object_id": 3,
      "relation": "left_of",
      "explicit": false
    }
  ]
}