{
  "image_id": 476,
  "image_filename": "image_00476.png",
  "num_entities": 2,
  "entities": [
    {
      "id": 0,
      "shape": "square",
      "size": "small",
      "color": "purple",
      "center": [
        131,
        144
      ],
      "bbox": {
        "x_min": 111,
        "y_min": 124,
        "x_max": 151,
        "y_max": 164
      }
    },
    {
      "id": 1,
      "shape": "rectangle",
      "size": "large",
      "color": "red",
      "center": [
        135,
        70
      ],
      "bbox": {
        "x_min": 115,
        "y_min": 40,
        "x_max": 155,
        "y_max": 100
      }
    }
  ],
  "relations": [
    {
      "subject_id": 0,
      "object_id": 1,
      "relation": "above",
      "explicit": false
    }
  ]
}