{
  "image_id": 50,
  "image_filename": "image_00050.png",
  "num_entities": 2,
  "entities": [
    {
      "id": 0,
      "shape": "rectangle",
      "size": "medium",
      "color": "orange",
      "center": [
        66,
        84
      ],
      "bbox": {
        "x_min": 51,
        "y_min": 62,
        "x_max": 81,
        "y_max": 106
      }
    },
    {
      "id": 1,
      "shape": "rectangle",
      "size": "large",
      "color": "red",
      "center": [
        163,
        60
      ],
      "bbox": {
        "x_min": 143,
        "y_min": 30,
        "x_max": 183,
        "y_max": 90
      }
    }
  ],
  "relations": [
    {
      "subject_id": 0,
      "object_id": 1,
      "relation": "right_of",
      "explicit": false
    }
  ]
}