{
  "image_id": 171,
  "image_filename": "image_00171.png",
  "num_entities": 3,
  "entities": [
    {
      "id": 0,
      "shape": "triangle",
      "size": "large",
      "color": "blue",
      "center": [
        166,
        89
      ],
      "bbox": {
        "x_min": 131,
        "y_min": 49,
        "x_max": 200,
        "y_max": 109
      }
    },
    {
      "id": 1,
      "shape": "square",
      "size": "large",
      "color": "red",
      "center": [
        57,
        147
      ],
      "bbox": {
        "x_min": 17,
        "y_min": 107,
        "x_max": 97,
        "y_max": 187
      }
    },
    {
      "id": 2,
      "shape": "circle",
      "size": "medium",
      "color": "cyan",
      "center": [
        158,
        171
      ],
      "bbox": {
        "x_min": 128,
        "y_min": 141,
        "x_max": 188,
        "y_max": 201
      }
    }
  ],
  "relations": [
    {
      "subject_id": 0,
      "object_id": 1,
      "relation": "left_of",
      "explicit": true
    },
    {
      "subject_id": 0,
      "object_id": 2,
      "relation": "below",
      "explicit": true
    },
    {
      "subject_id": 1,
      "object_id": 2,
      "relation": "right_of",
      "explicit": true
    }
  ]
}