{
  "image_id": 322,
  "image_filename": "image_00322.png",
  "num_entities": 3,
  "entities": [
    {
      "id": 0,
      "shape": "triangle",
      "size": "large",
      "color": "magenta",
      "center": [
        74,
        55
      ],
      "bbox": {
        "x_min": 39,
        "y_min": 15,
        "x_max": 108,
        "y_max": 75
      }
    },
    {
      "id": 1,
      "shape": "triangle",
      "size": "large",
      "color": "green",
      "center": [
        168,
        69
      ],
      "bbox": {
        "x_min": 133,
        "y_min": 29,
        "x_max": 202,
        "y_max": 89
      }
    },
    {
      "id": 2,
      "shape": "rectangle",
      "size": "medium",
      "color": "blue",
      "center": [
        122,
        174
      ],
      "bbox": {
        "x_min": 107,
        "y_min": 152,
        "x_max": 137,
        "y_max": 196
      }
    }
  ],
  "relations": [
    {
      "subject_id": 0,
      "object_id": 1,
      "relation": "right_of",
      "explicit": false
    },
    {
      "subject_id": 0,
      "object_id": 2,
      "relation": "below",
      "explicit": false
    },
    {
      "subject_id": 1,
      "object_id": 2,
      "relation": "below",
      "explicit": true
    }
  ]
}