{
  "image_id": 535,
  "image_filename": "image_00535.png",
  "num_entities": 4,
  "entities": [
    {
      "id": 0,
      "shape": "triangle",
      "size": "medium",
      "color": "yellow",
      "center": [
        153,
        91
      ],
      "bbox": {
        "x_min": 127,
        "y_min": 61,
        "x_max": 178,
        "y_max": 106
      }
    },
    {
      "id": 1,
      "shape": "square",
      "size": "medium",
      "color": "yellow",
      "center": [
        74,
        140
      ],
      "bbox": {
        "x_min": 44,
        "y_min": 110,
        "x_max": 104,
        "y_max": 170
      }
    },
    {
      "id": 2,
      "shape": "circle",
      "size": "large",
      "color": "blue",
      "center": [
        55,
        57
      ],
      "bbox": {
        "x_min": 15,
        "y_min": 17,
        "x_max": 95,
        "y_max": 97
      }
    },
    {
      "id": 3,
      "shape": "square",
      "size": "large",
      "color": "red",
      "center": [
        152,
        173
      ],
      "bbox": {
        "x_min": 112,
        "y_min": 133,
        "x_max": 192,
        "y_max": 213
      }
    }
  ],
  "relations": [
    {
      "subject_id": 0,
      "object_id": 1,
      "relation": "left_of",
      "explicit": false
    },
    {
      "subject_id": 0,
      "object_id": 2,
      "relation": "left_of",
      "explicit": true
    },
    {
      "subject_id": 0,
      "object_id": 3,
      "relation": "below",
      "explicit": true
    },
    {
      "subject_id": 1,
      "object_id": 2,
      "relation": "above",
      "explicit": true
    },
    {
      "subject_id": 1,
      "object_id": 3,
      "relation": "right_of",
      "explicit": true
    },
    {
      "subject_id": 2,
      "object_id": 3,
      "relation": "below",
      "explicit": true
    }
  ]
}