{
  "image_id": 1,
  "image_filename": "image_00001.png",
  "num_entities": 3,
  "entities": [
    {
      "id": 0,
      "shape": "triangle",
      "size": "large",
      "color": "cyan",
      "center": [
        128,
        166
      ],
      "bbox": {
        "x_min": 93,
        "y_min": 126,
        "x_max": 162,
        "y_max": 186
      }
    },
    {
      "id": 1,
      "shape": "square",
      "size": "large",
      "color": "magenta",
      "center": [
        57,
        88
      ],
      "bbox": {
        "x_min": 17,
        "y_min": 48,
        "x_max": 97,
        "y_max": 128
      }
    },
    {
      "id": 2,
      "shape": "square",
      "size": "medium",
      "color": "blue",
      "center": [
        166,
        77
      ],
      "bbox": {
        "x_min": 136,
        "y_min": 47,
        "x_max": 196,
        "y_max": 107
      }
    }
  ],
  "relations": [
    {
      "subject_id": 0,
      "object_id": 1,
      "relation": "above",
      "explicit": true
    },
    {
      "subject_id": 0,
      "object_id": 2,
      "relation": "above",
      "explicit": true
    },
    {
      "subject_id": 1,
      "object_id": 2,
      "relation": "right_of",
      "explicit": true
    }
  ]
}