{
  "image_id": 602,
  "image_filename": "image_00602.png",
  "num_entities": 3,
  "entities": [
    {
      "id": 0,
      "shape": "triangle",
      "size": "medium",
      "color": "magenta",
      "center": [
        88,
        85
      ],
      "bbox": {
        "x_min": 62,
        "y_min": 55,
        "x_max": 113,
        "y_max": 100
      }
    },
    {
      "id": 1,
      "shape": "circle",
      "size": "large",
      "color": "green",
      "center": [
        162,
        152
      ],
      "bbox": {
        "x_min": 122,
        "y_min": 112,
        "x_max": 202,
        "y_max": 192
      }
    },
    {
      "id": 2,
      "shape": "rectangle",
      "size": "large",
      "color": "orange",
      "center": [
        55,
        161
      ],
      "bbox": {
        "x_min": 35,
        "y_min": 131,
        "x_max": 75,
        "y_max": 191
      }
    }
  ],
  "relations": [
    {
      "subject_id": 0,
      "object_id": 1,
      "relation": "right_of",
      "explicit": false
    },
    {
      "subject_id": 0,
      "object_id": 2,
      "relation": "below",
      "explicit": true
    },
    {
      "subject_id": 1,
      "object_id": 2,
      "relation": "left_of",
      "explicit": false
    }
  ]
}