{
  "image_id": 84,
  "image_filename": "image_00084.png",
  "num_entities": 2,
  "entities": [
    {
      "id": 0,
      "shape": "rectangle",
      "size": "large",
      "color": "yellow",
      "center": [
        104,
        145
      ],
      "bbox": {
        "x_min": 84,
        "y_min": 115,
        "x_max": 124,
        "y_max": 175
      }
    },
    {
      "id": 1,
      "shape": "triangle",
      "size": "large",
      "color": "magenta",
      "center": [
        102,
        54
      ],
      "bbox": {
        "x_min": 67,
        "y_min": 14,
        "x_max": 136,
        "y_max": 74
      }
    }
  ],
  "relations": [
    {
      "subject_id": 0,
      "object_id": 1,
      "relation": "above",
      "explicit": true
    }
  ]
}