{
  "image_id": 479,
  "image_filename": "image_00479.png",
  "num_entities": 2,
  "entities": [
    {
      "id": 0,
      "shape": "square",
      "size": "large",
      "color": "cyan",
      "center": [
        112,
        99
      ],
      "bbox": {
        "x_min": 72,
        "y_min": 59,
        "x_max": 152,
        "y_max": 139
      }
    },
    {
      "id": 1,
      "shape": "circle",
      "size": "medium",
      "color": "yellow",
      "center": [
        172,
        170
      ],
      "bbox": {
        "x_min": 142,
        "y_min": 140,
        "x_max": 202,
        "y_max": 200
      }
    }
  ],
  "relations": [
    {
      "subject_id": 0,
      "object_id": 1,
      "relation": "below",
      "explicit": true
    }
  ]
}