{
  "image_id": 106,
  "image_filename": "image_00106.png",
  "num_entities": 3,
  "entities": [
    {
      "id": 0,
      "shape": "circle",
      "size": "large",
      "color": "magenta",
      "center": [
        89,
        174
      ],
      "bbox": {
        "x_min": 49,
        "y_min": 134,
        "x_max": 129,
        "y_max": 214
      }
    },
    {
      "id": 1,
      "shape": "circle",
      "size": "small",
      "color": "red",
      "center": [
        85,
        85
      ],
      "bbox": {
        "x_min": 65,
        "y_min": 65,
        "x_max": 105,
        "y_max": 105
      }
    },
    {
      "id": 2,
      "shape": "square",
      "size": "large",
      "color": "cyan",
      "center": [
        165,
        60
      ],
      "bbox": {
        "x_min": 125,
        "y_min": 20,
        "x_max": 205,
        "y_max": 100
      }
    }
  ],
  "relations": [
    {
      "subject_id": 0,
      "object_id": 1,
      "relation": "above",
      "explicit": true
    },
    {
      "subject_id": 0,
      "object_id": 2,
      "relation": "above",
      "explicit": false
    },
    {
      "subject_id": 1,
      "object_id": 2,
      "relation": "right_of",
      "explicit": true
    }
  ]
}