{
  "image_id": 499,
  "image_filename": "image_00499.png",
  "num_entities": 4,
  "entities": [
    {
      "id": 0,
      "shape": "triangle",
      "size": "large",
      "color": "orange",
      "center": [
        169,
        66
      ],
      "bbox": {
        "x_min": 134,
        "y_min": 26,
        "x_max": 203,
        "y_max": 86
      }
    },
    {
      "id": 1,
      "shape": "square",
      "size": "small",
      "color": "orange",
      "center": [
        61,
        164
      ],
      "bbox": {
        "x_min": 41,
        "y_min": 144,
        "x_max": 81,
        "y_max": 184
      }
    },
    {
      "id": 2,
      "shape": "rectangle",
      "size": "small",
      "color": "yellow",
      "center": [
        80,
        52
      ],
      "bbox": {
        "x_min": 70,
        "y_min": 37,
        "x_max": 90,
        "y_max": 67
      }
    },
    {
      "id": 3,
      "shape": "square",
      "size": "medium",
      "color": "cyan",
      "center": [
        170,
        150
      ],
      "bbox": {
        "x_min": 140,
        "y_min": 120,
        "x_max": 200,
        "y_max": 180
      }
    }
  ],
  "relations": [
    {
      "subject_id": 0,
      "object_id": 1,
      "relation": "left_of",
      "explicit": true
    },
    {
      "subject_id": 0,
      "object_id": 2,
      "relation": "left_of",
      "explicit": true
    },
    {
      "subject_id": 0,
      "object_id": 3,
      "relation": "below",
      "explicit": true
    },
    {
      "subject_id": 1,
      "object_id": 2,
      "relation": "above",
      "explicit": false
    },
    {
      "subject_id": 1,
      "object_id": 3,
      "relation": "right_of",
      "explicit": true
    },
    {
      "subject_id": 2,
      "object_id": 3,
      "relation": "below",
      "explicit": false
    }
  ]
}