{
  "image_id": 536,
  "image_filename": "image_00536.png",
  "num_entities": 3,
  "entities": [
    {
      "id": 0,
      "shape": "square",
      "size": "medium",
      "color": "magenta",
      "center": [
        159,
        136
      ],
      "bbox": {
        "x_min": 129,
        "y_min": 106,
        "x_max": 189,
        "y_max": 166
      }
    },
    {
      "id": 1,
      "shape": "triangle",
      "size": "medium",
      "color": "red",
      "center": [
        99,
        78
      ],
      "bbox": {
        "x_min": 73,
        "y_min": 48,
        "x_max": 124,
        "y_max": 93
      }
    },
    {
      "id": 2,
      "shape": "circle",
      "size": "medium",
      "color": "cyan",
      "center": [
        78,
        153
      ],
      "bbox": {
        "x_min": 48,
        "y_min": 123,
        "x_max": 108,
        "y_max": 183
      }
    }
  ],
  "relations": [
    {
      "subject_id": 0,
      "object_id": 1,
      "relation": "left_of",
      "explicit": false
    },
    {
      "subject_id": 0,
      "object_id": 2,
      "relation": "left_of",
      "explicit": false
    },
    {
      "subject_id": 1,
      "object_id": 2,
      "relation": "below",
      "explicit": false
    }
  ]
}