{
  "image_id": 548,
  "image_filename": "image_00548.png",
  "num_entities": 3,
  "entities": [
    {
      "id": 0,
      "shape": "rectangle",
      "size": "medium",
      "color": "orange",
      "center": [
        114,
        133
      ],
      "bbox": {
        "x_min": 99,
        "y_min": 111,
        "x_max": 129,
        "y_max": 155
      }
    },
    {
      "id": 1,
      "shape": "circle",
      "size": "large",
      "color": "yellow",
      "center": [
        68,
        51
      ],
      "bbox": {
        "x_min": 28,
        "y_min": 11,
        "x_max": 108,
        "y_max": 91
      }
    },
    {
      "id": 2,
      "shape": "circle",
      "size": "medium",
      "color": "green",
      "center": [
        173,
        65
      ],
      "bbox": {
        "x_min": 143,
        "y_min": 35,
        "x_max": 203,
        "y_max": 95
      }
    }
  ],
  "relations": [
    {
      "subject_id": 0,
      "object_id": 1,
      "relation": "above",
      "explicit": true
    },
    {
      "subject_id": 0,
      "object_id": 2,
      "relation": "above",
      "explicit": true
    },
    {
      "subject_id": 1,
      "object_id": 2,
      "relation": "right_of",
      "explicit": true
    }
  ]
}