{
  "image_id": 624,
  "image_filename": "image_00624.png",
  "num_entities": 4,
  "entities": [
    {
      "id": 0,
      "shape": "rectangle",
      "size": "medium",
      "color": "blue",
      "center": [
        125,
        150
      ],
      "bbox": {
        "x_min": 110,
        "y_min": 128,
        "x_max": 140,
        "y_max": 172
      }
    },
    {
      "id": 1,
      "shape": "triangle",
      "size": "small",
      "color": "blue",
      "center": [
        169,
        64
      ],
      "bbox": {
        "x_min": 151,
        "y_min": 44,
        "x_max": 186,
        "y_max": 74
      }
    },
    {
      "id": 2,
      "shape": "rectangle",
      "size": "small",
      "color": "red",
      "center": [
        53,
        122
      ],
      "bbox": {
        "x_min": 43,
        "y_min": 107,
        "x_max": 63,
        "y_max": 137
      }
    },
    {
      "id": 3,
      "shape": "rectangle",
      "size": "small",
      "color": "red",
      "center": [
        81,
        61
      ],
      "bbox": {
        "x_min": 71,
        "y_min": 46,
        "x_max": 91,
        "y_max": 76
      }
    }
  ],
  "relations": [
    {
      "subject_id": 0,
      "object_id": 1,
      "relation": "above",
      "explicit": true
    },
    {
      "subject_id": 0,
      "object_id": 2,
      "relation": "left_of",
      "explicit": true
    },
    {
      "subject_id": 0,
      "object_id": 3,
      "relation": "above",
      "explicit": true
    },
    {
      "subject_id": 1,
      "object_id": 2,
      "relation": "left_of",
      "explicit": true
    },
    {
      "subject_id": 1,
      "object_id": 3,
      "relation": "left_of",
      "explicit": true
    },
    {
      "subject_id": 2,
      "object_id": 3,
      "relation": "above",
      "explicit": false
    }
  ]
}