{
  "image_id": 571,
  "image_filename": "image_00571.png",
  "num_entities": 2,
  "entities": [
    {
      "id": 0,
      "shape": "rectangle",
      "size": "large",
      "color": "green",
      "center": [
        136,
        55
      ],
      "bbox": {
        "x_min": 116,
        "y_min": 25,
        "x_max": 156,
        "y_max": 85
      }
    },
    {
      "id": 1,
      "shape": "rectangle",
      "size": "small",
      "color": "cyan",
      "center": [
        147,
        134
      ],
      "bbox": {
        "x_min": 137,
        "y_min": 119,
        "x_max": 157,
        "y_max": 149
      }
    }
  ],
  "relations": [
    {
      "subject_id": 0,
      "object_id": 1,
      "relation": "below",
      "explicit": true
    }
  ]
}