{
  "image_id": 405,
  "image_filename": "image_00405.png",
  "num_entities": 2,
  "entities": [
    {
      "id": 0,
      "shape": "circle",
      "size": "large",
      "color": "orange",
      "center": [
        117,
        114
      ],
      "bbox": {
        "x_min": 77,
        "y_min": 74,
        "x_max": 157,
        "y_max": 154
      }
    },
    {
      "id": 1,
      "shape": "rectangle",
      "size": "medium",
      "color": "purple",
      "center": [
        50,
        63
      ],
      "bbox": {
        "x_min": 35,
        "y_min": 41,
        "x_max": 65,
        "y_max": 85
      }
    }
  ],
  "relations": [
    {
      "subject_id": 0,
      "object_id": 1,
      "relation": "left_of",
      "explicit": true
    }
  ]
}