{
  "image_id": 688,
  "image_filename": "image_00688.png",
  "num_entities": 3,
  "entities": [
    {
      "id": 0,
      "shape": "rectangle",
      "size": "medium",
      "color": "red",
      "center": [
        168,
        107
      ],
      "bbox": {
        "x_min": 153,
        "y_min": 85,
        "x_max": 183,
        "y_max": 129
      }
    },
    {
      "id": 1,
      "shape": "square",
      "size": "large",
      "color": "cyan",
      "center": [
        63,
        93
      ],
      "bbox": {
        "x_min": 23,
        "y_min": 53,
        "x_max": 103,
        "y_max": 133
      }
    },
    {
      "id": 2,
      "shape": "circle",
      "size": "small",
      "color": "purple",
      "center": [
        119,
        155
      ],
      "bbox": {
        "x_min": 99,
        "y_min": 135,
        "x_max": 139,
        "y_max": 175
      }
    }
  ],
  "relations": [
    {
      "subject_id": 0,
      "object_id": 1,
      "relation": "left_of",
      "explicit": true
    },
    {
      "subject_id": 0,
      "object_id": 2,
      "relation": "left_of",
      "explicit": false
    },
    {
      "subject_id": 1,
      "object_id": 2,
      "relation": "below",
      "explicit": false
    }
  ]
}