{
  "image_id": 987,
  "image_filename": "image_00987.png",
  "num_entities": 2,
  "entities": [
    {
      "id": 0,
      "shape": "square",
      "size": "small",
      "color": "green",
      "center": [
        95,
        51
      ],
      "bbox": {
        "x_min": 75,
        "y_min": 31,
        "x_max": 115,
        "y_max": 71
      }
    },
    {
      "id": 1,
      "shape": "square",
      "size": "medium",
      "color": "cyan",
      "center": [
        137,
        113
      ],
      "bbox": {
        "x_min": 107,
        "y_min": 83,
        "x_max": 167,
        "y_max": 143
      }
    }
  ],
  "relations": [
    {
      "subject_id": 0,
      "object_id": 1,
      "relation": "below",
      "explicit": true
    }
  ]
}