{
  "image_id": 2,
  "image_filename": "image_00002.png",
  "num_entities": 5,
  "entities": [
    {
      "id": 0,
      "shape": "circle",
      "size": "small",
      "color": "green",
      "center": [
        55,
        159
      ],
      "bbox": {
        "x_min": 35,
        "y_min": 139,
        "x_max": 75,
        "y_max": 179
      }
    },
    {
      "id": 1,
      "shape": "circle",
      "size": "medium",
      "color": "red",
      "center": [
        123,
        108
      ],
      "bbox": {
        "x_min": 93,
        "y_min": 78,
        "x_max": 153,
        "y_max": 138
      }
    },
    {
      "id": 2,
      "shape": "rectangle",
      "size": "small",
      "color": "cyan",
      "center": [
        167,
        169
      ],
      "bbox": {
        "x_min": 157,
        "y_min": 154,
        "x_max": 177,
        "y_max": 184
      }
    },
    {
      "id": 3,
      "shape": "triangle",
      "size": "small",
      "color": "cyan",
      "center": [
        62,
        67
      ],
      "bbox": {
        "x_min": 44,
        "y_min": 47,
        "x_max": 79,
        "y_max": 77
      }
    },
    {
      "id": 4,
      "shape": "square",
      "size": "small",
      "color": "magenta",
      "center": [
        153,
        51
      ],
      "bbox": {
        "x_min": 133,
        "y_min": 31,
        "x_max": 173,
        "y_max": 71
      }
    }
  ],
  "relations": [
    {
      "subject_id": 0,
      "object_id": 1,
      "relation": "right_of",
      "explicit": true
    },
    {
      "subject_id": 0,
      "object_id": 2,
      "relation": "right_of",
      "explicit": false
    },
    {
      "subject_id": 0,
      "object_id": 3,
      "relation": "above",
      "explicit": false
    },
    {
      "subject_id": 0,
      "object_id": 4,
      "relation": "above",
      "explicit": true
    },
    {
      "subject_id": 1,
      "object_id": 2,
      "relation": "below",
      "explicit": false
    },
    {
      "subject_id": 1,
      "object_id": 3,
      "relation": "left_of",
      "explicit": true
    },
    {
      "subject_id": 1,
      "object_id": 4,
      "relation": "above",
      "explicit": true
    },
    {
      "subject_id": 2,
      "object_id": 3,
      "relation": "left_of",
      "explicit": false
    },
    {
      "subject_id": 2,
      "object_id": 4,
      "relation": "above",
      "explicit": false
    },
    {
      "subject_id": 3,
      "object_id": 4,
      "relation": "right_of",
      "explicit": true
    }
  ]
}