{
  "image_id": 173,
  "image_filename": "image_00173.png",
  "num_entities": 3,
  "entities": [
    {
      "id": 0,
      "shape": "triangle",
      "size": "large",
      "color": "purple",
      "center": [
        135,
        159
      ],
      "bbox": {
        "x_min": 100,
        "y_min": 119,
        "x_max": 169,
        "y_max": 179
      }
    },
    {
      "id": 1,
      "shape": "circle",
      "size": "small",
      "color": "orange",
      "center": [
        54,
        128
      ],
      "bbox": {
        "x_min": 34,
        "y_min": 108,
        "x_max": 74,
        "y_max": 148
      }
    },
    {
      "id": 2,
      "shape": "square",
      "size": "small",
      "color": "orange",
      "center": [
        87,
        62
      ],
      "bbox": {
        "x_min": 67,
        "y_min": 42,
        "x_max": 107,
        "y_max": 82
      }
    }
  ],
  "relations": [
    {
      "subject_id": 0,
      "object_id": 1,
      "relation": "left_of",
      "explicit": true
    },
    {
      "subject_id": 0,
      "object_id": 2,
      "relation": "above",
      "explicit": true
    },
    {
      "subject_id": 1,
      "object_id": 2,
      "relation": "above",
      "explicit": true
    }
  ]
}