{
  "image_id": 581,
  "image_filename": "image_00581.png",
  "num_entities": 3,
  "entities": [
    {
      "id": 0,
      "shape": "triangle",
      "size": "small",
      "color": "yellow",
      "center": [
        79,
        162
      ],
      "bbox": {
        "x_min": 61,
        "y_min": 142,
        "x_max": 96,
        "y_max": 172
      }
    },
    {
      "id": 1,
      "shape": "circle",
      "size": "small",
      "color": "cyan",
      "center": [
        152,
        174
      ],
      "bbox": {
        "x_min": 132,
        "y_min": 154,
        "x_max": 172,
        "y_max": 194
      }
    },
    {
      "id": 2,
      "shape": "circle",
      "size": "small",
      "color": "yellow",
      "center": [
        131,
        123
      ],
      "bbox": {
        "x_min": 111,
        "y_min": 103,
        "x_max": 151,
        "y_max": 143
      }
    }
  ],
  "relations": [
    {
      "subject_id": 0,
      "object_id": 1,
      "relation": "right_of",
      "explicit": false
    },
    {
      "subject_id": 0,
      "object_id": 2,
      "relation": "right_of",
      "explicit": false
    },
    {
      "subject_id": 1,
      "object_id": 2,
      "relation": "above",
      "explicit": true
    }
  ]
}