{
  "image_id": 765,
  "image_filename": "image_00765.png",
  "num_entities": 3,
  "entities": [
    {
      "id": 0,
      "shape": "triangle",
      "size": "medium",
      "color": "blue",
      "center": [
        135,
        152
      ],
      "bbox": {
        "x_min": 109,
        "y_min": 122,
        "x_max": 160,
        "y_max": 167
      }
    },
    {
      "id": 1,
      "shape": "rectangle",
      "size": "large",
      "color": "green",
      "center": [
        64,
        83
      ],
      "bbox": {
        "x_min": 44,
        "y_min": 53,
        "x_max": 84,
        "y_max": 113
      }
    },
    {
      "id": 2,
      "shape": "rectangle",
      "size": "large",
      "color": "yellow",
      "center": [
        154,
        58
      ],
      "bbox": {
        "x_min": 134,
        "y_min": 28,
        "x_max": 174,
        "y_max": 88
      }
    }
  ],
  "relations": [
    {
      "subject_id": 0,
      "object_id": 1,
      "relation": "left_of",
      "explicit": true
    },
    {
      "subject_id": 0,
      "object_id": 2,
      "relation": "above",
      "explicit": false
    },
    {
      "subject_id": 1,
      "object_id": 2,
      "relation": "right_of",
      "explicit": false
    }
  ]
}