{
  "image_id": 397,
  "image_filename": "image_00397.png",
  "num_entities": 3,
  "entities": [
    {
      "id": 0,
      "shape": "triangle",
      "size": "small",
      "color": "orange",
      "center": [
        163,
        122
      ],
      "bbox": {
        "x_min": 145,
        "y_min": 102,
        "x_max": 180,
        "y_max": 132
      }
    },
    {
      "id": 1,
      "shape": "rectangle",
      "size": "medium",
      "color": "cyan",
      "center": [
        59,
        95
      ],
      "bbox": {
        "x_min": 44,
        "y_min": 73,
        "x_max": 74,
        "y_max": 117
      }
    },
    {
      "id": 2,
      "shape": "rectangle",
      "size": "large",
      "color": "purple",
      "center": [
        102,
        172
      ],
      "bbox": {
        "x_min": 82,
        "y_min": 142,
        "x_max": 122,
        "y_max": 202
      }
    }
  ],
  "relations": [
    {
      "subject_id": 0,
      "object_id": 1,
      "relation": "left_of",
      "explicit": true
    },
    {
      "subject_id": 0,
      "object_id": 2,
      "relation": "left_of",
      "explicit": true
    },
    {
      "subject_id": 1,
      "object_id": 2,
      "relation": "below",
      "explicit": true
    }
  ]
}