{
  "image_id": 670,
  "image_filename": "image_00670.png",
  "num_entities": 3,
  "entities": [
    {
      "id": 0,
      "shape": "square",
      "size": "large",
      "color": "blue",
      "center": [
        92,
        106
      ],
      "bbox": {
        "x_min": 52,
        "y_min": 66,
        "x_max": 132,
        "y_max": 146
      }
    },
    {
      "id": 1,
      "shape": "circle",
      "size": "medium",
      "color": "purple",
      "center": [
        157,
        166
      ],
      "bbox": {
        "x_min": 127,
        "y_min": 136,
        "x_max": 187,
        "y_max": 196
      }
    },
    {
      "id": 2,
      "shape": "rectangle",
      "size": "medium",
      "color": "magenta",
      "center": [
        168,
        60
      ],
      "bbox": {
        "x_min": 153,
        "y_min": 38,
        "x_max": 183,
        "y_max": 82
      }
    }
  ],
  "relations": [
    {
      "subject_id": 0,
      "object_id": 1,
      "relation": "right_of",
      "explicit": false
    },
    {
      "subject_id": 0,
      "object_id": 2,
      "relation": "right_of",
      "explicit": false
    },
    {
      "subject_id": 1,
      "object_id": 2,
      "relation": "above",
      "explicit": false
    }
  ]
}