{
  "image_id": 322,
  "image_filename": "image_00322.png",
  "num_entities": 4,
  "entities": [
    {
      "id": 0,
      "shape": "rectangle",
      "size": "medium",
      "color": "cyan",
      "center": [
        135,
        57
      ],
      "bbox": {
        "x_min": 120,
        "y_min": 35,
        "x_max": 150,
        "y_max": 79
      }
    },
    {
      "id": 1,
      "shape": "triangle",
      "size": "large",
      "color": "orange",
      "center": [
        173,
        130
      ],
      "bbox": {
        "x_min": 138,
        "y_min": 90,
        "x_max": 207,
        "y_max": 150
      }
    },
    {
      "id": 2,
      "shape": "circle",
      "size": "medium",
      "color": "magenta",
      "center": [
        92,
        169
      ],
      "bbox": {
        "x_min": 62,
        "y_min": 139,
        "x_max": 122,
        "y_max": 199
      }
    },
    {
      "id": 3,
      "shape": "circle",
      "size": "large",
      "color": "orange",
      "center": [
        50,
        60
      ],
      "bbox": {
        "x_min": 10,
        "y_min": 20,
        "x_max": 90,
        "y_max": 100
      }
    }
  ],
  "relations": [
    {
      "subject_id": 0,
      "object_id": 1,
      "relation": "below",
      "explicit": true
    },
    {
      "subject_id": 0,
      "object_id": 2,
      "relation": "below",
      "explicit": false
    },
    {
      "subject_id": 0,
      "object_id": 3,
      "relation": "left_of",
      "explicit": false
    },
    {
      "subject_id": 1,
      "object_id": 2,
      "relation": "left_of",
      "explicit": false
    },
    {
      "subject_id": 1,
      "object_id": 3,
      "relation": "left_of",
      "explicit": true
    },
    {
      "subject_id": 2,
      "object_id": 3,
      "relation": "above",
      "explicit": true
    }
  ]
}