{
  "image_id": 677,
  "image_filename": "image_00677.png",
  "num_entities": 4,
  "entities": [
    {
      "id": 0,
      "shape": "circle",
      "size": "small",
      "color": "cyan",
      "center": [
        59,
        138
      ],
      "bbox": {
        "x_min": 39,
        "y_min": 118,
        "x_max": 79,
        "y_max": 158
      }
    },
    {
      "id": 1,
      "shape": "circle",
      "size": "medium",
      "color": "purple",
      "center": [
        159,
        87
      ],
      "bbox": {
        "x_min": 129,
        "y_min": 57,
        "x_max": 189,
        "y_max": 117
      }
    },
    {
      "id": 2,
      "shape": "circle",
      "size": "large",
      "color": "magenta",
      "center": [
        62,
        54
      ],
      "bbox": {
        "x_min": 22,
        "y_min": 14,
        "x_max": 102,
        "y_max": 94
      }
    },
    {
      "id": 3,
      "shape": "rectangle",
      "size": "small",
      "color": "blue",
      "center": [
        121,
        159
      ],
      "bbox": {
        "x_min": 111,
        "y_min": 144,
        "x_max": 131,
        "y_max": 174
      }
    }
  ],
  "relations": [
    {
      "subject_id": 0,
      "object_id": 1,
      "relation": "right_of",
      "explicit": false
    },
    {
      "subject_id": 0,
      "object_id": 2,
      "relation": "above",
      "explicit": true
    },
    {
      "subject_id": 0,
      "object_id": 3,
      "relation": "right_of",
      "explicit": false
    },
    {
      "subject_id": 1,
      "object_id": 2,
      "relation": "left_of",
      "explicit": true
    },
    {
      "subject_id": 1,
      "object_id": 3,
      "relation": "below",
      "explicit": false
    },
    {
      "subject_id": 2,
      "object_id": 3,
      "relation": "below",
      "explicit": false
    }
  ]
}