{
  "image_id": 490,
  "image_filename": "image_00490.png",
  "num_entities": 2,
  "entities": [
    {
      "id": 0,
      "shape": "triangle",
      "size": "large",
      "color": "yellow",
      "center": [
        116,
        71
      ],
      "bbox": {
        "x_min": 81,
        "y_min": 31,
        "x_max": 150,
        "y_max": 91
      }
    },
    {
      "id": 1,
      "shape": "square",
      "size": "medium",
      "color": "green",
      "center": [
        77,
        168
      ],
      "bbox": {
        "x_min": 47,
        "y_min": 138,
        "x_max": 107,
        "y_max": 198
      }
    }
  ],
  "relations": [
    {
      "subject_id": 0,
      "object_id": 1,
      "relation": "below",
      "explicit": false
    }
  ]
}