{
  "image_id": 771,
  "image_filename": "image_00771.png",
  "num_entities": 2,
  "entities": [
    {
      "id": 0,
      "shape": "rectangle",
      "size": "small",
      "color": "cyan",
      "center": [
        125,
        125
      ],
      "bbox": {
        "x_min": 115,
        "y_min": 110,
        "x_max": 135,
        "y_max": 140
      }
    },
    {
      "id": 1,
      "shape": "rectangle",
      "size": "large",
      "color": "blue",
      "center": [
        56,
        86
      ],
      "bbox": {
        "x_min": 36,
        "y_min": 56,
        "x_max": 76,
        "y_max": 116
      }
    }
  ],
  "relations": [
    {
      "subject_id": 0,
      "object_id": 1,
      "relation": "left_of",
      "explicit": true
    }
  ]
}