{
  "image_id": 368,
  "image_filename": "image_00368.png",
  "num_entities": 3,
  "entities": [
    {
      "id": 0,
      "shape": "triangle",
      "size": "medium",
      "color": "green",
      "center": [
        167,
        171
      ],
      "bbox": {
        "x_min": 141,
        "y_min": 141,
        "x_max": 192,
        "y_max": 186
      }
    },
    {
      "id": 1,
      "shape": "circle",
      "size": "small",
      "color": "magenta",
      "center": [
        162,
        80
      ],
      "bbox": {
        "x_min": 142,
        "y_min": 60,
        "x_max": 182,
        "y_max": 100
      }
    },
    {
      "id": 2,
      "shape": "triangle",
      "size": "large",
      "color": "cyan",
      "center": [
        50,
        56
      ],
      "bbox": {
        "x_min": 15,
        "y_min": 16,
        "x_max": 84,
        "y_max": 76
      }
    }
  ],
  "relations": [
    {
      "subject_id": 0,
      "object_id": 1,
      "relation": "above",
      "explicit": true
    },
    {
      "subject_id": 0,
      "object_id": 2,
      "relation": "left_of",
      "explicit": true
    },
    {
      "subject_id": 1,
      "object_id": 2,
      "relation": "left_of",
      "explicit": false
    }
  ]
}