{
  "image_id": 806,
  "image_filename": "image_00806.png",
  "num_entities": 4,
  "entities": [
    {
      "id": 0,
      "shape": "rectangle",
      "size": "medium",
      "color": "orange",
      "center": [
        171,
        169
      ],
      "bbox": {
        "x_min": 156,
        "y_min": 147,
        "x_max": 186,
        "y_max": 191
      }
    },
    {
      "id": 1,
      "shape": "rectangle",
      "size": "large",
      "color": "orange",
      "center": [
        105,
        111
      ],
      "bbox": {
        "x_min": 85,
        "y_min": 81,
        "x_max": 125,
        "y_max": 141
      }
    },
    {
      "id": 2,
      "shape": "rectangle",
      "size": "small",
      "color": "red",
      "center": [
        172,
        63
      ],
      "bbox": {
        "x_min": 162,
        "y_min": 48,
        "x_max": 182,
        "y_max": 78
      }
    },
    {
      "id": 3,
      "shape": "circle",
      "size": "small",
      "color": "magenta",
      "center": [
        59,
        168
      ],
      "bbox": {
        "x_min": 39,
        "y_min": 148,
        "x_max": 79,
        "y_max": 188
      }
    }
  ],
  "relations": [
    {
      "subject_id": 0,
      "object_id": 1,
      "relation": "left_of",
      "explicit": false
    },
    {
      "subject_id": 0,
      "object_id": 2,
      "relation": "above",
      "explicit": false
    },
    {
      "subject_id": 0,
      "object_id": 3,
      "relation": "left_of",
      "explicit": true
    },
    {
      "subject_id": 1,
      "object_id": 2,
      "relation": "right_of",
      "explicit": true
    },
    {
      "subject_id": 1,
      "object_id": 3,
      "relation": "below",
      "explicit": false
    },
    {
      "subject_id": 2,
      "object_id": 3,
      "relation": "left_of",
      "explicit": true
    }
  ]
}