{
  "image_id": 117,
  "image_filename": "image_00117.png",
  "num_entities": 2,
  "entities": [
    {
      "id": 0,
      "shape": "circle",
      "size": "medium",
      "color": "orange",
      "center": [
        163,
        142
      ],
      "bbox": {
        "x_min": 133,
        "y_min": 112,
        "x_max": 193,
        "y_max": 172
      }
    },
    {
      "id": 1,
      "shape": "rectangle",
      "size": "medium",
      "color": "red",
      "center": [
        69,
        149
      ],
      "bbox": {
        "x_min": 54,
        "y_min": 127,
        "x_max": 84,
        "y_max": 171
      }
    }
  ],
  "relations": [
    {
      "subject_id": 0,
      "object_id": 1,
      "relation": "left_of",
      "explicit": true
    }
  ]
}