{
  "image_id": 135,
  "image_filename": "image_00135.png",
  "num_entities": 4,
  "entities": [
    {
      "id": 0,
      "shape": "triangle",
      "size": "small",
      "color": "red",
      "center": [
        98,
        112
      ],
      "bbox": {
        "x_min": 80,
        "y_min": 92,
        "x_max": 115,
        "y_max": 122
      }
    },
    {
      "id": 1,
      "shape": "square",
      "size": "small",
      "color": "blue",
      "center": [
        87,
        53
      ],
      "bbox": {
        "x_min": 67,
        "y_min": 33,
        "x_max": 107,
        "y_max": 73
      }
    },
    {
      "id": 2,
      "shape": "circle",
      "size": "medium",
      "color": "purple",
      "center": [
        149,
        145
      ],
      "bbox": {
        "x_min": 119,
        "y_min": 115,
        "x_max": 179,
        "y_max": 175
      }
    },
    {
      "id": 3,
      "shape": "rectangle",
      "size": "medium",
      "color": "yellow",
      "center": [
        161,
        68
      ],
      "bbox": {
        "x_min": 146,
        "y_min": 46,
        "x_max": 176,
        "y_max": 90
      }
    }
  ],
  "relations": [
    {
      "subject_id": 0,
      "object_id": 1,
      "relation": "above",
      "explicit": true
    },
    {
      "subject_id": 0,
      "object_id": 2,
      "relation": "right_of",
      "explicit": true
    },
    {
      "subject_id": 0,
      "object_id": 3,
      "relation": "right_of",
      "explicit": false
    },
    {
      "subject_id": 1,
      "object_id": 2,
      "relation": "below",
      "explicit": false
    },
    {
      "subject_id": 1,
      "object_id": 3,
      "relation": "right_of",
      "explicit": true
    },
    {
      "subject_id": 2,
      "object_id": 3,
      "relation": "above",
      "explicit": false
    }
  ]
}