{
  "image_id": 451,
  "image_filename": "image_00451.png",
  "num_entities": 3,
  "entities": [
    {
      "id": 0,
      "shape": "rectangle",
      "size": "medium",
      "color": "purple",
      "center": [
        115,
        77
      ],
      "bbox": {
        "x_min": 100,
        "y_min": 55,
        "x_max": 130,
        "y_max": 99
      }
    },
    {
      "id": 1,
      "shape": "square",
      "size": "medium",
      "color": "blue",
      "center": [
        152,
        156
      ],
      "bbox": {
        "x_min": 122,
        "y_min": 126,
        "x_max": 182,
        "y_max": 186
      }
    },
    {
      "id": 2,
      "shape": "square",
      "size": "medium",
      "color": "magenta",
      "center": [
        60,
        133
      ],
      "bbox": {
        "x_min": 30,
        "y_min": 103,
        "x_max": 90,
        "y_max": 163
      }
    }
  ],
  "relations": [
    {
      "subject_id": 0,
      "object_id": 1,
      "relation": "below",
      "explicit": true
    },
    {
      "subject_id": 0,
      "object_id": 2,
      "relation": "below",
      "explicit": true
    },
    {
      "subject_id": 1,
      "object_id": 2,
      "relation": "left_of",
      "explicit": false
    }
  ]
}