{
  "image_id": 922,
  "image_filename": "image_00922.png",
  "num_entities": 4,
  "entities": [
    {
      "id": 0,
      "shape": "square",
      "size": "small",
      "color": "orange",
      "center": [
        143,
        164
      ],
      "bbox": {
        "x_min": 123,
        "y_min": 144,
        "x_max": 163,
        "y_max": 184
      }
    },
    {
      "id": 1,
      "shape": "rectangle",
      "size": "large",
      "color": "cyan",
      "center": [
        52,
        70
      ],
      "bbox": {
        "x_min": 32,
        "y_min": 40,
        "x_max": 72,
        "y_max": 100
      }
    },
    {
      "id": 2,
      "shape": "circle",
      "size": "medium",
      "color": "cyan",
      "center": [
        66,
        168
      ],
      "bbox": {
        "x_min": 36,
        "y_min": 138,
        "x_max": 96,
        "y_max": 198
      }
    },
    {
      "id": 3,
      "shape": "rectangle",
      "size": "small",
      "color": "cyan",
      "center": [
        170,
        79
      ],
      "bbox": {
        "x_min": 160,
        "y_min": 64,
        "x_max": 180,
        "y_max": 94
      }
    }
  ],
  "relations": [
    {
      "subject_id": 0,
      "object_id": 1,
      "relation": "above",
      "explicit": true
    },
    {
      "subject_id": 0,
      "object_id": 2,
      "relation": "left_of",
      "explicit": false
    },
    {
      "subject_id": 0,
      "object_id": 3,
      "relation": "above",
      "explicit": false
    },
    {
      "subject_id": 1,
      "object_id": 2,
      "relation": "below",
      "explicit": false
    },
    {
      "subject_id": 1,
      "object_id": 3,
      "relation": "right_of",
      "explicit": false
    },
    {
      "subject_id": 2,
      "object_id": 3,
      "relation": "right_of",
      "explicit": true
    }
  ]
}