{
  "image_id": 857,
  "image_filename": "image_00857.png",
  "num_entities": 3,
  "entities": [
    {
      "id": 0,
      "shape": "square",
      "size": "large",
      "color": "blue",
      "center": [
        63,
        64
      ],
      "bbox": {
        "x_min": 23,
        "y_min": 24,
        "x_max": 103,
        "y_max": 104
      }
    },
    {
      "id": 1,
      "shape": "square",
      "size": "large",
      "color": "green",
      "center": [
        122,
        167
      ],
      "bbox": {
        "x_min": 82,
        "y_min": 127,
        "x_max": 162,
        "y_max": 207
      }
    },
    {
      "id": 2,
      "shape": "rectangle",
      "size": "large",
      "color": "yellow",
      "center": [
        168,
        71
      ],
      "bbox": {
        "x_min": 148,
        "y_min": 41,
        "x_max": 188,
        "y_max": 101
      }
    }
  ],
  "relations": [
    {
      "subject_id": 0,
      "object_id": 1,
      "relation": "below",
      "explicit": true
    },
    {
      "subject_id": 0,
      "object_id": 2,
      "relation": "right_of",
      "explicit": false
    },
    {
      "subject_id": 1,
      "object_id": 2,
      "relation": "above",
      "explicit": false
    }
  ]
}