{
  "image_id": 802,
  "image_filename": "image_00802.png",
  "num_entities": 3,
  "entities": [
    {
      "id": 0,
      "shape": "rectangle",
      "size": "small",
      "color": "cyan",
      "center": [
        167,
        138
      ],
      "bbox": {
        "x_min": 157,
        "y_min": 123,
        "x_max": 177,
        "y_max": 153
      }
    },
    {
      "id": 1,
      "shape": "square",
      "size": "large",
      "color": "orange",
      "center": [
        140,
        51
      ],
      "bbox": {
        "x_min": 100,
        "y_min": 11,
        "x_max": 180,
        "y_max": 91
      }
    },
    {
      "id": 2,
      "shape": "circle",
      "size": "medium",
      "color": "yellow",
      "center": [
        50,
        134
      ],
      "bbox": {
        "x_min": 20,
        "y_min": 104,
        "x_max": 80,
        "y_max": 164
      }
    }
  ],
  "relations": [
    {
      "subject_id": 0,
      "object_id": 1,
      "relation": "above",
      "explicit": false
    },
    {
      "subject_id": 0,
      "object_id": 2,
      "relation": "left_of",
      "explicit": true
    },
    {
      "subject_id": 1,
      "object_id": 2,
      "relation": "left_of",
      "explicit": false
    }
  ]
}