{
  "image_id": 483,
  "image_filename": "image_00483.png",
  "num_entities": 2,
  "entities": [
    {
      "id": 0,
      "shape": "rectangle",
      "size": "large",
      "color": "magenta",
      "center": [
        60,
        111
      ],
      "bbox": {
        "x_min": 40,
        "y_min": 81,
        "x_max": 80,
        "y_max": 141
      }
    },
    {
      "id": 1,
      "shape": "triangle",
      "size": "medium",
      "color": "orange",
      "center": [
        145,
        168
      ],
      "bbox": {
        "x_min": 119,
        "y_min": 138,
        "x_max": 170,
        "y_max": 183
      }
    }
  ],
  "relations": [
    {
      "subject_id": 0,
      "object_id": 1,
      "relation": "right_of",
      "explicit": true
    }
  ]
}