{
  "image_id": 238,
  "image_filename": "image_00238.png",
  "num_entities": 4,
  "entities": [
    {
      "id": 0,
      "shape": "square",
      "size": "medium",
      "color": "magenta",
      "center": [
        72,
        132
      ],
      "bbox": {
        "x_min": 42,
        "y_min": 102,
        "x_max": 102,
        "y_max": 162
      }
    },
    {
      "id": 1,
      "shape": "rectangle",
      "size": "large",
      "color": "orange",
      "center": [
        160,
        91
      ],
      "bbox": {
        "x_min": 140,
        "y_min": 61,
        "x_max": 180,
        "y_max": 121
      }
    },
    {
      "id": 2,
      "shape": "rectangle",
      "size": "medium",
      "color": "orange",
      "center": [
        131,
        170
      ],
      "bbox": {
        "x_min": 116,
        "y_min": 148,
        "x_max": 146,
        "y_max": 192
      }
    },
    {
      "id": 3,
      "shape": "rectangle",
      "size": "small",
      "color": "red",
      "center": [
        61,
        72
      ],
      "bbox": {
        "x_min": 51,
        "y_min": 57,
        "x_max": 71,
        "y_max": 87
      }
    }
  ],
  "relations": [
    {
      "subject_id": 0,
      "object_id": 1,
      "relation": "right_of",
      "explicit": false
    },
    {
      "subject_id": 0,
      "object_id": 2,
      "relation": "right_of",
      "explicit": true
    },
    {
      "subject_id": 0,
      "object_id": 3,
      "relation": "above",
      "explicit": true
    },
    {
      "subject_id": 1,
      "object_id": 2,
      "relation": "below",
      "explicit": true
    },
    {
      "subject_id": 1,
      "object_id": 3,
      "relation": "left_of",
      "explicit": false
    },
    {
      "subject_id": 2,
      "object_id": 3,
      "relation": "above",
      "explicit": false
    }
  ]
}