{
  "image_id": 301,
  "image_filename": "image_00301.png",
  "num_entities": 2,
  "entities": [
    {
      "id": 0,
      "shape": "rectangle",
      "size": "small",
      "color": "purple",
      "center": [
        174,
        94
      ],
      "bbox": {
        "x_min": 164,
        "y_min": 79,
        "x_max": 184,
        "y_max": 109
      }
    },
    {
      "id": 1,
      "shape": "circle",
      "size": "large",
      "color": "green",
      "center": [
        80,
        169
      ],
      "bbox": {
        "x_min": 40,
        "y_min": 129,
        "x_max": 120,
        "y_max": 209
      }
    }
  ],
  "relations": [
    {
      "subject_id": 0,
      "object_id": 1,
      "relation": "left_of",
      "explicit": false
    }
  ]
}