{
  "image_id": 308,
  "image_filename": "image_00308.png",
  "num_entities": 3,
  "entities": [
    {
      "id": 0,
      "shape": "circle",
      "size": "medium",
      "color": "cyan",
      "center": [
        152,
        72
      ],
      "bbox": {
        "x_min": 122,
        "y_min": 42,
        "x_max": 182,
        "y_max": 102
      }
    },
    {
      "id": 1,
      "shape": "square",
      "size": "medium",
      "color": "orange",
      "center": [
        136,
        149
      ],
      "bbox": {
        "x_min": 106,
        "y_min": 119,
        "x_max": 166,
        "y_max": 179
      }
    },
    {
      "id": 2,
      "shape": "circle",
      "size": "medium",
      "color": "purple",
      "center": [
        63,
        133
      ],
      "bbox": {
        "x_min": 33,
        "y_min": 103,
        "x_max": 93,
        "y_max": 163
      }
    }
  ],
  "relations": [
    {
      "subject_id": 0,
      "object_id": 1,
      "relation": "below",
      "explicit": false
    },
    {
      "subject_id": 0,
      "object_id": 2,
      "relation": "left_of",
      "explicit": false
    },
    {
      "subject_id": 1,
      "object_id": 2,
      "relation": "left_of",
      "explicit": false
    }
  ]
}