{
  "image_id": 745,
  "image_filename": "image_00745.png",
  "num_entities": 3,
  "entities": [
    {
      "id": 0,
      "shape": "square",
      "size": "small",
      "color": "purple",
      "center": [
        91,
        89
      ],
      "bbox": {
        "x_min": 71,
        "y_min": 69,
        "x_max": 111,
        "y_max": 109
      }
    },
    {
      "id": 1,
      "shape": "rectangle",
      "size": "medium",
      "color": "green",
      "center": [
        117,
        161
      ],
      "bbox": {
        "x_min": 102,
        "y_min": 139,
        "x_max": 132,
        "y_max": 183
      }
    },
    {
      "id": 2,
      "shape": "circle",
      "size": "small",
      "color": "yellow",
      "center": [
        170,
        100
      ],
      "bbox": {
        "x_min": 150,
        "y_min": 80,
        "x_max": 190,
        "y_max": 120
      }
    }
  ],
  "relations": [
    {
      "subject_id": 0,
      "object_id": 1,
      "relation": "below",
      "explicit": true
    },
    {
      "subject_id": 0,
      "object_id": 2,
      "relation": "right_of",
      "explicit": false
    },
    {
      "subject_id": 1,
      "object_id": 2,
      "relation": "above",
      "explicit": false
    }
  ]
}