{
  "image_id": 887,
  "image_filename": "image_00887.png",
  "num_entities": 3,
  "entities": [
    {
      "id": 0,
      "shape": "rectangle",
      "size": "medium",
      "color": "red",
      "center": [
        170,
        82
      ],
      "bbox": {
        "x_min": 155,
        "y_min": 60,
        "x_max": 185,
        "y_max": 104
      }
    },
    {
      "id": 1,
      "shape": "square",
      "size": "medium",
      "color": "red",
      "center": [
        116,
        166
      ],
      "bbox": {
        "x_min": 86,
        "y_min": 136,
        "x_max": 146,
        "y_max": 196
      }
    },
    {
      "id": 2,
      "shape": "circle",
      "size": "small",
      "color": "magenta",
      "center": [
        70,
        56
      ],
      "bbox": {
        "x_min": 50,
        "y_min": 36,
        "x_max": 90,
        "y_max": 76
      }
    }
  ],
  "relations": [
    {
      "subject_id": 0,
      "object_id": 1,
      "relation": "below",
      "explicit": false
    },
    {
      "subject_id": 0,
      "object_id": 2,
      "relation": "left_of",
      "explicit": false
    },
    {
      "subject_id": 1,
      "object_id": 2,
      "relation": "above",
      "explicit": false
    }
  ]
}