{
  "image_id": 619,
  "image_filename": "image_00619.png",
  "num_entities": 2,
  "entities": [
    {
      "id": 0,
      "shape": "triangle",
      "size": "small",
      "color": "purple",
      "center": [
        91,
        162
      ],
      "bbox": {
        "x_min": 73,
        "y_min": 142,
        "x_max": 108,
        "y_max": 172
      }
    },
    {
      "id": 1,
      "shape": "triangle",
      "size": "small",
      "color": "yellow",
      "center": [
        140,
        109
      ],
      "bbox": {
        "x_min": 122,
        "y_min": 89,
        "x_max": 157,
        "y_max": 119
      }
    }
  ],
  "relations": [
    {
      "subject_id": 0,
      "object_id": 1,
      "relation": "above",
      "explicit": true
    }
  ]
}