{
  "image_id": 142,
  "image_filename": "image_00142.png",
  "num_entities": 3,
  "entities": [
    {
      "id": 0,
      "shape": "square",
      "size": "small",
      "color": "yellow",
      "center": [
        93,
        136
      ],
      "bbox": {
        "x_min": 73,
        "y_min": 116,
        "x_max": 113,
        "y_max": 156
      }
    },
    {
      "id": 1,
      "shape": "circle",
      "size": "medium",
      "color": "cyan",
      "center": [
        157,
        144
      ],
      "bbox": {
        "x_min": 127,
        "y_min": 114,
        "x_max": 187,
        "y_max": 174
      }
    },
    {
      "id": 2,
      "shape": "square",
      "size": "small",
      "color": "cyan",
      "center": [
        82,
        85
      ],
      "bbox": {
        "x_min": 62,
        "y_min": 65,
        "x_max": 102,
        "y_max": 105
      }
    }
  ],
  "relations": [
    {
      "subject_id": 0,
      "object_id": 1,
      "relation": "right_of",
      "explicit": true
    },
    {
      "subject_id": 0,
      "object_id": 2,
      "relation": "above",
      "explicit": true
    },
    {
      "subject_id": 1,
      "object_id": 2,
      "relation": "left_of",
      "explicit": false
    }
  ]
}