{
  "image_id": 175,
  "image_filename": "image_00175.png",
  "num_entities": 3,
  "entities": [
    {
      "id": 0,
      "shape": "circle",
      "size": "medium",
      "color": "magenta",
      "center": [
        73,
        108
      ],
      "bbox": {
        "x_min": 43,
        "y_min": 78,
        "x_max": 103,
        "y_max": 138
      }
    },
    {
      "id": 1,
      "shape": "triangle",
      "size": "medium",
      "color": "orange",
      "center": [
        119,
        50
      ],
      "bbox": {
        "x_min": 93,
        "y_min": 20,
        "x_max": 144,
        "y_max": 65
      }
    },
    {
      "id": 2,
      "shape": "circle",
      "size": "medium",
      "color": "cyan",
      "center": [
        142,
        135
      ],
      "bbox": {
        "x_min": 112,
        "y_min": 105,
        "x_max": 172,
        "y_max": 165
      }
    }
  ],
  "relations": [
    {
      "subject_id": 0,
      "object_id": 1,
      "relation": "above",
      "explicit": false
    },
    {
      "subject_id": 0,
      "object_id": 2,
      "relation": "right_of",
      "explicit": false
    },
    {
      "subject_id": 1,
      "object_id": 2,
      "relation": "below",
      "explicit": true
    }
  ]
}