{
  "image_id": 195,
  "image_filename": "image_00195.png",
  "num_entities": 3,
  "entities": [
    {
      "id": 0,
      "shape": "square",
      "size": "medium",
      "color": "green",
      "center": [
        112,
        92
      ],
      "bbox": {
        "x_min": 82,
        "y_min": 62,
        "x_max": 142,
        "y_max": 122
      }
    },
    {
      "id": 1,
      "shape": "circle",
      "size": "small",
      "color": "red",
      "center": [
        172,
        94
      ],
      "bbox": {
        "x_min": 152,
        "y_min": 74,
        "x_max": 192,
        "y_max": 114
      }
    },
    {
      "id": 2,
      "shape": "circle",
      "size": "medium",
      "color": "red",
      "center": [
        112,
        164
      ],
      "bbox": {
        "x_min": 82,
        "y_min": 134,
        "x_max": 142,
        "y_max": 194
      }
    }
  ],
  "relations": [
    {
      "subject_id": 0,
      "object_id": 1,
      "relation": "right_of",
      "explicit": true
    },
    {
      "subject_id": 0,
      "object_id": 2,
      "relation": "below",
      "explicit": true
    },
    {
      "subject_id": 1,
      "object_id": 2,
      "relation": "below",
      "explicit": true
    }
  ]
}