{
  "image_id": 551,
  "image_filename": "image_00551.png",
  "num_entities": 3,
  "entities": [
    {
      "id": 0,
      "shape": "triangle",
      "size": "large",
      "color": "magenta",
      "center": [
        95,
        108
      ],
      "bbox": {
        "x_min": 60,
        "y_min": 68,
        "x_max": 129,
        "y_max": 128
      }
    },
    {
      "id": 1,
      "shape": "square",
      "size": "medium",
      "color": "red",
      "center": [
        165,
        56
      ],
      "bbox": {
        "x_min": 135,
        "y_min": 26,
        "x_max": 195,
        "y_max": 86
      }
    },
    {
      "id": 2,
      "shape": "square",
      "size": "large",
      "color": "cyan",
      "center": [
        172,
        173
      ],
      "bbox": {
        "x_min": 132,
        "y_min": 133,
        "x_max": 212,
        "y_max": 213
      }
    }
  ],
  "relations": [
    {
      "subject_id": 0,
      "object_id": 1,
      "relation": "right_of",
      "explicit": false
    },
    {
      "subject_id": 0,
      "object_id": 2,
      "relation": "right_of",
      "explicit": false
    },
    {
      "subject_id": 1,
      "object_id": 2,
      "relation": "below",
      "explicit": false
    }
  ]
}