{
  "image_id": 528,
  "image_filename": "image_00528.png",
  "num_entities": 3,
  "entities": [
    {
      "id": 0,
      "shape": "circle",
      "size": "medium",
      "color": "green",
      "center": [
        68,
        154
      ],
      "bbox": {
        "x_min": 38,
        "y_min": 124,
        "x_max": 98,
        "y_max": 184
      }
    },
    {
      "id": 1,
      "shape": "square",
      "size": "medium",
      "color": "red",
      "center": [
        120,
        50
      ],
      "bbox": {
        "x_min": 90,
        "y_min": 20,
        "x_max": 150,
        "y_max": 80
      }
    },
    {
      "id": 2,
      "shape": "circle",
      "size": "small",
      "color": "purple",
      "center": [
        130,
        117
      ],
      "bbox": {
        "x_min": 110,
        "y_min": 97,
        "x_max": 150,
        "y_max": 137
      }
    }
  ],
  "relations": [
    {
      "subject_id": 0,
      "object_id": 1,
      "relation": "above",
      "explicit": true
    },
    {
      "subject_id": 0,
      "object_id": 2,
      "relation": "right_of",
      "explicit": false
    },
    {
      "subject_id": 1,
      "object_id": 2,
      "relation": "below",
      "explicit": false
    }
  ]
}