{
  "image_id": 563,
  "image_filename": "image_00563.png",
  "num_entities": 4,
  "entities": [
    {
      "id": 0,
      "shape": "rectangle",
      "size": "large",
      "color": "cyan",
      "center": [
        156,
        103
      ],
      "bbox": {
        "x_min": 136,
        "y_min": 73,
        "x_max": 176,
        "y_max": 133
      }
    },
    {
      "id": 1,
      "shape": "square",
      "size": "large",
      "color": "cyan",
      "center": [
        56,
        161
      ],
      "bbox": {
        "x_min": 16,
        "y_min": 121,
        "x_max": 96,
        "y_max": 201
      }
    },
    {
      "id": 2,
      "shape": "triangle",
      "size": "small",
      "color": "yellow",
      "center": [
        80,
        54
      ],
      "bbox": {
        "x_min": 62,
        "y_min": 34,
        "x_max": 97,
        "y_max": 64
      }
    },
    {
      "id": 3,
      "shape": "rectangle",
      "size": "small",
      "color": "blue",
      "center": [
        131,
        173
      ],
      "bbox": {
        "x_min": 121,
        "y_min": 158,
        "x_max": 141,
        "y_max": 188
      }
    }
  ],
  "relations": [
    {
      "subject_id": 0,
      "object_id": 1,
      "relation": "left_of",
      "explicit": true
    },
    {
      "subject_id": 0,
      "object_id": 2,
      "relation": "left_of",
      "explicit": true
    },
    {
      "subject_id": 0,
      "object_id": 3,
      "relation": "below",
      "explicit": false
    },
    {
      "subject_id": 1,
      "object_id": 2,
      "relation": "above",
      "explicit": false
    },
    {
      "subject_id": 1,
      "object_id": 3,
      "relation": "right_of",
      "explicit": false
    },
    {
      "subject_id": 2,
      "object_id": 3,
      "relation": "below",
      "explicit": true
    }
  ]
}