{
  "image_id": 905,
  "image_filename": "image_00905.png",
  "num_entities": 2,
  "entities": [
    {
      "id": 0,
      "shape": "circle",
      "size": "medium",
      "color": "magenta",
      "center": [
        163,
        142
      ],
      "bbox": {
        "x_min": 133,
        "y_min": 112,
        "x_max": 193,
        "y_max": 172
      }
    },
    {
      "id": 1,
      "shape": "rectangle",
      "size": "medium",
      "color": "orange",
      "center": [
        84,
        123
      ],
      "bbox": {
        "x_min": 69,
        "y_min": 101,
        "x_max": 99,
        "y_max": 145
      }
    }
  ],
  "relations": [
    {
      "subject_id": 0,
      "object_id": 1,
      "relation": "left_of",
      "explicit": false
    }
  ]
}