{
  "image_id": 721,
  "image_filename": "image_00721.png",
  "num_entities": 2,
  "entities": [
    {
      "id": 0,
      "shape": "circle",
      "size": "small",
      "color": "green",
      "center": [
        141,
        151
      ],
      "bbox": {
        "x_min": 121,
        "y_min": 131,
        "x_max": 161,
        "y_max": 171
      }
    },
    {
      "id": 1,
      "shape": "triangle",
      "size": "small",
      "color": "purple",
      "center": [
        51,
        88
      ],
      "bbox": {
        "x_min": 33,
        "y_min": 68,
        "x_max": 68,
        "y_max": 98
      }
    }
  ],
  "relations": [
    {
      "subject_id": 0,
      "object_id": 1,
      "relation": "left_of",
      "explicit": false
    }
  ]
}