{
  "image_id": 901,
  "image_filename": "image_00901.png",
  "num_entities": 3,
  "entities": [
    {
      "id": 0,
      "shape": "triangle",
      "size": "large",
      "color": "blue",
      "center": [
        174,
        52
      ],
      "bbox": {
        "x_min": 139,
        "y_min": 12,
        "x_max": 208,
        "y_max": 72
      }
    },
    {
      "id": 1,
      "shape": "triangle",
      "size": "large",
      "color": "red",
      "center": [
        70,
        63
      ],
      "bbox": {
        "x_min": 35,
        "y_min": 23,
        "x_max": 104,
        "y_max": 83
      }
    },
    {
      "id": 2,
      "shape": "triangle",
      "size": "medium",
      "color": "yellow",
      "center": [
        153,
        162
      ],
      "bbox": {
        "x_min": 127,
        "y_min": 132,
        "x_max": 178,
        "y_max": 177
      }
    }
  ],
  "relations": [
    {
      "subject_id": 0,
      "object_id": 1,
      "relation": "left_of",
      "explicit": true
    },
    {
      "subject_id": 0,
      "object_id": 2,
      "relation": "below",
      "explicit": false
    },
    {
      "subject_id": 1,
      "object_id": 2,
      "relation": "below",
      "explicit": false
    }
  ]
}