{
  "image_id": 575,
  "image_filename": "image_00575.png",
  "num_entities": 2,
  "entities": [
    {
      "id": 0,
      "shape": "triangle",
      "size": "medium",
      "color": "red",
      "center": [
        150,
        100
      ],
      "bbox": {
        "x_min": 124,
        "y_min": 70,
        "x_max": 175,
        "y_max": 115
      }
    },
    {
      "id": 1,
      "shape": "square",
      "size": "large",
      "color": "cyan",
      "center": [
        70,
        108
      ],
      "bbox": {
        "x_min": 30,
        "y_min": 68,
        "x_max": 110,
        "y_max": 148
      }
    }
  ],
  "relations": [
    {
      "subject_id": 0,
      "object_id": 1,
      "relation": "left_of",
      "explicit": true
    }
  ]
}