{
  "image_id": 18,
  "image_filename": "image_00018.png",
  "num_entities": 4,
  "entities": [
    {
      "id": 0,
      "shape": "triangle",
      "size": "small",
      "color": "purple",
      "center": [
        77,
        137
      ],
      "bbox": {
        "x_min": 59,
        "y_min": 117,
        "x_max": 94,
        "y_max": 147
      }
    },
    {
      "id": 1,
      "shape": "square",
      "size": "medium",
      "color": "green",
      "center": [
        142,
        160
      ],
      "bbox": {
        "x_min": 112,
        "y_min": 130,
        "x_max": 172,
        "y_max": 190
      }
    },
    {
      "id": 2,
      "shape": "rectangle",
      "size": "small",
      "color": "cyan",
      "center": [
        77,
        69
      ],
      "bbox": {
        "x_min": 67,
        "y_min": 54,
        "x_max": 87,
        "y_max": 84
      }
    },
    {
      "id": 3,
      "shape": "square",
      "size": "small",
      "color": "green",
      "center": [
        127,
        65
      ],
      "bbox": {
        "x_min": 107,
        "y_min": 45,
        "x_max": 147,
        "y_max": 85
      }
    }
  ],
  "relations": [
    {
      "subject_id": 0,
      "object_id": 1,
      "relation": "right_of",
      "explicit": false
    },
    {
      "subject_id": 0,
      "object_id": 2,
      "relation": "above",
      "explicit": false
    },
    {
      "subject_id": 0,
      "object_id": 3,
      "relation": "above",
      "explicit": true
    },
    {
      "subject_id": 1,
      "object_id": 2,
      "relation": "above",
      "explicit": false
    },
    {
      "subject_id": 1,
      "object_id": 3,
      "relation": "above",
      "explicit": false
    },
    {
      "subject_id": 2,
      "object_id": 3,
      "relation": "right_of",
      "explicit": true
    }
  ]
}