{
  "image_id": 719,
  "image_filename": "image_00719.png",
  "num_entities": 2,
  "entities": [
    {
      "id": 0,
      "shape": "triangle",
      "size": "medium",
      "color": "purple",
      "center": [
        146,
        151
      ],
      "bbox": {
        "x_min": 120,
        "y_min": 121,
        "x_max": 171,
        "y_max": 166
      }
    },
    {
      "id": 1,
      "shape": "circle",
      "size": "medium",
      "color": "red",
      "center": [
        86,
        51
      ],
      "bbox": {
        "x_min": 56,
        "y_min": 21,
        "x_max": 116,
        "y_max": 81
      }
    }
  ],
  "relations": [
    {
      "subject_id": 0,
      "object_id": 1,
      "relation": "above",
      "explicit": false
    }
  ]
}