{
  "image_id": 663,
  "image_filename": "image_00663.png",
  "num_entities": 4,
  "entities": [
    {
      "id": 0,
      "shape": "square",
      "size": "medium",
      "color": "red",
      "center": [
        106,
        141
      ],
      "bbox": {
        "x_min": 76,
        "y_min": 111,
        "x_max": 136,
        "y_max": 171
      }
    },
    {
      "id": 1,
      "shape": "square",
      "size": "medium",
      "color": "blue",
      "center": [
        155,
        55
      ],
      "bbox": {
        "x_min": 125,
        "y_min": 25,
        "x_max": 185,
        "y_max": 85
      }
    },
    {
      "id": 2,
      "shape": "square",
      "size": "medium",
      "color": "yellow",
      "center": [
        61,
        51
      ],
      "bbox": {
        "x_min": 31,
        "y_min": 21,
        "x_max": 91,
        "y_max": 81
      }
    },
    {
      "id": 3,
      "shape": "triangle",
      "size": "small",
      "color": "magenta",
      "center": [
        174,
        168
      ],
      "bbox": {
        "x_min": 156,
        "y_min": 148,
        "x_max": 191,
        "y_max": 178
      }
    }
  ],
  "relations": [
    {
      "subject_id": 0,
      "object_id": 1,
      "relation": "above",
      "explicit": true
    },
    {
      "subject_id": 0,
      "object_id": 2,
      "relation": "above",
      "explicit": true
    },
    {
      "subject_id": 0,
      "object_id": 3,
      "relation": "right_of",
      "explicit": true
    },
    {
      "subject_id": 1,
      "object_id": 2,
      "relation": "left_of",
      "explicit": true
    },
    {
      "subject_id": 1,
      "object_id": 3,
      "relation": "below",
      "explicit": true
    },
    {
      "subject_id": 2,
      "object_id": 3,
      "relation": "below",
      "explicit": false
    }
  ]
}