{
  "image_id": 437,
  "image_filename": "image_00437.png",
  "num_entities": 4,
  "entities": [
    {
      "id": 0,
      "shape": "triangle",
      "size": "large",
      "color": "blue",
      "center": [
        157,
        150
      ],
      "bbox": {
        "x_min": 122,
        "y_min": 110,
        "x_max": 191,
        "y_max": 170
      }
    },
    {
      "id": 1,
      "shape": "rectangle",
      "size": "medium",
      "color": "purple",
      "center": [
        54,
        75
      ],
      "bbox": {
        "x_min": 39,
        "y_min": 53,
        "x_max": 69,
        "y_max": 97
      }
    },
    {
      "id": 2,
      "shape": "circle",
      "size": "large",
      "color": "purple",
      "center": [
        163,
        58
      ],
      "bbox": {
        "x_min": 123,
        "y_min": 18,
        "x_max": 203,
        "y_max": 98
      }
    },
    {
      "id": 3,
      "shape": "triangle",
      "size": "small",
      "color": "blue",
      "center": [
        65,
        160
      ],
      "bbox": {
        "x_min": 47,
        "y_min": 140,
        "x_max": 82,
        "y_max": 170
      }
    }
  ],
  "relations": [
    {
      "subject_id": 0,
      "object_id": 1,
      "relation": "left_of",
      "explicit": false
    },
    {
      "subject_id": 0,
      "object_id": 2,
      "relation": "above",
      "explicit": true
    },
    {
      "subject_id": 0,
      "object_id": 3,
      "relation": "left_of",
      "explicit": true
    },
    {
      "subject_id": 1,
      "object_id": 2,
      "relation": "right_of",
      "explicit": true
    },
    {
      "subject_id": 1,
      "object_id": 3,
      "relation": "below",
      "explicit": false
    },
    {
      "subject_id": 2,
      "object_id": 3,
      "relation": "below",
      "explicit": false
    }
  ]
}