{
  "image_id": 701,
  "image_filename": "image_00701.png",
  "num_entities": 4,
  "entities": [
    {
      "id": 0,
      "shape": "triangle",
      "size": "large",
      "color": "orange",
      "center": [
        57,
        61
      ],
      "bbox": {
        "x_min": 22,
        "y_min": 21,
        "x_max": 91,
        "y_max": 81
      }
    },
    {
      "id": 1,
      "shape": "circle",
      "size": "medium",
      "color": "blue",
      "center": [
        52,
        156
      ],
      "bbox": {
        "x_min": 22,
        "y_min": 126,
        "x_max": 82,
        "y_max": 186
      }
    },
    {
      "id": 2,
      "shape": "rectangle",
      "size": "medium",
      "color": "magenta",
      "center": [
        141,
        146
      ],
      "bbox": {
        "x_min": 126,
        "y_min": 124,
        "x_max": 156,
        "y_max": 168
      }
    },
    {
      "id": 3,
      "shape": "rectangle",
      "size": "large",
      "color": "green",
      "center": [
        173,
        62
      ],
      "bbox": {
        "x_min": 153,
        "y_min": 32,
        "x_max": 193,
        "y_max": 92
      }
    }
  ],
  "relations": [
    {
      "subject_id": 0,
      "object_id": 1,
      "relation": "below",
      "explicit": true
    },
    {
      "subject_id": 0,
      "object_id": 2,
      "relation": "below",
      "explicit": true
    },
    {
      "subject_id": 0,
      "object_id": 3,
      "relation": "right_of",
      "explicit": true
    },
    {
      "subject_id": 1,
      "object_id": 2,
      "relation": "right_of",
      "explicit": false
    },
    {
      "subject_id": 1,
      "object_id": 3,
      "relation": "right_of",
      "explicit": false
    },
    {
      "subject_id": 2,
      "object_id": 3,
      "relation": "above",
      "explicit": false
    }
  ]
}