{
  "image_id": 455,
  "image_filename": "image_00455.png",
  "num_entities": 4,
  "entities": [
    {
      "id": 0,
      "shape": "triangle",
      "size": "medium",
      "color": "green",
      "center": [
        57,
        67
      ],
      "bbox": {
        "x_min": 31,
        "y_min": 37,
        "x_max": 82,
        "y_max": 82
      }
    },
    {
      "id": 1,
      "shape": "square",
      "size": "medium",
      "color": "purple",
      "center": [
        127,
        73
      ],
      "bbox": {
        "x_min": 97,
        "y_min": 43,
        "x_max": 157,
        "y_max": 103
      }
    },
    {
      "id": 2,
      "shape": "triangle",
      "size": "large",
      "color": "green",
      "center": [
        141,
        159
      ],
      "bbox": {
        "x_min": 106,
        "y_min": 119,
        "x_max": 175,
        "y_max": 179
      }
    },
    {
      "id": 3,
      "shape": "square",
      "size": "medium",
      "color": "red",
      "center": [
        61,
        142
      ],
      "bbox": {
        "x_min": 31,
        "y_min": 112,
        "x_max": 91,
        "y_max": 172
      }
    }
  ],
  "relations": [
    {
      "subject_id": 0,
      "object_id": 1,
      "relation": "right_of",
      "explicit": true
    },
    {
      "subject_id": 0,
      "object_id": 2,
      "relation": "below",
      "explicit": false
    },
    {
      "subject_id": 0,
      "object_id": 3,
      "relation": "below",
      "explicit": true
    },
    {
      "subject_id": 1,
      "object_id": 2,
      "relation": "below",
      "explicit": false
    },
    {
      "subject_id": 1,
      "object_id": 3,
      "relation": "below",
      "explicit": false
    },
    {
      "subject_id": 2,
      "object_id": 3,
      "relation": "left_of",
      "explicit": false
    }
  ]
}