{
  "image_id": 230,
  "image_filename": "image_00230.png",
  "num_entities": 2,
  "entities": [
    {
      "id": 0,
      "shape": "circle",
      "size": "large",
      "color": "blue",
      "center": [
        133,
        146
      ],
      "bbox": {
        "x_min": 93,
        "y_min": 106,
        "x_max": 173,
        "y_max": 186
      }
    },
    {
      "id": 1,
      "shape": "rectangle",
      "size": "small",
      "color": "orange",
      "center": [
        168,
        77
      ],
      "bbox": {
        "x_min": 158,
        "y_min": 62,
        "x_max": 178,
        "y_max": 92
      }
    }
  ],
  "relations": [
    {
      "subject_id": 0,
      "object_id": 1,
      "relation": "above",
      "explicit": false
    }
  ]
}