{
  "image_id": 4,
  "image_filename": "image_00004.png",
  "num_entities": 2,
  "entities": [
    {
      "id": 0,
      "shape": "rectangle",
      "size": "medium",
      "color": "red",
      "center": [
        134,
        88
      ],
      "bbox": {
        "x_min": 119,
        "y_min": 66,
        "x_max": 149,
        "y_max": 110
      }
    },
    {
      "id": 1,
      "shape": "rectangle",
      "size": "small",
      "color": "red",
      "center": [
        70,
        109
      ],
      "bbox": {
        "x_min": 60,
        "y_min": 94,
        "x_max": 80,
        "y_max": 124
      }
    }
  ],
  "relations": [
    {
      "subject_id": 0,
      "object_id": 1,
      "relation": "left_of",
      "explicit": true
    }
  ]
}