{
  "image_id": 753,
  "image_filename": "image_00753.png",
  "num_entities": 3,
  "entities": [
    {
      "id": 0,
      "shape": "triangle",
      "size": "large",
      "color": "red",
      "center": [
        150,
        84
      ],
      "bbox": {
        "x_min": 115,
        "y_min": 44,
        "x_max": 184,
        "y_max": 104
      }
    },
    {
      "id": 1,
      "shape": "circle",
      "size": "large",
      "color": "magenta",
      "center": [
        51,
        105
      ],
      "bbox": {
        "x_min": 11,
        "y_min": 65,
        "x_max": 91,
        "y_max": 145
      }
    },
    {
      "id": 2,
      "shape": "square",
      "size": "medium",
      "color": "orange",
      "center": [
        138,
        166
      ],
      "bbox": {
        "x_min": 108,
        "y_min": 136,
        "x_max": 168,
        "y_max": 196
      }
    }
  ],
  "relations": [
    {
      "subject_id": 0,
      "object_id": 1,
      "relation": "left_of",
      "explicit": false
    },
    {
      "subject_id": 0,
      "object_id": 2,
      "relation": "below",
      "explicit": false
    },
    {
      "subject_id": 1,
      "object_id": 2,
      "relation": "right_of",
      "explicit": true
    }
  ]
}