{
  "image_id": 891,
  "image_filename": "image_00891.png",
  "num_entities": 3,
  "entities": [
    {
      "id": 0,
      "shape": "square",
      "size": "small",
      "color": "yellow",
      "center": [
        67,
        57
      ],
      "bbox": {
        "x_min": 47,
        "y_min": 37,
        "x_max": 87,
        "y_max": 77
      }
    },
    {
      "id": 1,
      "shape": "circle",
      "size": "small",
      "color": "yellow",
      "center": [
        75,
        165
      ],
      "bbox": {
        "x_min": 55,
        "y_min": 145,
        "x_max": 95,
        "y_max": 185
      }
    },
    {
      "id": 2,
      "shape": "square",
      "size": "small",
      "color": "cyan",
      "center": [
        166,
        75
      ],
      "bbox": {
        "x_min": 146,
        "y_min": 55,
        "x_max": 186,
        "y_max": 95
      }
    }
  ],
  "relations": [
    {
      "subject_id": 0,
      "object_id": 1,
      "relation": "below",
      "explicit": false
    },
    {
      "subject_id": 0,
      "object_id": 2,
      "relation": "right_of",
      "explicit": false
    },
    {
      "subject_id": 1,
      "object_id": 2,
      "relation": "right_of",
      "explicit": true
    }
  ]
}