{
  "image_id": 942,
  "image_filename": "image_00942.png",
  "num_entities": 3,
  "entities": [
    {
      "id": 0,
      "shape": "circle",
      "size": "small",
      "color": "yellow",
      "center": [
        74,
        53
      ],
      "bbox": {
        "x_min": 54,
        "y_min": 33,
        "x_max": 94,
        "y_max": 73
      }
    },
    {
      "id": 1,
      "shape": "triangle",
      "size": "small",
      "color": "purple",
      "center": [
        160,
        142
      ],
      "bbox": {
        "x_min": 142,
        "y_min": 122,
        "x_max": 177,
        "y_max": 152
      }
    },
    {
      "id": 2,
      "shape": "rectangle",
      "size": "medium",
      "color": "magenta",
      "center": [
        97,
        166
      ],
      "bbox": {
        "x_min": 82,
        "y_min": 144,
        "x_max": 112,
        "y_max": 188
      }
    }
  ],
  "relations": [
    {
      "subject_id": 0,
      "object_id": 1,
      "relation": "below",
      "explicit": true
    },
    {
      "subject_id": 0,
      "object_id": 2,
      "relation": "below",
      "explicit": true
    },
    {
      "subject_id": 1,
      "object_id": 2,
      "relation": "left_of",
      "explicit": false
    }
  ]
}