{
  "image_id": 505,
  "image_filename": "image_00505.png",
  "num_entities": 3,
  "entities": [
    {
      "id": 0,
      "shape": "rectangle",
      "size": "small",
      "color": "orange",
      "center": [
        67,
        110
      ],
      "bbox": {
        "x_min": 57,
        "y_min": 95,
        "x_max": 77,
        "y_max": 125
      }
    },
    {
      "id": 1,
      "shape": "square",
      "size": "small",
      "color": "red",
      "center": [
        167,
        140
      ],
      "bbox": {
        "x_min": 147,
        "y_min": 120,
        "x_max": 187,
        "y_max": 160
      }
    },
    {
      "id": 2,
      "shape": "rectangle",
      "size": "small",
      "color": "red",
      "center": [
        117,
        87
      ],
      "bbox": {
        "x_min": 107,
        "y_min": 72,
        "x_max": 127,
        "y_max": 102
      }
    }
  ],
  "relations": [
    {
      "subject_id": 0,
      "object_id": 1,
      "relation": "right_of",
      "explicit": false
    },
    {
      "subject_id": 0,
      "object_id": 2,
      "relation": "right_of",
      "explicit": false
    },
    {
      "subject_id": 1,
      "object_id": 2,
      "relation": "above",
      "explicit": false
    }
  ]
}