{
  "image_id": 989,
  "image_filename": "image_00989.png",
  "num_entities": 3,
  "entities": [
    {
      "id": 0,
      "shape": "square",
      "size": "small",
      "color": "cyan",
      "center": [
        164,
        124
      ],
      "bbox": {
        "x_min": 144,
        "y_min": 104,
        "x_max": 184,
        "y_max": 144
      }
    },
    {
      "id": 1,
      "shape": "circle",
      "size": "small",
      "color": "orange",
      "center": [
        78,
        166
      ],
      "bbox": {
        "x_min": 58,
        "y_min": 146,
        "x_max": 98,
        "y_max": 186
      }
    },
    {
      "id": 2,
      "shape": "triangle",
      "size": "medium",
      "color": "green",
      "center": [
        128,
        55
      ],
      "bbox": {
        "x_min": 102,
        "y_min": 25,
        "x_max": 153,
        "y_max": 70
      }
    }
  ],
  "relations": [
    {
      "subject_id": 0,
      "object_id": 1,
      "relation": "left_of",
      "explicit": false
    },
    {
      "subject_id": 0,
      "object_id": 2,
      "relation": "above",
      "explicit": false
    },
    {
      "subject_id": 1,
      "object_id": 2,
      "relation": "above",
      "explicit": false
    }
  ]
}