{
  "image_id": 293,
  "image_filename": "image_00293.png",
  "num_entities": 3,
  "entities": [
    {
      "id": 0,
      "shape": "square",
      "size": "large",
      "color": "green",
      "center": [
        117,
        139
      ],
      "bbox": {
        "x_min": 77,
        "y_min": 99,
        "x_max": 157,
        "y_max": 179
      }
    },
    {
      "id": 1,
      "shape": "square",
      "size": "medium",
      "color": "red",
      "center": [
        157,
        51
      ],
      "bbox": {
        "x_min": 127,
        "y_min": 21,
        "x_max": 187,
        "y_max": 81
      }
    },
    {
      "id": 2,
      "shape": "circle",
      "size": "medium",
      "color": "purple",
      "center": [
        52,
        61
      ],
      "bbox": {
        "x_min": 22,
        "y_min": 31,
        "x_max": 82,
        "y_max": 91
      }
    }
  ],
  "relations": [
    {
      "subject_id": 0,
      "object_id": 1,
      "relation": "above",
      "explicit": false
    },
    {
      "subject_id": 0,
      "object_id": 2,
      "relation": "above",
      "explicit": true
    },
    {
      "subject_id": 1,
      "object_id": 2,
      "relation": "left_of",
      "explicit": false
    }
  ]
}