{
  "image_id": 150,
  "image_filename": "image_00150.png",
  "num_entities": 3,
  "entities": [
    {
      "id": 0,
      "shape": "circle",
      "size": "medium",
      "color": "red",
      "center": [
        135,
        94
      ],
      "bbox": {
        "x_min": 105,
        "y_min": 64,
        "x_max": 165,
        "y_max": 124
      }
    },
    {
      "id": 1,
      "shape": "circle",
      "size": "small",
      "color": "cyan",
      "center": [
        121,
        166
      ],
      "bbox": {
        "x_min": 101,
        "y_min": 146,
        "x_max": 141,
        "y_max": 186
      }
    },
    {
      "id": 2,
      "shape": "rectangle",
      "size": "large",
      "color": "purple",
      "center": [
        56,
        66
      ],
      "bbox": {
        "x_min": 36,
        "y_min": 36,
        "x_max": 76,
        "y_max": 96
      }
    }
  ],
  "relations": [
    {
      "subject_id": 0,
      "object_id": 1,
      "relation": "below",
      "explicit": false
    },
    {
      "subject_id": 0,
      "object_id": 2,
      "relation": "left_of",
      "explicit": false
    },
    {
      "subject_id": 1,
      "object_id": 2,
      "relation": "above",
      "explicit": false
    }
  ]
}