{
  "image_id": 550,
  "image_filename": "image_00550.png",
  "num_entities": 4,
  "entities": [
    {
      "id": 0,
      "shape": "circle",
      "size": "medium",
      "color": "yellow",
      "center": [
        60,
        56
      ],
      "bbox": {
        "x_min": 30,
        "y_min": 26,
        "x_max": 90,
        "y_max": 86
      }
    },
    {
      "id": 1,
      "shape": "triangle",
      "size": "small",
      "color": "cyan",
      "center": [
        130,
        72
      ],
      "bbox": {
        "x_min": 112,
        "y_min": 52,
        "x_max": 147,
        "y_max": 82
      }
    },
    {
      "id": 2,
      "shape": "rectangle",
      "size": "large",
      "color": "green",
      "center": [
        65,
        152
      ],
      "bbox": {
        "x_min": 45,
        "y_min": 122,
        "x_max": 85,
        "y_max": 182
      }
    },
    {
      "id": 3,
      "shape": "circle",
      "size": "medium",
      "color": "purple",
      "center": [
        160,
        164
      ],
      "bbox": {
        "x_min": 130,
        "y_min": 134,
        "x_max": 190,
        "y_max": 194
      }
    }
  ],
  "relations": [
    {
      "subject_id": 0,
      "object_id": 1,
      "relation": "right_of",
      "explicit": false
    },
    {
      "subject_id": 0,
      "object_id": 2,
      "relation": "below",
      "explicit": true
    },
    {
      "subject_id": 0,
      "object_id": 3,
      "relation": "below",
      "explicit": true
    },
    {
      "subject_id": 1,
      "object_id": 2,
      "relation": "below",
      "explicit": true
    },
    {
      "subject_id": 1,
      "object_id": 3,
      "relation": "below",
      "explicit": false
    },
    {
      "subject_id": 2,
      "object_id": 3,
      "relation": "right_of",
      "explicit": true
    }
  ]
}