{
  "image_id": 904,
  "image_filename": "image_00904.png",
  "num_entities": 2,
  "entities": [
    {
      "id": 0,
      "shape": "rectangle",
      "size": "large",
      "color": "purple",
      "center": [
        93,
        99
      ],
      "bbox": {
        "x_min": 73,
        "y_min": 69,
        "x_max": 113,
        "y_max": 129
      }
    },
    {
      "id": 1,
      "shape": "circle",
      "size": "small",
      "color": "blue",
      "center": [
        162,
        140
      ],
      "bbox": {
        "x_min": 142,
        "y_min": 120,
        "x_max": 182,
        "y_max": 160
      }
    }
  ],
  "relations": [
    {
      "subject_id": 0,
      "object_id": 1,
      "relation": "right_of",
      "explicit": false
    }
  ]
}