{
  "image_id": 784,
  "image_filename": "image_00784.png",
  "num_entities": 3,
  "entities": [
    {
      "id": 0,
      "shape": "triangle",
      "size": "medium",
      "color": "magenta",
      "center": [
        140,
        100
      ],
      "bbox": {
        "x_min": 114,
        "y_min": 70,
        "x_max": 165,
        "y_max": 115
      }
    },
    {
      "id": 1,
      "shape": "circle",
      "size": "large",
      "color": "red",
      "center": [
        67,
        59
      ],
      "bbox": {
        "x_min": 27,
        "y_min": 19,
        "x_max": 107,
        "y_max": 99
      }
    },
    {
      "id": 2,
      "shape": "triangle",
      "size": "medium",
      "color": "magenta",
      "center": [
        88,
        154
      ],
      "bbox": {
        "x_min": 62,
        "y_min": 124,
        "x_max": 113,
        "y_max": 169
      }
    }
  ],
  "relations": [
    {
      "subject_id": 0,
      "object_id": 1,
      "relation": "left_of",
      "explicit": true
    },
    {
      "subject_id": 0,
      "object_id": 2,
      "relation": "below",
      "explicit": false
    },
    {
      "subject_id": 1,
      "object_id": 2,
      "relation": "below",
      "explicit": true
    }
  ]
}