{
  "image_id": 545,
  "image_filename": "image_00545.png",
  "num_entities": 3,
  "entities": [
    {
      "id": 0,
      "shape": "rectangle",
      "size": "medium",
      "color": "purple",
      "center": [
        77,
        60
      ],
      "bbox": {
        "x_min": 62,
        "y_min": 38,
        "x_max": 92,
        "y_max": 82
      }
    },
    {
      "id": 1,
      "shape": "circle",
      "size": "small",
      "color": "purple",
      "center": [
        120,
        148
      ],
      "bbox": {
        "x_min": 100,
        "y_min": 128,
        "x_max": 140,
        "y_max": 168
      }
    },
    {
      "id": 2,
      "shape": "square",
      "size": "large",
      "color": "red",
      "center": [
        50,
        143
      ],
      "bbox": {
        "x_min": 10,
        "y_min": 103,
        "x_max": 90,
        "y_max": 183
      }
    }
  ],
  "relations": [
    {
      "subject_id": 0,
      "object_id": 1,
      "relation": "below",
      "explicit": true
    },
    {
      "subject_id": 0,
      "object_id": 2,
      "relation": "below",
      "explicit": false
    },
    {
      "subject_id": 1,
      "object_id": 2,
      "relation": "left_of",
      "explicit": true
    }
  ]
}