{
  "image_id": 623,
  "image_filename": "image_00623.png",
  "num_entities": 4,
  "entities": [
    {
      "id": 0,
      "shape": "triangle",
      "size": "large",
      "color": "cyan",
      "center": [
        79,
        138
      ],
      "bbox": {
        "x_min": 44,
        "y_min": 98,
        "x_max": 113,
        "y_max": 158
      }
    },
    {
      "id": 1,
      "shape": "circle",
      "size": "medium",
      "color": "blue",
      "center": [
        170,
        125
      ],
      "bbox": {
        "x_min": 140,
        "y_min": 95,
        "x_max": 200,
        "y_max": 155
      }
    },
    {
      "id": 2,
      "shape": "square",
      "size": "small",
      "color": "orange",
      "center": [
        85,
        61
      ],
      "bbox": {
        "x_min": 65,
        "y_min": 41,
        "x_max": 105,
        "y_max": 81
      }
    },
    {
      "id": 3,
      "shape": "rectangle",
      "size": "small",
      "color": "orange",
      "center": [
        155,
        52
      ],
      "bbox": {
        "x_min": 145,
        "y_min": 37,
        "x_max": 165,
        "y_max": 67
      }
    }
  ],
  "relations": [
    {
      "subject_id": 0,
      "object_id": 1,
      "relation": "right_of",
      "explicit": false
    },
    {
      "subject_id": 0,
      "object_id": 2,
      "relation": "above",
      "explicit": true
    },
    {
      "subject_id": 0,
      "object_id": 3,
      "relation": "above",
      "explicit": false
    },
    {
      "subject_id": 1,
      "object_id": 2,
      "relation": "left_of",
      "explicit": true
    },
    {
      "subject_id": 1,
      "object_id": 3,
      "relation": "above",
      "explicit": false
    },
    {
      "subject_id": 2,
      "object_id": 3,
      "relation": "right_of",
      "explicit": true
    }
  ]
}