{
  "image_id": 261,
  "image_filename": "image_00261.png",
  "num_entities": 3,
  "entities": [
    {
      "id": 0,
      "shape": "triangle",
      "size": "medium",
      "color": "yellow",
      "center": [
        123,
        105
      ],
      "bbox": {
        "x_min": 97,
        "y_min": 75,
        "x_max": 148,
        "y_max": 120
      }
    },
    {
      "id": 1,
      "shape": "triangle",
      "size": "medium",
      "color": "blue",
      "center": [
        72,
        161
      ],
      "bbox": {
        "x_min": 46,
        "y_min": 131,
        "x_max": 97,
        "y_max": 176
      }
    },
    {
      "id": 2,
      "shape": "square",
      "size": "large",
      "color": "orange",
      "center": [
        52,
        50
      ],
      "bbox": {
        "x_min": 12,
        "y_min": 10,
        "x_max": 92,
        "y_max": 90
      }
    }
  ],
  "relations": [
    {
      "subject_id": 0,
      "object_id": 1,
      "relation": "below",
      "explicit": true
    },
    {
      "subject_id": 0,
      "object_id": 2,
      "relation": "left_of",
      "explicit": false
    },
    {
      "subject_id": 1,
      "object_id": 2,
      "relation": "above",
      "explicit": true
    }
  ]
}