{
  "image_id": 859,
  "image_filename": "image_00859.png",
  "num_entities": 3,
  "entities": [
    {
      "id": 0,
      "shape": "circle",
      "size": "small",
      "color": "orange",
      "center": [
        134,
        106
      ],
      "bbox": {
        "x_min": 114,
        "y_min": 86,
        "x_max": 154,
        "y_max": 126
      }
    },
    {
      "id": 1,
      "shape": "triangle",
      "size": "medium",
      "color": "purple",
      "center": [
        52,
        142
      ],
      "bbox": {
        "x_min": 26,
        "y_min": 112,
        "x_max": 77,
        "y_max": 157
      }
    },
    {
      "id": 2,
      "shape": "rectangle",
      "size": "small",
      "color": "orange",
      "center": [
        74,
        62
      ],
      "bbox": {
        "x_min": 64,
        "y_min": 47,
        "x_max": 84,
        "y_max": 77
      }
    }
  ],
  "relations": [
    {
      "subject_id": 0,
      "object_id": 1,
      "relation": "left_of",
      "explicit": false
    },
    {
      "subject_id": 0,
      "object_id": 2,
      "relation": "left_of",
      "explicit": true
    },
    {
      "subject_id": 1,
      "object_id": 2,
      "relation": "above",
      "explicit": true
    }
  ]
}