{
  "image_id": 197,
  "image_filename": "image_00197.png",
  "num_entities": 5,
  "entities": [
    {
      "id": 0,
      "shape": "square",
      "size": "small",
      "color": "red",
      "center": [
        115,
        147
      ],
      "bbox": {
        "x_min": 95,
        "y_min": 127,
        "x_max": 135,
        "y_max": 167
      }
    },
    {
      "id": 1,
      "shape": "circle",
      "size": "medium",
      "color": "yellow",
      "center": [
        168,
        52
      ],
      "bbox": {
        "x_min": 138,
        "y_min": 22,
        "x_max": 198,
        "y_max": 82
      }
    },
    {
      "id": 2,
      "shape": "triangle",
      "size": "small",
      "color": "red",
      "center": [
        81,
        91
      ],
      "bbox": {
        "x_min": 63,
        "y_min": 71,
        "x_max": 98,
        "y_max": 101
      }
    },
    {
      "id": 3,
      "shape": "triangle",
      "size": "small",
      "color": "magenta",
      "center": [
        162,
        115
      ],
      "bbox": {
        "x_min": 144,
        "y_min": 95,
        "x_max": 179,
        "y_max": 125
      }
    },
    {
      "id": 4,
      "shape": "square",
      "size": "small",
      "color": "red",
      "center": [
        55,
        163
      ],
      "bbox": {
        "x_min": 35,
        "y_min": 143,
        "x_max": 75,
        "y_max": 183
      }
    }
  ],
  "relations": [
    {
      "subject_id": 0,
      "object_id": 1,
      "relation": "above",
      "explicit": false
    },
    {
      "subject_id": 0,
      "object_id": 2,
      "relation": "above",
      "explicit": false
    },
    {
      "subject_id": 0,
      "object_id": 3,
      "relation": "right_of",
      "explicit": true
    },
    {
      "subject_id": 0,
      "object_id": 4,
      "relation": "left_of",
      "explicit": true
    },
    {
      "subject_id": 1,
      "object_id": 2,
      "relation": "left_of",
      "explicit": false
    },
    {
      "subject_id": 1,
      "object_id": 3,
      "relation": "below",
      "explicit": true
    },
    {
      "subject_id": 1,
      "object_id": 4,
      "relation": "left_of",
      "explicit": false
    },
    {
      "subject_id": 2,
      "object_id": 3,
      "relation": "right_of",
      "explicit": true
    },
    {
      "subject_id": 2,
      "object_id": 4,
      "relation": "below",
      "explicit": false
    },
    {
      "subject_id": 3,
      "object_id": 4,
      "relation": "left_of",
      "explicit": true
    }
  ]
}