{
  "image_id": 111,
  "image_filename": "image_00111.png",
  "num_entities": 3,
  "entities": [
    {
      "id": 0,
      "shape": "triangle",
      "size": "large",
      "color": "green",
      "center": [
        130,
        78
      ],
      "bbox": {
        "x_min": 95,
        "y_min": 38,
        "x_max": 164,
        "y_max": 98
      }
    },
    {
      "id": 1,
      "shape": "triangle",
      "size": "large",
      "color": "purple",
      "center": [
        54,
        160
      ],
      "bbox": {
        "x_min": 19,
        "y_min": 120,
        "x_max": 88,
        "y_max": 180
      }
    },
    {
      "id": 2,
      "shape": "square",
      "size": "medium",
      "color": "magenta",
      "center": [
        166,
        163
      ],
      "bbox": {
        "x_min": 136,
        "y_min": 133,
        "x_max": 196,
        "y_max": 193
      }
    }
  ],
  "relations": [
    {
      "subject_id": 0,
      "object_id": 1,
      "relation": "below",
      "explicit": true
    },
    {
      "subject_id": 0,
      "object_id": 2,
      "relation": "below",
      "explicit": true
    },
    {
      "subject_id": 1,
      "object_id": 2,
      "relation": "right_of",
      "explicit": false
    }
  ]
}