{
  "image_id": 459,
  "image_filename": "image_00459.png",
  "num_entities": 2,
  "entities": [
    {
      "id": 0,
      "shape": "square",
      "size": "large",
      "color": "blue",
      "center": [
        109,
        73
      ],
      "bbox": {
        "x_min": 69,
        "y_min": 33,
        "x_max": 149,
        "y_max": 113
      }
    },
    {
      "id": 1,
      "shape": "square",
      "size": "small",
      "color": "green",
      "center": [
        100,
        146
      ],
      "bbox": {
        "x_min": 80,
        "y_min": 126,
        "x_max": 120,
        "y_max": 166
      }
    }
  ],
  "relations": [
    {
      "subject_id": 0,
      "object_id": 1,
      "relation": "below",
      "explicit": false
    }
  ]
}