{
  "image_id": 765,
  "image_filename": "image_00765.png",
  "num_entities": 3,
  "entities": [
    {
      "id": 0,
      "shape": "rectangle",
      "size": "large",
      "color": "blue",
      "center": [
        55,
        64
      ],
      "bbox": {
        "x_min": 35,
        "y_min": 34,
        "x_max": 75,
        "y_max": 94
      }
    },
    {
      "id": 1,
      "shape": "triangle",
      "size": "medium",
      "color": "blue",
      "center": [
        125,
        137
      ],
      "bbox": {
        "x_min": 99,
        "y_min": 107,
        "x_max": 150,
        "y_max": 152
      }
    },
    {
      "id": 2,
      "shape": "circle",
      "size": "large",
      "color": "magenta",
      "center": [
        172,
        60
      ],
      "bbox": {
        "x_min": 132,
        "y_min": 20,
        "x_max": 212,
        "y_max": 100
      }
    }
  ],
  "relations": [
    {
      "subject_id": 0,
      "object_id": 1,
      "relation": "below",
      "explicit": true
    },
    {
      "subject_id": 0,
      "object_id": 2,
      "relation": "right_of",
      "explicit": false
    },
    {
      "subject_id": 1,
      "object_id": 2,
      "relation": "above",
      "explicit": true
    }
  ]
}