{
  "image_id": 831,
  "image_filename": "image_00831.png",
  "num_entities": 3,
  "entities": [
    {
      "id": 0,
      "shape": "rectangle",
      "size": "large",
      "color": "magenta",
      "center": [
        155,
        162
      ],
      "bbox": {
        "x_min": 135,
        "y_min": 132,
        "x_max": 175,
        "y_max": 192
      }
    },
    {
      "id": 1,
      "shape": "triangle",
      "size": "large",
      "color": "purple",
      "center": [
        74,
        122
      ],
      "bbox": {
        "x_min": 39,
        "y_min": 82,
        "x_max": 108,
        "y_max": 142
      }
    },
    {
      "id": 2,
      "shape": "triangle",
      "size": "large",
      "color": "purple",
      "center": [
        155,
        67
      ],
      "bbox": {
        "x_min": 120,
        "y_min": 27,
        "x_max": 189,
        "y_max": 87
      }
    }
  ],
  "relations": [
    {
      "subject_id": 0,
      "object_id": 1,
      "relation": "left_of",
      "explicit": true
    },
    {
      "subject_id": 0,
      "object_id": 2,
      "relation": "above",
      "explicit": false
    },
    {
      "subject_id": 1,
      "object_id": 2,
      "relation": "right_of",
      "explicit": true
    }
  ]
}