{
  "image_id": 408,
  "image_filename": "image_00408.png",
  "num_entities": 2,
  "entities": [
    {
      "id": 0,
      "shape": "circle",
      "size": "small",
      "color": "purple",
      "center": [
        51,
        50
      ],
      "bbox": {
        "x_min": 31,
        "y_min": 30,
        "x_max": 71,
        "y_max": 70
      }
    },
    {
      "id": 1,
      "shape": "triangle",
      "size": "large",
      "color": "green",
      "center": [
        162,
        135
      ],
      "bbox": {
        "x_min": 127,
        "y_min": 95,
        "x_max": 196,
        "y_max": 155
      }
    }
  ],
  "relations": [
    {
      "subject_id": 0,
      "object_id": 1,
      "relation": "right_of",
      "explicit": false
    }
  ]
}