{
  "image_id": 607,
  "image_filename": "image_00607.png",
  "num_entities": 3,
  "entities": [
    {
      "id": 0,
      "shape": "rectangle",
      "size": "medium",
      "color": "green",
      "center": [
        144,
        163
      ],
      "bbox": {
        "x_min": 129,
        "y_min": 141,
        "x_max": 159,
        "y_max": 185
      }
    },
    {
      "id": 1,
      "shape": "square",
      "size": "large",
      "color": "purple",
      "center": [
        156,
        53
      ],
      "bbox": {
        "x_min": 116,
        "y_min": 13,
        "x_max": 196,
        "y_max": 93
      }
    },
    {
      "id": 2,
      "shape": "square",
      "size": "medium",
      "color": "blue",
      "center": [
        51,
        155
      ],
      "bbox": {
        "x_min": 21,
        "y_min": 125,
        "x_max": 81,
        "y_max": 185
      }
    }
  ],
  "relations": [
    {
      "subject_id": 0,
      "object_id": 1,
      "relation": "above",
      "explicit": true
    },
    {
      "subject_id": 0,
      "object_id": 2,
      "relation": "left_of",
      "explicit": true
    },
    {
      "subject_id": 1,
      "object_id": 2,
      "relation": "left_of",
      "explicit": false
    }
  ]
}