{
  "image_id": 629,
  "image_filename": "image_00629.png",
  "num_entities": 3,
  "entities": [
    {
      "id": 0,
      "shape": "square",
      "size": "large",
      "color": "cyan",
      "center": [
        51,
        84
      ],
      "bbox": {
        "x_min": 11,
        "y_min": 44,
        "x_max": 91,
        "y_max": 124
      }
    },
    {
      "id": 1,
      "shape": "rectangle",
      "size": "medium",
      "color": "blue",
      "center": [
        112,
        155
      ],
      "bbox": {
        "x_min": 97,
        "y_min": 133,
        "x_max": 127,
        "y_max": 177
      }
    },
    {
      "id": 2,
      "shape": "triangle",
      "size": "medium",
      "color": "orange",
      "center": [
        133,
        63
      ],
      "bbox": {
        "x_min": 107,
        "y_min": 33,
        "x_max": 158,
        "y_max": 78
      }
    }
  ],
  "relations": [
    {
      "subject_id": 0,
      "object_id": 1,
      "relation": "below",
      "explicit": true
    },
    {
      "subject_id": 0,
      "object_id": 2,
      "relation": "right_of",
      "explicit": true
    },
    {
      "subject_id": 1,
      "object_id": 2,
      "relation": "above",
      "explicit": true
    }
  ]
}