{
  "image_id": 593,
  "image_filename": "image_00593.png",
  "num_entities": 5,
  "entities": [
    {
      "id": 0,
      "shape": "rectangle",
      "size": "large",
      "color": "purple",
      "center": [
        145,
        74
      ],
      "bbox": {
        "x_min": 125,
        "y_min": 44,
        "x_max": 165,
        "y_max": 104
      }
    },
    {
      "id": 1,
      "shape": "rectangle",
      "size": "small",
      "color": "yellow",
      "center": [
        110,
        136
      ],
      "bbox": {
        "x_min": 100,
        "y_min": 121,
        "x_max": 120,
        "y_max": 151
      }
    },
    {
      "id": 2,
      "shape": "rectangle",
      "size": "small",
      "color": "purple",
      "center": [
        72,
        54
      ],
      "bbox": {
        "x_min": 62,
        "y_min": 39,
        "x_max": 82,
        "y_max": 69
      }
    },
    {
      "id": 3,
      "shape": "rectangle",
      "size": "medium",
      "color": "yellow",
      "center": [
        167,
        160
      ],
      "bbox": {
        "x_min": 152,
        "y_min": 138,
        "x_max": 182,
        "y_max": 182
      }
    },
    {
      "id": 4,
      "shape": "triangle",
      "size": "medium",
      "color": "orange",
      "center": [
        50,
        161
      ],
      "bbox": {
        "x_min": 24,
        "y_min": 131,
        "x_max": 75,
        "y_max": 176
      }
    }
  ],
  "relations": [
    {
      "subject_id": 0,
      "object_id": 1,
      "relation": "below",
      "explicit": true
    },
    {
      "subject_id": 0,
      "object_id": 2,
      "relation": "left_of",
      "explicit": false
    },
    {
      "subject_id": 0,
      "object_id": 3,
      "relation": "below",
      "explicit": true
    },
    {
      "subject_id": 0,
      "object_id": 4,
      "relation": "left_of",
      "explicit": true
    },
    {
      "subject_id": 1,
      "object_id": 2,
      "relation": "above",
      "explicit": false
    },
    {
      "subject_id": 1,
      "object_id": 3,
      "relation": "right_of",
      "explicit": true
    },
    {
      "subject_id": 1,
      "object_id": 4,
      "relation": "left_of",
      "explicit": false
    },
    {
      "subject_id": 2,
      "object_id": 3,
      "relation": "below",
      "explicit": false
    },
    {
      "subject_id": 2,
      "object_id": 4,
      "relation": "below",
      "explicit": false
    },
    {
      "subject_id": 3,
      "object_id": 4,
      "relation": "left_of",
      "explicit": true
    }
  ]
}