{
  "image_id": 414,
  "image_filename": "image_00414.png",
  "num_entities": 3,
  "entities": [
    {
      "id": 0,
      "shape": "square",
      "size": "large",
      "color": "orange",
      "center": [
        76,
        118
      ],
      "bbox": {
        "x_min": 36,
        "y_min": 78,
        "x_max": 116,
        "y_max": 158
      }
    },
    {
      "id": 1,
      "shape": "rectangle",
      "size": "large",
      "color": "purple",
      "center": [
        160,
        158
      ],
      "bbox": {
        "x_min": 140,
        "y_min": 128,
        "x_max": 180,
        "y_max": 188
      }
    },
    {
      "id": 2,
      "shape": "square",
      "size": "small",
      "color": "green",
      "center": [
        126,
        62
      ],
      "bbox": {
        "x_min": 106,
        "y_min": 42,
        "x_max": 146,
        "y_max": 82
      }
    }
  ],
  "relations": [
    {
      "subject_id": 0,
      "object_id": 1,
      "relation": "right_of",
      "explicit": false
    },
    {
      "subject_id": 0,
      "object_id": 2,
      "relation": "above",
      "explicit": false
    },
    {
      "subject_id": 1,
      "object_id": 2,
      "relation": "above",
      "explicit": false
    }
  ]
}