{
  "image_id": 408,
  "image_filename": "image_00408.png",
  "num_entities": 2,
  "entities": [
    {
      "id": 0,
      "shape": "triangle",
      "size": "large",
      "color": "cyan",
      "center": [
        80,
        163
      ],
      "bbox": {
        "x_min": 45,
        "y_min": 123,
        "x_max": 114,
        "y_max": 183
      }
    },
    {
      "id": 1,
      "shape": "rectangle",
      "size": "large",
      "color": "yellow",
      "center": [
        66,
        56
      ],
      "bbox": {
        "x_min": 46,
        "y_min": 26,
        "x_max": 86,
        "y_max": 86
      }
    }
  ],
  "relations": [
    {
      "subject_id": 0,
      "object_id": 1,
      "relation": "above",
      "explicit": true
    }
  ]
}