{
  "image_id": 206,
  "image_filename": "image_00206.png",
  "num_entities": 3,
  "entities": [
    {
      "id": 0,
      "shape": "rectangle",
      "size": "large",
      "color": "green",
      "center": [
        115,
        109
      ],
      "bbox": {
        "x_min": 95,
        "y_min": 79,
        "x_max": 135,
        "y_max": 139
      }
    },
    {
      "id": 1,
      "shape": "circle",
      "size": "small",
      "color": "yellow",
      "center": [
        51,
        141
      ],
      "bbox": {
        "x_min": 31,
        "y_min": 121,
        "x_max": 71,
        "y_max": 161
      }
    },
    {
      "id": 2,
      "shape": "square",
      "size": "small",
      "color": "orange",
      "center": [
        65,
        55
      ],
      "bbox": {
        "x_min": 45,
        "y_min": 35,
        "x_max": 85,
        "y_max": 75
      }
    }
  ],
  "relations": [
    {
      "subject_id": 0,
      "object_id": 1,
      "relation": "left_of",
      "explicit": false
    },
    {
      "subject_id": 0,
      "object_id": 2,
      "relation": "above",
      "explicit": true
    },
    {
      "subject_id": 1,
      "object_id": 2,
      "relation": "above",
      "explicit": true
    }
  ]
}