{
  "image_id": 832,
  "image_filename": "image_00832.png",
  "num_entities": 4,
  "entities": [
    {
      "id": 0,
      "shape": "triangle",
      "size": "medium",
      "color": "purple",
      "center": [
        80,
        127
      ],
      "bbox": {
        "x_min": 54,
        "y_min": 97,
        "x_max": 105,
        "y_max": 142
      }
    },
    {
      "id": 1,
      "shape": "triangle",
      "size": "small",
      "color": "yellow",
      "center": [
        132,
        84
      ],
      "bbox": {
        "x_min": 114,
        "y_min": 64,
        "x_max": 149,
        "y_max": 94
      }
    },
    {
      "id": 2,
      "shape": "square",
      "size": "small",
      "color": "red",
      "center": [
        52,
        55
      ],
      "bbox": {
        "x_min": 32,
        "y_min": 35,
        "x_max": 72,
        "y_max": 75
      }
    },
    {
      "id": 3,
      "shape": "square",
      "size": "small",
      "color": "orange",
      "center": [
        147,
        137
      ],
      "bbox": {
        "x_min": 127,
        "y_min": 117,
        "x_max": 167,
        "y_max": 157
      }
    }
  ],
  "relations": [
    {
      "subject_id": 0,
      "object_id": 1,
      "relation": "right_of",
      "explicit": false
    },
    {
      "subject_id": 0,
      "object_id": 2,
      "relation": "above",
      "explicit": true
    },
    {
      "subject_id": 0,
      "object_id": 3,
      "relation": "right_of",
      "explicit": true
    },
    {
      "subject_id": 1,
      "object_id": 2,
      "relation": "left_of",
      "explicit": true
    },
    {
      "subject_id": 1,
      "object_id": 3,
      "relation": "below",
      "explicit": true
    },
    {
      "subject_id": 2,
      "object_id": 3,
      "relation": "right_of",
      "explicit": false
    }
  ]
}