{
  "image_id": 125,
  "image_filename": "image_00125.png",
  "num_entities": 2,
  "entities": [
    {
      "id": 0,
      "shape": "square",
      "size": "small",
      "color": "yellow",
      "center": [
        112,
        172
      ],
      "bbox": {
        "x_min": 92,
        "y_min": 152,
        "x_max": 132,
        "y_max": 192
      }
    },
    {
      "id": 1,
      "shape": "circle",
      "size": "small",
      "color": "yellow",
      "center": [
        59,
        101
      ],
      "bbox": {
        "x_min": 39,
        "y_min": 81,
        "x_max": 79,
        "y_max": 121
      }
    }
  ],
  "relations": [
    {
      "subject_id": 0,
      "object_id": 1,
      "relation": "above",
      "explicit": false
    }
  ]
}