{
  "image_id": 417,
  "image_filename": "image_00417.png",
  "num_entities": 2,
  "entities": [
    {
      "id": 0,
      "shape": "rectangle",
      "size": "medium",
      "color": "blue",
      "center": [
        97,
        85
      ],
      "bbox": {
        "x_min": 82,
        "y_min": 63,
        "x_max": 112,
        "y_max": 107
      }
    },
    {
      "id": 1,
      "shape": "circle",
      "size": "small",
      "color": "red",
      "center": [
        170,
        106
      ],
      "bbox": {
        "x_min": 150,
        "y_min": 86,
        "x_max": 190,
        "y_max": 126
      }
    }
  ],
  "relations": [
    {
      "subject_id": 0,
      "object_id": 1,
      "relation": "right_of",
      "explicit": false
    }
  ]
}