{
  "image_id": 70,
  "image_filename": "image_00070.png",
  "num_entities": 4,
  "entities": [
    {
      "id": 0,
      "shape": "circle",
      "size": "large",
      "color": "orange",
      "center": [
        80,
        70
      ],
      "bbox": {
        "x_min": 40,
        "y_min": 30,
        "x_max": 120,
        "y_max": 110
      }
    },
    {
      "id": 1,
      "shape": "rectangle",
      "size": "small",
      "color": "magenta",
      "center": [
        61,
        163
      ],
      "bbox": {
        "x_min": 51,
        "y_min": 148,
        "x_max": 71,
        "y_max": 178
      }
    },
    {
      "id": 2,
      "shape": "square",
      "size": "small",
      "color": "green",
      "center": [
        158,
        52
      ],
      "bbox": {
        "x_min": 138,
        "y_min": 32,
        "x_max": 178,
        "y_max": 72
      }
    },
    {
      "id": 3,
      "shape": "circle",
      "size": "large",
      "color": "magenta",
      "center": [
        162,
        158
      ],
      "bbox": {
        "x_min": 122,
        "y_min": 118,
        "x_max": 202,
        "y_max": 198
      }
    }
  ],
  "relations": [
    {
      "subject_id": 0,
      "object_id": 1,
      "relation": "below",
      "explicit": true
    },
    {
      "subject_id": 0,
      "object_id": 2,
      "relation": "right_of",
      "explicit": false
    },
    {
      "subject_id": 0,
      "object_id": 3,
      "relation": "below",
      "explicit": true
    },
    {
      "subject_id": 1,
      "object_id": 2,
      "relation": "above",
      "explicit": true
    },
    {
      "subject_id": 1,
      "object_id": 3,
      "relation": "right_of",
      "explicit": false
    },
    {
      "subject_id": 2,
      "object_id": 3,
      "relation": "below",
      "explicit": false
    }
  ]
}