{
  "image_id": 278,
  "image_filename": "image_00278.png",
  "num_entities": 3,
  "entities": [
    {
      "id": 0,
      "shape": "rectangle",
      "size": "large",
      "color": "magenta",
      "center": [
        153,
        76
      ],
      "bbox": {
        "x_min": 133,
        "y_min": 46,
        "x_max": 173,
        "y_max": 106
      }
    },
    {
      "id": 1,
      "shape": "triangle",
      "size": "small",
      "color": "red",
      "center": [
        74,
        136
      ],
      "bbox": {
        "x_min": 56,
        "y_min": 116,
        "x_max": 91,
        "y_max": 146
      }
    },
    {
      "id": 2,
      "shape": "circle",
      "size": "small",
      "color": "green",
      "center": [
        160,
        162
      ],
      "bbox": {
        "x_min": 140,
        "y_min": 142,
        "x_max": 180,
        "y_max": 182
      }
    }
  ],
  "relations": [
    {
      "subject_id": 0,
      "object_id": 1,
      "relation": "left_of",
      "explicit": true
    },
    {
      "subject_id": 0,
      "object_id": 2,
      "relation": "below",
      "explicit": false
    },
    {
      "subject_id": 1,
      "object_id": 2,
      "relation": "right_of",
      "explicit": false
    }
  ]
}