{
  "image_id": 604,
  "image_filename": "image_00604.png",
  "num_entities": 3,
  "entities": [
    {
      "id": 0,
      "shape": "rectangle",
      "size": "large",
      "color": "orange",
      "center": [
        121,
        64
      ],
      "bbox": {
        "x_min": 101,
        "y_min": 34,
        "x_max": 141,
        "y_max": 94
      }
    },
    {
      "id": 1,
      "shape": "circle",
      "size": "small",
      "color": "purple",
      "center": [
        118,
        143
      ],
      "bbox": {
        "x_min": 98,
        "y_min": 123,
        "x_max": 138,
        "y_max": 163
      }
    },
    {
      "id": 2,
      "shape": "circle",
      "size": "medium",
      "color": "blue",
      "center": [
        50,
        170
      ],
      "bbox": {
        "x_min": 20,
        "y_min": 140,
        "x_max": 80,
        "y_max": 200
      }
    }
  ],
  "relations": [
    {
      "subject_id": 0,
      "object_id": 1,
      "relation": "below",
      "explicit": true
    },
    {
      "subject_id": 0,
      "object_id": 2,
      "relation": "below",
      "explicit": true
    },
    {
      "subject_id": 1,
      "object_id": 2,
      "relation": "left_of",
      "explicit": true
    }
  ]
}