{
  "image_id": 661,
  "image_filename": "image_00661.png",
  "num_entities": 4,
  "entities": [
    {
      "id": 0,
      "shape": "triangle",
      "size": "medium",
      "color": "purple",
      "center": [
        63,
        168
      ],
      "bbox": {
        "x_min": 37,
        "y_min": 138,
        "x_max": 88,
        "y_max": 183
      }
    },
    {
      "id": 1,
      "shape": "square",
      "size": "medium",
      "color": "orange",
      "center": [
        149,
        96
      ],
      "bbox": {
        "x_min": 119,
        "y_min": 66,
        "x_max": 179,
        "y_max": 126
      }
    },
    {
      "id": 2,
      "shape": "circle",
      "size": "large",
      "color": "red",
      "center": [
        63,
        61
      ],
      "bbox": {
        "x_min": 23,
        "y_min": 21,
        "x_max": 103,
        "y_max": 101
      }
    },
    {
      "id": 3,
      "shape": "square",
      "size": "small",
      "color": "green",
      "center": [
        153,
        170
      ],
      "bbox": {
        "x_min": 133,
        "y_min": 150,
        "x_max": 173,
        "y_max": 190
      }
    }
  ],
  "relations": [
    {
      "subject_id": 0,
      "object_id": 1,
      "relation": "right_of",
      "explicit": true
    },
    {
      "subject_id": 0,
      "object_id": 2,
      "relation": "above",
      "explicit": true
    },
    {
      "subject_id": 0,
      "object_id": 3,
      "relation": "right_of",
      "explicit": false
    },
    {
      "subject_id": 1,
      "object_id": 2,
      "relation": "left_of",
      "explicit": false
    },
    {
      "subject_id": 1,
      "object_id": 3,
      "relation": "below",
      "explicit": true
    },
    {
      "subject_id": 2,
      "object_id": 3,
      "relation": "below",
      "explicit": true
    }
  ]
}