{
  "image_id": 415,
  "image_filename": "image_00415.png",
  "num_entities": 3,
  "entities": [
    {
      "id": 0,
      "shape": "circle",
      "size": "medium",
      "color": "yellow",
      "center": [
        66,
        53
      ],
      "bbox": {
        "x_min": 36,
        "y_min": 23,
        "x_max": 96,
        "y_max": 83
      }
    },
    {
      "id": 1,
      "shape": "circle",
      "size": "large",
      "color": "red",
      "center": [
        112,
        161
      ],
      "bbox": {
        "x_min": 72,
        "y_min": 121,
        "x_max": 152,
        "y_max": 201
      }
    },
    {
      "id": 2,
      "shape": "triangle",
      "size": "medium",
      "color": "cyan",
      "center": [
        149,
        51
      ],
      "bbox": {
        "x_min": 123,
        "y_min": 21,
        "x_max": 174,
        "y_max": 66
      }
    }
  ],
  "relations": [
    {
      "subject_id": 0,
      "object_id": 1,
      "relation": "below",
      "explicit": true
    },
    {
      "subject_id": 0,
      "object_id": 2,
      "relation": "right_of",
      "explicit": false
    },
    {
      "subject_id": 1,
      "object_id": 2,
      "relation": "above",
      "explicit": true
    }
  ]
}