{
  "image_id": 928,
  "image_filename": "image_00928.png",
  "num_entities": 4,
  "entities": [
    {
      "id": 0,
      "shape": "circle",
      "size": "small",
      "color": "purple",
      "center": [
        137,
        163
      ],
      "bbox": {
        "x_min": 117,
        "y_min": 143,
        "x_max": 157,
        "y_max": 183
      }
    },
    {
      "id": 1,
      "shape": "circle",
      "size": "small",
      "color": "magenta",
      "center": [
        85,
        77
      ],
      "bbox": {
        "x_min": 65,
        "y_min": 57,
        "x_max": 105,
        "y_max": 97
      }
    },
    {
      "id": 2,
      "shape": "triangle",
      "size": "small",
      "color": "cyan",
      "center": [
        69,
        168
      ],
      "bbox": {
        "x_min": 51,
        "y_min": 148,
        "x_max": 86,
        "y_max": 178
      }
    },
    {
      "id": 3,
      "shape": "rectangle",
      "size": "medium",
      "color": "yellow",
      "center": [
        150,
        76
      ],
      "bbox": {
        "x_min": 135,
        "y_min": 54,
        "x_max": 165,
        "y_max": 98
      }
    }
  ],
  "relations": [
    {
      "subject_id": 0,
      "object_id": 1,
      "relation": "above",
      "explicit": false
    },
    {
      "subject_id": 0,
      "object_id": 2,
      "relation": "left_of",
      "explicit": false
    },
    {
      "subject_id": 0,
      "object_id": 3,
      "relation": "above",
      "explicit": false
    },
    {
      "subject_id": 1,
      "object_id": 2,
      "relation": "below",
      "explicit": false
    },
    {
      "subject_id": 1,
      "object_id": 3,
      "relation": "right_of",
      "explicit": true
    },
    {
      "subject_id": 2,
      "object_id": 3,
      "relation": "above",
      "explicit": false
    }
  ]
}