{
  "image_id": 201,
  "image_filename": "image_00201.png",
  "num_entities": 3,
  "entities": [
    {
      "id": 0,
      "shape": "square",
      "size": "medium",
      "color": "yellow",
      "center": [
        81,
        90
      ],
      "bbox": {
        "x_min": 51,
        "y_min": 60,
        "x_max": 111,
        "y_max": 120
      }
    },
    {
      "id": 1,
      "shape": "triangle",
      "size": "small",
      "color": "magenta",
      "center": [
        150,
        56
      ],
      "bbox": {
        "x_min": 132,
        "y_min": 36,
        "x_max": 167,
        "y_max": 66
      }
    },
    {
      "id": 2,
      "shape": "triangle",
      "size": "large",
      "color": "orange",
      "center": [
        129,
        168
      ],
      "bbox": {
        "x_min": 94,
        "y_min": 128,
        "x_max": 163,
        "y_max": 188
      }
    }
  ],
  "relations": [
    {
      "subject_id": 0,
      "object_id": 1,
      "relation": "right_of",
      "explicit": false
    },
    {
      "subject_id": 0,
      "object_id": 2,
      "relation": "below",
      "explicit": false
    },
    {
      "subject_id": 1,
      "object_id": 2,
      "relation": "below",
      "explicit": true
    }
  ]
}