{
  "image_id": 236,
  "image_filename": "image_00236.png",
  "num_entities": 2,
  "entities": [
    {
      "id": 0,
      "shape": "triangle",
      "size": "small",
      "color": "yellow",
      "center": [
        147,
        61
      ],
      "bbox": {
        "x_min": 129,
        "y_min": 41,
        "x_max": 164,
        "y_max": 71
      }
    },
    {
      "id": 1,
      "shape": "square",
      "size": "medium",
      "color": "cyan",
      "center": [
        149,
        146
      ],
      "bbox": {
        "x_min": 119,
        "y_min": 116,
        "x_max": 179,
        "y_max": 176
      }
    }
  ],
  "relations": [
    {
      "subject_id": 0,
      "object_id": 1,
      "relation": "below",
      "explicit": true
    }
  ]
}