{
  "image_id": 494,
  "image_filename": "image_00494.png",
  "num_entities": 4,
  "entities": [
    {
      "id": 0,
      "shape": "rectangle",
      "size": "small",
      "color": "magenta",
      "center": [
        78,
        168
      ],
      "bbox": {
        "x_min": 68,
        "y_min": 153,
        "x_max": 88,
        "y_max": 183
      }
    },
    {
      "id": 1,
      "shape": "circle",
      "size": "medium",
      "color": "blue",
      "center": [
        167,
        122
      ],
      "bbox": {
        "x_min": 137,
        "y_min": 92,
        "x_max": 197,
        "y_max": 152
      }
    },
    {
      "id": 2,
      "shape": "triangle",
      "size": "small",
      "color": "green",
      "center": [
        94,
        98
      ],
      "bbox": {
        "x_min": 76,
        "y_min": 78,
        "x_max": 111,
        "y_max": 108
      }
    },
    {
      "id": 3,
      "shape": "circle",
      "size": "medium",
      "color": "magenta",
      "center": [
        157,
        50
      ],
      "bbox": {
        "x_min": 127,
        "y_min": 20,
        "x_max": 187,
        "y_max": 80
      }
    }
  ],
  "relations": [
    {
      "subject_id": 0,
      "object_id": 1,
      "relation": "right_of",
      "explicit": true
    },
    {
      "subject_id": 0,
      "object_id": 2,
      "relation": "above",
      "explicit": true
    },
    {
      "subject_id": 0,
      "object_id": 3,
      "relation": "above",
      "explicit": true
    },
    {
      "subject_id": 1,
      "object_id": 2,
      "relation": "left_of",
      "explicit": false
    },
    {
      "subject_id": 1,
      "object_id": 3,
      "relation": "above",
      "explicit": false
    },
    {
      "subject_id": 2,
      "object_id": 3,
      "relation": "right_of",
      "explicit": false
    }
  ]
}