{
  "image_id": 625,
  "image_filename": "image_00625.png",
  "num_entities": 2,
  "entities": [
    {
      "id": 0,
      "shape": "square",
      "size": "large",
      "color": "blue",
      "center": [
        101,
        146
      ],
      "bbox": {
        "x_min": 61,
        "y_min": 106,
        "x_max": 141,
        "y_max": 186
      }
    },
    {
      "id": 1,
      "shape": "square",
      "size": "medium",
      "color": "purple",
      "center": [
        103,
        53
      ],
      "bbox": {
        "x_min": 73,
        "y_min": 23,
        "x_max": 133,
        "y_max": 83
      }
    }
  ],
  "relations": [
    {
      "subject_id": 0,
      "object_id": 1,
      "relation": "above",
      "explicit": true
    }
  ]
}