{
  "image_id": 644,
  "image_filename": "image_00644.png",
  "num_entities": 3,
  "entities": [
    {
      "id": 0,
      "shape": "triangle",
      "size": "large",
      "color": "green",
      "center": [
        97,
        111
      ],
      "bbox": {
        "x_min": 62,
        "y_min": 71,
        "x_max": 131,
        "y_max": 131
      }
    },
    {
      "id": 1,
      "shape": "square",
      "size": "small",
      "color": "green",
      "center": [
        166,
        146
      ],
      "bbox": {
        "x_min": 146,
        "y_min": 126,
        "x_max": 186,
        "y_max": 166
      }
    },
    {
      "id": 2,
      "shape": "circle",
      "size": "medium",
      "color": "cyan",
      "center": [
        159,
        60
      ],
      "bbox": {
        "x_min": 129,
        "y_min": 30,
        "x_max": 189,
        "y_max": 90
      }
    }
  ],
  "relations": [
    {
      "subject_id": 0,
      "object_id": 1,
      "relation": "right_of",
      "explicit": false
    },
    {
      "subject_id": 0,
      "object_id": 2,
      "relation": "right_of",
      "explicit": false
    },
    {
      "subject_id": 1,
      "object_id": 2,
      "relation": "above",
      "explicit": false
    }
  ]
}