{
  "image_id": 279,
  "image_filename": "image_00279.png",
  "num_entities": 2,
  "entities": [
    {
      "id": 0,
      "shape": "circle",
      "size": "large",
      "color": "yellow",
      "center": [
        126,
        145
      ],
      "bbox": {
        "x_min": 86,
        "y_min": 105,
        "x_max": 166,
        "y_max": 185
      }
    },
    {
      "id": 1,
      "shape": "triangle",
      "size": "small",
      "color": "blue",
      "center": [
        82,
        68
      ],
      "bbox": {
        "x_min": 64,
        "y_min": 48,
        "x_max": 99,
        "y_max": 78
      }
    }
  ],
  "relations": [
    {
      "subject_id": 0,
      "object_id": 1,
      "relation": "above",
      "explicit": false
    }
  ]
}