{
  "image_id": 217,
  "image_filename": "image_00217.png",
  "num_entities": 2,
  "entities": [
    {
      "id": 0,
      "shape": "triangle",
      "size": "medium",
      "color": "green",
      "center": [
        137,
        154
      ],
      "bbox": {
        "x_min": 111,
        "y_min": 124,
        "x_max": 162,
        "y_max": 169
      }
    },
    {
      "id": 1,
      "shape": "rectangle",
      "size": "large",
      "color": "blue",
      "center": [
        62,
        106
      ],
      "bbox": {
        "x_min": 42,
        "y_min": 76,
        "x_max": 82,
        "y_max": 136
      }
    }
  ],
  "relations": [
    {
      "subject_id": 0,
      "object_id": 1,
      "relation": "left_of",
      "explicit": false
    }
  ]
}