{
  "image_id": 46,
  "image_filename": "image_00046.png",
  "num_entities": 4,
  "entities": [
    {
      "id": 0,
      "shape": "triangle",
      "size": "medium",
      "color": "cyan",
      "center": [
        101,
        107
      ],
      "bbox": {
        "x_min": 75,
        "y_min": 77,
        "x_max": 126,
        "y_max": 122
      }
    },
    {
      "id": 1,
      "shape": "triangle",
      "size": "small",
      "color": "blue",
      "center": [
        169,
        159
      ],
      "bbox": {
        "x_min": 151,
        "y_min": 139,
        "x_max": 186,
        "y_max": 169
      }
    },
    {
      "id": 2,
      "shape": "circle",
      "size": "small",
      "color": "cyan",
      "center": [
        153,
        55
      ],
      "bbox": {
        "x_min": 133,
        "y_min": 35,
        "x_max": 173,
        "y_max": 75
      }
    },
    {
      "id": 3,
      "shape": "circle",
      "size": "large",
      "color": "cyan",
      "center": [
        57,
        174
      ],
      "bbox": {
        "x_min": 17,
        "y_min": 134,
        "x_max": 97,
        "y_max": 214
      }
    }
  ],
  "relations": [
    {
      "subject_id": 0,
      "object_id": 1,
      "relation": "right_of",
      "explicit": true
    },
    {
      "subject_id": 0,
      "object_id": 2,
      "relation": "above",
      "explicit": false
    },
    {
      "subject_id": 0,
      "object_id": 3,
      "relation": "below",
      "explicit": false
    },
    {
      "subject_id": 1,
      "object_id": 2,
      "relation": "above",
      "explicit": true
    },
    {
      "subject_id": 1,
      "object_id": 3,
      "relation": "left_of",
      "explicit": false
    },
    {
      "subject_id": 2,
      "object_id": 3,
      "relation": "below",
      "explicit": false
    }
  ]
}