{
  "image_id": 632,
  "image_filename": "image_00632.png",
  "num_entities": 3,
  "entities": [
    {
      "id": 0,
      "shape": "triangle",
      "size": "medium",
      "color": "purple",
      "center": [
        141,
        161
      ],
      "bbox": {
        "x_min": 115,
        "y_min": 131,
        "x_max": 166,
        "y_max": 176
      }
    },
    {
      "id": 1,
      "shape": "circle",
      "size": "large",
      "color": "cyan",
      "center": [
        53,
        79
      ],
      "bbox": {
        "x_min": 13,
        "y_min": 39,
        "x_max": 93,
        "y_max": 119
      }
    },
    {
      "id": 2,
      "shape": "square",
      "size": "small",
      "color": "purple",
      "center": [
        159,
        99
      ],
      "bbox": {
        "x_min": 139,
        "y_min": 79,
        "x_max": 179,
        "y_max": 119
      }
    }
  ],
  "relations": [
    {
      "subject_id": 0,
      "object_id": 1,
      "relation": "left_of",
      "explicit": true
    },
    {
      "subject_id": 0,
      "object_id": 2,
      "relation": "above",
      "explicit": true
    },
    {
      "subject_id": 1,
      "object_id": 2,
      "relation": "right_of",
      "explicit": true
    }
  ]
}