{
  "image_id": 783,
  "image_filename": "image_00783.png",
  "num_entities": 3,
  "entities": [
    {
      "id": 0,
      "shape": "triangle",
      "size": "large",
      "color": "purple",
      "center": [
        169,
        93
      ],
      "bbox": {
        "x_min": 134,
        "y_min": 53,
        "x_max": 203,
        "y_max": 113
      }
    },
    {
      "id": 1,
      "shape": "circle",
      "size": "medium",
      "color": "blue",
      "center": [
        89,
        95
      ],
      "bbox": {
        "x_min": 59,
        "y_min": 65,
        "x_max": 119,
        "y_max": 125
      }
    },
    {
      "id": 2,
      "shape": "triangle",
      "size": "medium",
      "color": "yellow",
      "center": [
        101,
        164
      ],
      "bbox": {
        "x_min": 75,
        "y_min": 134,
        "x_max": 126,
        "y_max": 179
      }
    }
  ],
  "relations": [
    {
      "subject_id": 0,
      "object_id": 1,
      "relation": "left_of",
      "explicit": false
    },
    {
      "subject_id": 0,
      "object_id": 2,
      "relation": "below",
      "explicit": false
    },
    {
      "subject_id": 1,
      "object_id": 2,
      "relation": "below",
      "explicit": true
    }
  ]
}