{
  "image_id": 560,
  "image_filename": "image_00560.png",
  "num_entities": 2,
  "entities": [
    {
      "id": 0,
      "shape": "square",
      "size": "medium",
      "color": "orange",
      "center": [
        154,
        173
      ],
      "bbox": {
        "x_min": 124,
        "y_min": 143,
        "x_max": 184,
        "y_max": 203
      }
    },
    {
      "id": 1,
      "shape": "rectangle",
      "size": "medium",
      "color": "blue",
      "center": [
        53,
        107
      ],
      "bbox": {
        "x_min": 38,
        "y_min": 85,
        "x_max": 68,
        "y_max": 129
      }
    }
  ],
  "relations": [
    {
      "subject_id": 0,
      "object_id": 1,
      "relation": "left_of",
      "explicit": false
    }
  ]
}