{
  "image_id": 892,
  "image_filename": "image_00892.png",
  "num_entities": 4,
  "entities": [
    {
      "id": 0,
      "shape": "square",
      "size": "small",
      "color": "magenta",
      "center": [
        66,
        118
      ],
      "bbox": {
        "x_min": 46,
        "y_min": 98,
        "x_max": 86,
        "y_max": 138
      }
    },
    {
      "id": 1,
      "shape": "circle",
      "size": "small",
      "color": "purple",
      "center": [
        173,
        68
      ],
      "bbox": {
        "x_min": 153,
        "y_min": 48,
        "x_max": 193,
        "y_max": 88
      }
    },
    {
      "id": 2,
      "shape": "circle",
      "size": "small",
      "color": "magenta",
      "center": [
        148,
        145
      ],
      "bbox": {
        "x_min": 128,
        "y_min": 125,
        "x_max": 168,
        "y_max": 165
      }
    },
    {
      "id": 3,
      "shape": "square",
      "size": "small",
      "color": "orange",
      "center": [
        102,
        75
      ],
      "bbox": {
        "x_min": 82,
        "y_min": 55,
        "x_max": 122,
        "y_max": 95
      }
    }
  ],
  "relations": [
    {
      "subject_id": 0,
      "object_id": 1,
      "relation": "right_of",
      "explicit": true
    },
    {
      "subject_id": 0,
      "object_id": 2,
      "relation": "right_of",
      "explicit": true
    },
    {
      "subject_id": 0,
      "object_id": 3,
      "relation": "above",
      "explicit": true
    },
    {
      "subject_id": 1,
      "object_id": 2,
      "relation": "below",
      "explicit": true
    },
    {
      "subject_id": 1,
      "object_id": 3,
      "relation": "left_of",
      "explicit": true
    },
    {
      "subject_id": 2,
      "object_id": 3,
      "relation": "above",
      "explicit": false
    }
  ]
}