{
  "image_id": 334,
  "image_filename": "image_00334.png",
  "num_entities": 4,
  "entities": [
    {
      "id": 0,
      "shape": "square",
      "size": "large",
      "color": "orange",
      "center": [
        118,
        101
      ],
      "bbox": {
        "x_min": 78,
        "y_min": 61,
        "x_max": 158,
        "y_max": 141
      }
    },
    {
      "id": 1,
      "shape": "rectangle",
      "size": "medium",
      "color": "magenta",
      "center": [
        63,
        167
      ],
      "bbox": {
        "x_min": 48,
        "y_min": 145,
        "x_max": 78,
        "y_max": 189
      }
    },
    {
      "id": 2,
      "shape": "rectangle",
      "size": "medium",
      "color": "magenta",
      "center": [
        53,
        54
      ],
      "bbox": {
        "x_min": 38,
        "y_min": 32,
        "x_max": 68,
        "y_max": 76
      }
    },
    {
      "id": 3,
      "shape": "rectangle",
      "size": "medium",
      "color": "orange",
      "center": [
        170,
        166
      ],
      "bbox": {
        "x_min": 155,
        "y_min": 144,
        "x_max": 185,
        "y_max": 188
      }
    }
  ],
  "relations": [
    {
      "subject_id": 0,
      "object_id": 1,
      "relation": "below",
      "explicit": true
    },
    {
      "subject_id": 0,
      "object_id": 2,
      "relation": "left_of",
      "explicit": false
    },
    {
      "subject_id": 0,
      "object_id": 3,
      "relation": "below",
      "explicit": false
    },
    {
      "subject_id": 1,
      "object_id": 2,
      "relation": "above",
      "explicit": false
    },
    {
      "subject_id": 1,
      "object_id": 3,
      "relation": "right_of",
      "explicit": false
    },
    {
      "subject_id": 2,
      "object_id": 3,
      "relation": "right_of",
      "explicit": true
    }
  ]
}