{
  "image_id": 580,
  "image_filename": "image_00580.png",
  "num_entities": 4,
  "entities": [
    {
      "id": 0,
      "shape": "circle",
      "size": "medium",
      "color": "yellow",
      "center": [
        72,
        80
      ],
      "bbox": {
        "x_min": 42,
        "y_min": 50,
        "x_max": 102,
        "y_max": 110
      }
    },
    {
      "id": 1,
      "shape": "rectangle",
      "size": "small",
      "color": "orange",
      "center": [
        97,
        147
      ],
      "bbox": {
        "x_min": 87,
        "y_min": 132,
        "x_max": 107,
        "y_max": 162
      }
    },
    {
      "id": 2,
      "shape": "square",
      "size": "medium",
      "color": "red",
      "center": [
        169,
        144
      ],
      "bbox": {
        "x_min": 139,
        "y_min": 114,
        "x_max": 199,
        "y_max": 174
      }
    },
    {
      "id": 3,
      "shape": "circle",
      "size": "large",
      "color": "blue",
      "center": [
        170,
        62
      ],
      "bbox": {
        "x_min": 130,
        "y_min": 22,
        "x_max": 210,
        "y_max": 102
      }
    }
  ],
  "relations": [
    {
      "subject_id": 0,
      "object_id": 1,
      "relation": "below",
      "explicit": true
    },
    {
      "subject_id": 0,
      "object_id": 2,
      "relation": "right_of",
      "explicit": false
    },
    {
      "subject_id": 0,
      "object_id": 3,
      "relation": "right_of",
      "explicit": true
    },
    {
      "subject_id": 1,
      "object_id": 2,
      "relation": "right_of",
      "explicit": false
    },
    {
      "subject_id": 1,
      "object_id": 3,
      "relation": "above",
      "explicit": true
    },
    {
      "subject_id": 2,
      "object_id": 3,
      "relation": "above",
      "explicit": true
    }
  ]
}