{
  "image_id": 294,
  "image_filename": "image_00294.png",
  "num_entities": 3,
  "entities": [
    {
      "id": 0,
      "shape": "square",
      "size": "large",
      "color": "green",
      "center": [
        88,
        74
      ],
      "bbox": {
        "x_min": 48,
        "y_min": 34,
        "x_max": 128,
        "y_max": 114
      }
    },
    {
      "id": 1,
      "shape": "square",
      "size": "small",
      "color": "red",
      "center": [
        64,
        172
      ],
      "bbox": {
        "x_min": 44,
        "y_min": 152,
        "x_max": 84,
        "y_max": 192
      }
    },
    {
      "id": 2,
      "shape": "triangle",
      "size": "large",
      "color": "purple",
      "center": [
        142,
        153
      ],
      "bbox": {
        "x_min": 107,
        "y_min": 113,
        "x_max": 176,
        "y_max": 173
      }
    }
  ],
  "relations": [
    {
      "subject_id": 0,
      "object_id": 1,
      "relation": "below",
      "explicit": false
    },
    {
      "subject_id": 0,
      "object_id": 2,
      "relation": "below",
      "explicit": true
    },
    {
      "subject_id": 1,
      "object_id": 2,
      "relation": "right_of",
      "explicit": true
    }
  ]
}