{
  "image_id": 873,
  "image_filename": "image_00873.png",
  "num_entities": 2,
  "entities": [
    {
      "id": 0,
      "shape": "triangle",
      "size": "large",
      "color": "yellow",
      "center": [
        109,
        123
      ],
      "bbox": {
        "x_min": 74,
        "y_min": 83,
        "x_max": 143,
        "y_max": 143
      }
    },
    {
      "id": 1,
      "shape": "circle",
      "size": "small",
      "color": "blue",
      "center": [
        70,
        50
      ],
      "bbox": {
        "x_min": 50,
        "y_min": 30,
        "x_max": 90,
        "y_max": 70
      }
    }
  ],
  "relations": [
    {
      "subject_id": 0,
      "object_id": 1,
      "relation": "above",
      "explicit": true
    }
  ]
}