{
  "image_id": 316,
  "image_filename": "image_00316.png",
  "num_entities": 4,
  "entities": [
    {
      "id": 0,
      "shape": "rectangle",
      "size": "large",
      "color": "green",
      "center": [
        62,
        80
      ],
      "bbox": {
        "x_min": 42,
        "y_min": 50,
        "x_max": 82,
        "y_max": 110
      }
    },
    {
      "id": 1,
      "shape": "circle",
      "size": "small",
      "color": "purple",
      "center": [
        151,
        126
      ],
      "bbox": {
        "x_min": 131,
        "y_min": 106,
        "x_max": 171,
        "y_max": 146
      }
    },
    {
      "id": 2,
      "shape": "rectangle",
      "size": "medium",
      "color": "red",
      "center": [
        71,
        160
      ],
      "bbox": {
        "x_min": 56,
        "y_min": 138,
        "x_max": 86,
        "y_max": 182
      }
    },
    {
      "id": 3,
      "shape": "circle",
      "size": "medium",
      "color": "cyan",
      "center": [
        156,
        53
      ],
      "bbox": {
        "x_min": 126,
        "y_min": 23,
        "x_max": 186,
        "y_max": 83
      }
    }
  ],
  "relations": [
    {
      "subject_id": 0,
      "object_id": 1,
      "relation": "right_of",
      "explicit": false
    },
    {
      "subject_id": 0,
      "object_id": 2,
      "relation": "below",
      "explicit": false
    },
    {
      "subject_id": 0,
      "object_id": 3,
      "relation": "right_of",
      "explicit": true
    },
    {
      "subject_id": 1,
      "object_id": 2,
      "relation": "left_of",
      "explicit": true
    },
    {
      "subject_id": 1,
      "object_id": 3,
      "relation": "above",
      "explicit": true
    },
    {
      "subject_id": 2,
      "object_id": 3,
      "relation": "above",
      "explicit": false
    }
  ]
}