{
  "image_id": 711,
  "image_filename": "image_00711.png",
  "num_entities": 4,
  "entities": [
    {
      "id": 0,
      "shape": "circle",
      "size": "large",
      "color": "cyan",
      "center": [
        53,
        102
      ],
      "bbox": {
        "x_min": 13,
        "y_min": 62,
        "x_max": 93,
        "y_max": 142
      }
    },
    {
      "id": 1,
      "shape": "square",
      "size": "large",
      "color": "red",
      "center": [
        147,
        53
      ],
      "bbox": {
        "x_min": 107,
        "y_min": 13,
        "x_max": 187,
        "y_max": 93
      }
    },
    {
      "id": 2,
      "shape": "circle",
      "size": "medium",
      "color": "green",
      "center": [
        174,
        162
      ],
      "bbox": {
        "x_min": 144,
        "y_min": 132,
        "x_max": 204,
        "y_max": 192
      }
    },
    {
      "id": 3,
      "shape": "circle",
      "size": "small",
      "color": "magenta",
      "center": [
        108,
        172
      ],
      "bbox": {
        "x_min": 88,
        "y_min": 152,
        "x_max": 128,
        "y_max": 192
      }
    }
  ],
  "relations": [
    {
      "subject_id": 0,
      "object_id": 1,
      "relation": "right_of",
      "explicit": false
    },
    {
      "subject_id": 0,
      "object_id": 2,
      "relation": "right_of",
      "explicit": false
    },
    {
      "subject_id": 0,
      "object_id": 3,
      "relation": "below",
      "explicit": true
    },
    {
      "subject_id": 1,
      "object_id": 2,
      "relation": "below",
      "explicit": true
    },
    {
      "subject_id": 1,
      "object_id": 3,
      "relation": "below",
      "explicit": false
    },
    {
      "subject_id": 2,
      "object_id": 3,
      "relation": "left_of",
      "explicit": true
    }
  ]
}