{
  "image_id": 43,
  "image_filename": "image_00043.png",
  "num_entities": 3,
  "entities": [
    {
      "id": 0,
      "shape": "square",
      "size": "medium",
      "color": "green",
      "center": [
        51,
        137
      ],
      "bbox": {
        "x_min": 21,
        "y_min": 107,
        "x_max": 81,
        "y_max": 167
      }
    },
    {
      "id": 1,
      "shape": "square",
      "size": "large",
      "color": "green",
      "center": [
        73,
        57
      ],
      "bbox": {
        "x_min": 33,
        "y_min": 17,
        "x_max": 113,
        "y_max": 97
      }
    },
    {
      "id": 2,
      "shape": "triangle",
      "size": "medium",
      "color": "green",
      "center": [
        154,
        124
      ],
      "bbox": {
        "x_min": 128,
        "y_min": 94,
        "x_max": 179,
        "y_max": 139
      }
    }
  ],
  "relations": [
    {
      "subject_id": 0,
      "object_id": 1,
      "relation": "above",
      "explicit": true
    },
    {
      "subject_id": 0,
      "object_id": 2,
      "relation": "right_of",
      "explicit": true
    },
    {
      "subject_id": 1,
      "object_id": 2,
      "relation": "right_of",
      "explicit": false
    }
  ]
}