{
  "image_id": 190,
  "image_filename": "image_00190.png",
  "num_entities": 3,
  "entities": [
    {
      "id": 0,
      "shape": "rectangle",
      "size": "medium",
      "color": "purple",
      "center": [
        142,
        174
      ],
      "bbox": {
        "x_min": 127,
        "y_min": 152,
        "x_max": 157,
        "y_max": 196
      }
    },
    {
      "id": 1,
      "shape": "circle",
      "size": "small",
      "color": "magenta",
      "center": [
        130,
        59
      ],
      "bbox": {
        "x_min": 110,
        "y_min": 39,
        "x_max": 150,
        "y_max": 79
      }
    },
    {
      "id": 2,
      "shape": "circle",
      "size": "medium",
      "color": "yellow",
      "center": [
        65,
        147
      ],
      "bbox": {
        "x_min": 35,
        "y_min": 117,
        "x_max": 95,
        "y_max": 177
      }
    }
  ],
  "relations": [
    {
      "subject_id": 0,
      "object_id": 1,
      "relation": "above",
      "explicit": false
    },
    {
      "subject_id": 0,
      "object_id": 2,
      "relation": "left_of",
      "explicit": true
    },
    {
      "subject_id": 1,
      "object_id": 2,
      "relation": "below",
      "explicit": false
    }
  ]
}