{
  "image_id": 44,
  "image_filename": "image_00044.png",
  "num_entities": 2,
  "entities": [
    {
      "id": 0,
      "shape": "rectangle",
      "size": "large",
      "color": "orange",
      "center": [
        119,
        89
      ],
      "bbox": {
        "x_min": 99,
        "y_min": 59,
        "x_max": 139,
        "y_max": 119
      }
    },
    {
      "id": 1,
      "shape": "circle",
      "size": "small",
      "color": "magenta",
      "center": [
        50,
        131
      ],
      "bbox": {
        "x_min": 30,
        "y_min": 111,
        "x_max": 70,
        "y_max": 151
      }
    }
  ],
  "relations": [
    {
      "subject_id": 0,
      "object_id": 1,
      "relation": "left_of",
      "explicit": true
    }
  ]
}