{
  "image_id": 493,
  "image_filename": "image_00493.png",
  "num_entities": 4,
  "entities": [
    {
      "id": 0,
      "shape": "rectangle",
      "size": "medium",
      "color": "orange",
      "center": [
        83,
        80
      ],
      "bbox": {
        "x_min": 68,
        "y_min": 58,
        "x_max": 98,
        "y_max": 102
      }
    },
    {
      "id": 1,
      "shape": "square",
      "size": "small",
      "color": "cyan",
      "center": [
        70,
        173
      ],
      "bbox": {
        "x_min": 50,
        "y_min": 153,
        "x_max": 90,
        "y_max": 193
      }
    },
    {
      "id": 2,
      "shape": "square",
      "size": "large",
      "color": "orange",
      "center": [
        174,
        54
      ],
      "bbox": {
        "x_min": 134,
        "y_min": 14,
        "x_max": 214,
        "y_max": 94
      }
    },
    {
      "id": 3,
      "shape": "rectangle",
      "size": "large",
      "color": "purple",
      "center": [
        164,
        170
      ],
      "bbox": {
        "x_min": 144,
        "y_min": 140,
        "x_max": 184,
        "y_max": 200
      }
    }
  ],
  "relations": [
    {
      "subject_id": 0,
      "object_id": 1,
      "relation": "below",
      "explicit": true
    },
    {
      "subject_id": 0,
      "object_id": 2,
      "relation": "right_of",
      "explicit": true
    },
    {
      "subject_id": 0,
      "object_id": 3,
      "relation": "below",
      "explicit": false
    },
    {
      "subject_id": 1,
      "object_id": 2,
      "relation": "above",
      "explicit": false
    },
    {
      "subject_id": 1,
      "object_id": 3,
      "relation": "right_of",
      "explicit": true
    },
    {
      "subject_id": 2,
      "object_id": 3,
      "relation": "below",
      "explicit": false
    }
  ]
}