{
  "image_id": 751,
  "image_filename": "image_00751.png",
  "num_entities": 2,
  "entities": [
    {
      "id": 0,
      "shape": "circle",
      "size": "small",
      "color": "yellow",
      "center": [
        165,
        105
      ],
      "bbox": {
        "x_min": 145,
        "y_min": 85,
        "x_max": 185,
        "y_max": 125
      }
    },
    {
      "id": 1,
      "shape": "rectangle",
      "size": "large",
      "color": "green",
      "center": [
        83,
        133
      ],
      "bbox": {
        "x_min": 63,
        "y_min": 103,
        "x_max": 103,
        "y_max": 163
      }
    }
  ],
  "relations": [
    {
      "subject_id": 0,
      "object_id": 1,
      "relation": "left_of",
      "explicit": true
    }
  ]
}