{
  "image_id": 761,
  "image_filename": "image_00761.png",
  "num_entities": 3,
  "entities": [
    {
      "id": 0,
      "shape": "triangle",
      "size": "medium",
      "color": "magenta",
      "center": [
        134,
        117
      ],
      "bbox": {
        "x_min": 108,
        "y_min": 87,
        "x_max": 159,
        "y_max": 132
      }
    },
    {
      "id": 1,
      "shape": "circle",
      "size": "small",
      "color": "magenta",
      "center": [
        90,
        61
      ],
      "bbox": {
        "x_min": 70,
        "y_min": 41,
        "x_max": 110,
        "y_max": 81
      }
    },
    {
      "id": 2,
      "shape": "rectangle",
      "size": "medium",
      "color": "red",
      "center": [
        56,
        167
      ],
      "bbox": {
        "x_min": 41,
        "y_min": 145,
        "x_max": 71,
        "y_max": 189
      }
    }
  ],
  "relations": [
    {
      "subject_id": 0,
      "object_id": 1,
      "relation": "above",
      "explicit": false
    },
    {
      "subject_id": 0,
      "object_id": 2,
      "relation": "left_of",
      "explicit": false
    },
    {
      "subject_id": 1,
      "object_id": 2,
      "relation": "below",
      "explicit": true
    }
  ]
}