{
  "image_id": 689,
  "image_filename": "image_00689.png",
  "num_entities": 2,
  "entities": [
    {
      "id": 0,
      "shape": "triangle",
      "size": "small",
      "color": "magenta",
      "center": [
        105,
        60
      ],
      "bbox": {
        "x_min": 87,
        "y_min": 40,
        "x_max": 122,
        "y_max": 70
      }
    },
    {
      "id": 1,
      "shape": "square",
      "size": "small",
      "color": "green",
      "center": [
        120,
        108
      ],
      "bbox": {
        "x_min": 100,
        "y_min": 88,
        "x_max": 140,
        "y_max": 128
      }
    }
  ],
  "relations": [
    {
      "subject_id": 0,
      "object_id": 1,
      "relation": "below",
      "explicit": false
    }
  ]
}