{
  "image_id": 314,
  "image_filename": "image_00314.png",
  "num_entities": 2,
  "entities": [
    {
      "id": 0,
      "shape": "circle",
      "size": "medium",
      "color": "yellow",
      "center": [
        159,
        132
      ],
      "bbox": {
        "x_min": 129,
        "y_min": 102,
        "x_max": 189,
        "y_max": 162
      }
    },
    {
      "id": 1,
      "shape": "square",
      "size": "large",
      "color": "blue",
      "center": [
        80,
        89
      ],
      "bbox": {
        "x_min": 40,
        "y_min": 49,
        "x_max": 120,
        "y_max": 129
      }
    }
  ],
  "relations": [
    {
      "subject_id": 0,
      "object_id": 1,
      "relation": "left_of",
      "explicit": true
    }
  ]
}