{
  "image_id": 15,
  "image_filename": "image_00015.png",
  "num_entities": 3,
  "entities": [
    {
      "id": 0,
      "shape": "circle",
      "size": "large",
      "color": "orange",
      "center": [
        146,
        58
      ],
      "bbox": {
        "x_min": 106,
        "y_min": 18,
        "x_max": 186,
        "y_max": 98
      }
    },
    {
      "id": 1,
      "shape": "circle",
      "size": "medium",
      "color": "blue",
      "center": [
        116,
        168
      ],
      "bbox": {
        "x_min": 86,
        "y_min": 138,
        "x_max": 146,
        "y_max": 198
      }
    },
    {
      "id": 2,
      "shape": "square",
      "size": "small",
      "color": "cyan",
      "center": [
        56,
        52
      ],
      "bbox": {
        "x_min": 36,
        "y_min": 32,
        "x_max": 76,
        "y_max": 72
      }
    }
  ],
  "relations": [
    {
      "subject_id": 0,
      "object_id": 1,
      "relation": "below",
      "explicit": false
    },
    {
      "subject_id": 0,
      "object_id": 2,
      "relation": "left_of",
      "explicit": true
    },
    {
      "subject_id": 1,
      "object_id": 2,
      "relation": "above",
      "explicit": true
    }
  ]
}