{
  "image_id": 590,
  "image_filename": "image_00590.png",
  "num_entities": 2,
  "entities": [
    {
      "id": 0,
      "shape": "triangle",
      "size": "large",
      "color": "purple",
      "center": [
        126,
        134
      ],
      "bbox": {
        "x_min": 91,
        "y_min": 94,
        "x_max": 160,
        "y_max": 154
      }
    },
    {
      "id": 1,
      "shape": "circle",
      "size": "large",
      "color": "orange",
      "center": [
        70,
        60
      ],
      "bbox": {
        "x_min": 30,
        "y_min": 20,
        "x_max": 110,
        "y_max": 100
      }
    }
  ],
  "relations": [
    {
      "subject_id": 0,
      "object_id": 1,
      "relation": "above",
      "explicit": false
    }
  ]
}