{
  "image_id": 489,
  "image_filename": "image_00489.png",
  "num_entities": 2,
  "entities": [
    {
      "id": 0,
      "shape": "circle",
      "size": "medium",
      "color": "red",
      "center": [
        163,
        110
      ],
      "bbox": {
        "x_min": 133,
        "y_min": 80,
        "x_max": 193,
        "y_max": 140
      }
    },
    {
      "id": 1,
      "shape": "square",
      "size": "medium",
      "color": "cyan",
      "center": [
        98,
        57
      ],
      "bbox": {
        "x_min": 68,
        "y_min": 27,
        "x_max": 128,
        "y_max": 87
      }
    }
  ],
  "relations": [
    {
      "subject_id": 0,
      "object_id": 1,
      "relation": "left_of",
      "explicit": false
    }
  ]
}