{
  "image_id": 712,
  "image_filename": "image_00712.png",
  "num_entities": 4,
  "entities": [
    {
      "id": 0,
      "shape": "rectangle",
      "size": "medium",
      "color": "blue",
      "center": [
        164,
        116
      ],
      "bbox": {
        "x_min": 149,
        "y_min": 94,
        "x_max": 179,
        "y_max": 138
      }
    },
    {
      "id": 1,
      "shape": "square",
      "size": "medium",
      "color": "cyan",
      "center": [
        61,
        121
      ],
      "bbox": {
        "x_min": 31,
        "y_min": 91,
        "x_max": 91,
        "y_max": 151
      }
    },
    {
      "id": 2,
      "shape": "triangle",
      "size": "medium",
      "color": "blue",
      "center": [
        51,
        51
      ],
      "bbox": {
        "x_min": 25,
        "y_min": 21,
        "x_max": 76,
        "y_max": 66
      }
    },
    {
      "id": 3,
      "shape": "triangle",
      "size": "medium",
      "color": "yellow",
      "center": [
        119,
        172
      ],
      "bbox": {
        "x_min": 93,
        "y_min": 142,
        "x_max": 144,
        "y_max": 187
      }
    }
  ],
  "relations": [
    {
      "subject_id": 0,
      "object_id": 1,
      "relation": "left_of",
      "explicit": true
    },
    {
      "subject_id": 0,
      "object_id": 2,
      "relation": "left_of",
      "explicit": true
    },
    {
      "subject_id": 0,
      "object_id": 3,
      "relation": "below",
      "explicit": false
    },
    {
      "subject_id": 1,
      "object_id": 2,
      "relation": "above",
      "explicit": false
    },
    {
      "subject_id": 1,
      "object_id": 3,
      "relation": "right_of",
      "explicit": false
    },
    {
      "subject_id": 2,
      "object_id": 3,
      "relation": "below",
      "explicit": false
    }
  ]
}