{
  "image_id": 945,
  "image_filename": "image_00945.png",
  "num_entities": 4,
  "entities": [
    {
      "id": 0,
      "shape": "circle",
      "size": "medium",
      "color": "orange",
      "center": [
        98,
        157
      ],
      "bbox": {
        "x_min": 68,
        "y_min": 127,
        "x_max": 128,
        "y_max": 187
      }
    },
    {
      "id": 1,
      "shape": "rectangle",
      "size": "medium",
      "color": "magenta",
      "center": [
        165,
        84
      ],
      "bbox": {
        "x_min": 150,
        "y_min": 62,
        "x_max": 180,
        "y_max": 106
      }
    },
    {
      "id": 2,
      "shape": "rectangle",
      "size": "small",
      "color": "magenta",
      "center": [
        96,
        52
      ],
      "bbox": {
        "x_min": 86,
        "y_min": 37,
        "x_max": 106,
        "y_max": 67
      }
    },
    {
      "id": 3,
      "shape": "triangle",
      "size": "medium",
      "color": "purple",
      "center": [
        58,
        99
      ],
      "bbox": {
        "x_min": 32,
        "y_min": 69,
        "x_max": 83,
        "y_max": 114
      }
    }
  ],
  "relations": [
    {
      "subject_id": 0,
      "object_id": 1,
      "relation": "above",
      "explicit": false
    },
    {
      "subject_id": 0,
      "object_id": 2,
      "relation": "above",
      "explicit": false
    },
    {
      "subject_id": 0,
      "object_id": 3,
      "relation": "above",
      "explicit": true
    },
    {
      "subject_id": 1,
      "object_id": 2,
      "relation": "left_of",
      "explicit": true
    },
    {
      "subject_id": 1,
      "object_id": 3,
      "relation": "left_of",
      "explicit": false
    },
    {
      "subject_id": 2,
      "object_id": 3,
      "relation": "below",
      "explicit": true
    }
  ]
}