{
  "image_id": 746,
  "image_filename": "image_00746.png",
  "num_entities": 3,
  "entities": [
    {
      "id": 0,
      "shape": "rectangle",
      "size": "medium",
      "color": "orange",
      "center": [
        76,
        155
      ],
      "bbox": {
        "x_min": 61,
        "y_min": 133,
        "x_max": 91,
        "y_max": 177
      }
    },
    {
      "id": 1,
      "shape": "rectangle",
      "size": "medium",
      "color": "cyan",
      "center": [
        125,
        56
      ],
      "bbox": {
        "x_min": 110,
        "y_min": 34,
        "x_max": 140,
        "y_max": 78
      }
    },
    {
      "id": 2,
      "shape": "circle",
      "size": "small",
      "color": "yellow",
      "center": [
        152,
        141
      ],
      "bbox": {
        "x_min": 132,
        "y_min": 121,
        "x_max": 172,
        "y_max": 161
      }
    }
  ],
  "relations": [
    {
      "subject_id": 0,
      "object_id": 1,
      "relation": "above",
      "explicit": true
    },
    {
      "subject_id": 0,
      "object_id": 2,
      "relation": "right_of",
      "explicit": true
    },
    {
      "subject_id": 1,
      "object_id": 2,
      "relation": "below",
      "explicit": true
    }
  ]
}