{
  "image_id": 831,
  "image_filename": "image_00831.png",
  "num_entities": 4,
  "entities": [
    {
      "id": 0,
      "shape": "rectangle",
      "size": "small",
      "color": "green",
      "center": [
        113,
        66
      ],
      "bbox": {
        "x_min": 103,
        "y_min": 51,
        "x_max": 123,
        "y_max": 81
      }
    },
    {
      "id": 1,
      "shape": "rectangle",
      "size": "small",
      "color": "magenta",
      "center": [
        85,
        155
      ],
      "bbox": {
        "x_min": 75,
        "y_min": 140,
        "x_max": 95,
        "y_max": 170
      }
    },
    {
      "id": 2,
      "shape": "rectangle",
      "size": "medium",
      "color": "cyan",
      "center": [
        170,
        157
      ],
      "bbox": {
        "x_min": 155,
        "y_min": 135,
        "x_max": 185,
        "y_max": 179
      }
    },
    {
      "id": 3,
      "shape": "triangle",
      "size": "small",
      "color": "blue",
      "center": [
        164,
        83
      ],
      "bbox": {
        "x_min": 146,
        "y_min": 63,
        "x_max": 181,
        "y_max": 93
      }
    }
  ],
  "relations": [
    {
      "subject_id": 0,
      "object_id": 1,
      "relation": "below",
      "explicit": true
    },
    {
      "subject_id": 0,
      "object_id": 2,
      "relation": "below",
      "explicit": true
    },
    {
      "subject_id": 0,
      "object_id": 3,
      "relation": "right_of",
      "explicit": true
    },
    {
      "subject_id": 1,
      "object_id": 2,
      "relation": "right_of",
      "explicit": true
    },
    {
      "subject_id": 1,
      "object_id": 3,
      "relation": "right_of",
      "explicit": false
    },
    {
      "subject_id": 2,
      "object_id": 3,
      "relation": "above",
      "explicit": false
    }
  ]
}