{
  "image_id": 268,
  "image_filename": "image_00268.png",
  "num_entities": 4,
  "entities": [
    {
      "id": 0,
      "shape": "circle",
      "size": "medium",
      "color": "yellow",
      "center": [
        105,
        50
      ],
      "bbox": {
        "x_min": 75,
        "y_min": 20,
        "x_max": 135,
        "y_max": 80
      }
    },
    {
      "id": 1,
      "shape": "circle",
      "size": "medium",
      "color": "magenta",
      "center": [
        64,
        159
      ],
      "bbox": {
        "x_min": 34,
        "y_min": 129,
        "x_max": 94,
        "y_max": 189
      }
    },
    {
      "id": 2,
      "shape": "circle",
      "size": "small",
      "color": "blue",
      "center": [
        167,
        74
      ],
      "bbox": {
        "x_min": 147,
        "y_min": 54,
        "x_max": 187,
        "y_max": 94
      }
    },
    {
      "id": 3,
      "shape": "circle",
      "size": "large",
      "color": "green",
      "center": [
        168,
        151
      ],
      "bbox": {
        "x_min": 128,
        "y_min": 111,
        "x_max": 208,
        "y_max": 191
      }
    }
  ],
  "relations": [
    {
      "subject_id": 0,
      "object_id": 1,
      "relation": "below",
      "explicit": false
    },
    {
      "subject_id": 0,
      "object_id": 2,
      "relation": "right_of",
      "explicit": true
    },
    {
      "subject_id": 0,
      "object_id": 3,
      "relation": "below",
      "explicit": true
    },
    {
      "subject_id": 1,
      "object_id": 2,
      "relation": "right_of",
      "explicit": true
    },
    {
      "subject_id": 1,
      "object_id": 3,
      "relation": "right_of",
      "explicit": true
    },
    {
      "subject_id": 2,
      "object_id": 3,
      "relation": "below",
      "explicit": false
    }
  ]
}