{
  "image_id": 219,
  "image_filename": "image_00219.png",
  "num_entities": 4,
  "entities": [
    {
      "id": 0,
      "shape": "rectangle",
      "size": "small",
      "color": "blue",
      "center": [
        137,
        94
      ],
      "bbox": {
        "x_min": 127,
        "y_min": 79,
        "x_max": 147,
        "y_max": 109
      }
    },
    {
      "id": 1,
      "shape": "rectangle",
      "size": "small",
      "color": "purple",
      "center": [
        89,
        76
      ],
      "bbox": {
        "x_min": 79,
        "y_min": 61,
        "x_max": 99,
        "y_max": 91
      }
    },
    {
      "id": 2,
      "shape": "triangle",
      "size": "large",
      "color": "yellow",
      "center": [
        66,
        146
      ],
      "bbox": {
        "x_min": 31,
        "y_min": 106,
        "x_max": 100,
        "y_max": 166
      }
    },
    {
      "id": 3,
      "shape": "square",
      "size": "small",
      "color": "magenta",
      "center": [
        158,
        142
      ],
      "bbox": {
        "x_min": 138,
        "y_min": 122,
        "x_max": 178,
        "y_max": 162
      }
    }
  ],
  "relations": [
    {
      "subject_id": 0,
      "object_id": 1,
      "relation": "left_of",
      "explicit": false
    },
    {
      "subject_id": 0,
      "object_id": 2,
      "relation": "left_of",
      "explicit": false
    },
    {
      "subject_id": 0,
      "object_id": 3,
      "relation": "below",
      "explicit": false
    },
    {
      "subject_id": 1,
      "object_id": 2,
      "relation": "below",
      "explicit": false
    },
    {
      "subject_id": 1,
      "object_id": 3,
      "relation": "right_of",
      "explicit": false
    },
    {
      "subject_id": 2,
      "object_id": 3,
      "relation": "right_of",
      "explicit": false
    }
  ]
}