{
  "image_id": 336,
  "image_filename": "image_00336.png",
  "num_entities": 4,
  "entities": [
    {
      "id": 0,
      "shape": "square",
      "size": "small",
      "color": "cyan",
      "center": [
        57,
        143
      ],
      "bbox": {
        "x_min": 37,
        "y_min": 123,
        "x_max": 77,
        "y_max": 163
      }
    },
    {
      "id": 1,
      "shape": "circle",
      "size": "small",
      "color": "blue",
      "center": [
        154,
        66
      ],
      "bbox": {
        "x_min": 134,
        "y_min": 46,
        "x_max": 174,
        "y_max": 86
      }
    },
    {
      "id": 2,
      "shape": "square",
      "size": "small",
      "color": "purple",
      "center": [
        72,
        85
      ],
      "bbox": {
        "x_min": 52,
        "y_min": 65,
        "x_max": 92,
        "y_max": 105
      }
    },
    {
      "id": 3,
      "shape": "square",
      "size": "large",
      "color": "yellow",
      "center": [
        154,
        162
      ],
      "bbox": {
        "x_min": 114,
        "y_min": 122,
        "x_max": 194,
        "y_max": 202
      }
    }
  ],
  "relations": [
    {
      "subject_id": 0,
      "object_id": 1,
      "relation": "right_of",
      "explicit": false
    },
    {
      "subject_id": 0,
      "object_id": 2,
      "relation": "above",
      "explicit": true
    },
    {
      "subject_id": 0,
      "object_id": 3,
      "relation": "right_of",
      "explicit": false
    },
    {
      "subject_id": 1,
      "object_id": 2,
      "relation": "left_of",
      "explicit": true
    },
    {
      "subject_id": 1,
      "object_id": 3,
      "relation": "below",
      "explicit": true
    },
    {
      "subject_id": 2,
      "object_id": 3,
      "relation": "right_of",
      "explicit": true
    }
  ]
}