{
  "image_id": 343,
  "image_filename": "image_00343.png",
  "num_entities": 2,
  "entities": [
    {
      "id": 0,
      "shape": "square",
      "size": "small",
      "color": "orange",
      "center": [
        52,
        89
      ],
      "bbox": {
        "x_min": 32,
        "y_min": 69,
        "x_max": 72,
        "y_max": 109
      }
    },
    {
      "id": 1,
      "shape": "circle",
      "size": "medium",
      "color": "magenta",
      "center": [
        56,
        171
      ],
      "bbox": {
        "x_min": 26,
        "y_min": 141,
        "x_max": 86,
        "y_max": 201
      }
    }
  ],
  "relations": [
    {
      "subject_id": 0,
      "object_id": 1,
      "relation": "below",
      "explicit": false
    }
  ]
}