{
  "image_id": 571,
  "image_filename": "image_00571.png",
  "num_entities": 4,
  "entities": [
    {
      "id": 0,
      "shape": "square",
      "size": "medium",
      "color": "red",
      "center": [
        50,
        163
      ],
      "bbox": {
        "x_min": 20,
        "y_min": 133,
        "x_max": 80,
        "y_max": 193
      }
    },
    {
      "id": 1,
      "shape": "square",
      "size": "small",
      "color": "cyan",
      "center": [
        141,
        156
      ],
      "bbox": {
        "x_min": 121,
        "y_min": 136,
        "x_max": 161,
        "y_max": 176
      }
    },
    {
      "id": 2,
      "shape": "rectangle",
      "size": "medium",
      "color": "green",
      "center": [
        93,
        57
      ],
      "bbox": {
        "x_min": 78,
        "y_min": 35,
        "x_max": 108,
        "y_max": 79
      }
    },
    {
      "id": 3,
      "shape": "rectangle",
      "size": "large",
      "color": "red",
      "center": [
        170,
        92
      ],
      "bbox": {
        "x_min": 150,
        "y_min": 62,
        "x_max": 190,
        "y_max": 122
      }
    }
  ],
  "relations": [
    {
      "subject_id": 0,
      "object_id": 1,
      "relation": "right_of",
      "explicit": true
    },
    {
      "subject_id": 0,
      "object_id": 2,
      "relation": "above",
      "explicit": false
    },
    {
      "subject_id": 0,
      "object_id": 3,
      "relation": "right_of",
      "explicit": true
    },
    {
      "subject_id": 1,
      "object_id": 2,
      "relation": "above",
      "explicit": true
    },
    {
      "subject_id": 1,
      "object_id": 3,
      "relation": "above",
      "explicit": false
    },
    {
      "subject_id": 2,
      "object_id": 3,
      "relation": "right_of",
      "explicit": false
    }
  ]
}