{
  "image_id": 138,
  "image_filename": "image_00138.png",
  "num_entities": 3,
  "entities": [
    {
      "id": 0,
      "shape": "square",
      "size": "small",
      "color": "purple",
      "center": [
        98,
        59
      ],
      "bbox": {
        "x_min": 78,
        "y_min": 39,
        "x_max": 118,
        "y_max": 79
      }
    },
    {
      "id": 1,
      "shape": "square",
      "size": "large",
      "color": "magenta",
      "center": [
        168,
        138
      ],
      "bbox": {
        "x_min": 128,
        "y_min": 98,
        "x_max": 208,
        "y_max": 178
      }
    },
    {
      "id": 2,
      "shape": "square",
      "size": "small",
      "color": "red",
      "center": [
        72,
        135
      ],
      "bbox": {
        "x_min": 52,
        "y_min": 115,
        "x_max": 92,
        "y_max": 155
      }
    }
  ],
  "relations": [
    {
      "subject_id": 0,
      "object_id": 1,
      "relation": "below",
      "explicit": false
    },
    {
      "subject_id": 0,
      "object_id": 2,
      "relation": "below",
      "explicit": true
    },
    {
      "subject_id": 1,
      "object_id": 2,
      "relation": "left_of",
      "explicit": false
    }
  ]
}