{
  "image_id": 343,
  "image_filename": "image_00343.png",
  "num_entities": 3,
  "entities": [
    {
      "id": 0,
      "shape": "rectangle",
      "size": "medium",
      "color": "yellow",
      "center": [
        85,
        135
      ],
      "bbox": {
        "x_min": 70,
        "y_min": 113,
        "x_max": 100,
        "y_max": 157
      }
    },
    {
      "id": 1,
      "shape": "triangle",
      "size": "medium",
      "color": "yellow",
      "center": [
        126,
        67
      ],
      "bbox": {
        "x_min": 100,
        "y_min": 37,
        "x_max": 151,
        "y_max": 82
      }
    },
    {
      "id": 2,
      "shape": "square",
      "size": "small",
      "color": "magenta",
      "center": [
        156,
        169
      ],
      "bbox": {
        "x_min": 136,
        "y_min": 149,
        "x_max": 176,
        "y_max": 189
      }
    }
  ],
  "relations": [
    {
      "subject_id": 0,
      "object_id": 1,
      "relation": "above",
      "explicit": true
    },
    {
      "subject_id": 0,
      "object_id": 2,
      "relation": "right_of",
      "explicit": true
    },
    {
      "subject_id": 1,
      "object_id": 2,
      "relation": "below",
      "explicit": false
    }
  ]
}