{
  "image_id": 545,
  "image_filename": "image_00545.png",
  "num_entities": 3,
  "entities": [
    {
      "id": 0,
      "shape": "triangle",
      "size": "large",
      "color": "yellow",
      "center": [
        116,
        89
      ],
      "bbox": {
        "x_min": 81,
        "y_min": 49,
        "x_max": 150,
        "y_max": 109
      }
    },
    {
      "id": 1,
      "shape": "circle",
      "size": "medium",
      "color": "green",
      "center": [
        152,
        172
      ],
      "bbox": {
        "x_min": 122,
        "y_min": 142,
        "x_max": 182,
        "y_max": 202
      }
    },
    {
      "id": 2,
      "shape": "rectangle",
      "size": "medium",
      "color": "yellow",
      "center": [
        71,
        167
      ],
      "bbox": {
        "x_min": 56,
        "y_min": 145,
        "x_max": 86,
        "y_max": 189
      }
    }
  ],
  "relations": [
    {
      "subject_id": 0,
      "object_id": 1,
      "relation": "below",
      "explicit": true
    },
    {
      "subject_id": 0,
      "object_id": 2,
      "relation": "below",
      "explicit": false
    },
    {
      "subject_id": 1,
      "object_id": 2,
      "relation": "left_of",
      "explicit": false
    }
  ]
}