{
  "image_id": 682,
  "image_filename": "image_00682.png",
  "num_entities": 2,
  "entities": [
    {
      "id": 0,
      "shape": "square",
      "size": "small",
      "color": "orange",
      "center": [
        149,
        120
      ],
      "bbox": {
        "x_min": 129,
        "y_min": 100,
        "x_max": 169,
        "y_max": 140
      }
    },
    {
      "id": 1,
      "shape": "triangle",
      "size": "medium",
      "color": "purple",
      "center": [
        53,
        99
      ],
      "bbox": {
        "x_min": 27,
        "y_min": 69,
        "x_max": 78,
        "y_max": 114
      }
    }
  ],
  "relations": [
    {
      "subject_id": 0,
      "object_id": 1,
      "relation": "left_of",
      "explicit": true
    }
  ]
}