{
  "image_id": 22,
  "image_filename": "image_00022.png",
  "num_entities": 2,
  "entities": [
    {
      "id": 0,
      "shape": "circle",
      "size": "large",
      "color": "blue",
      "center": [
        117,
        162
      ],
      "bbox": {
        "x_min": 77,
        "y_min": 122,
        "x_max": 157,
        "y_max": 202
      }
    },
    {
      "id": 1,
      "shape": "rectangle",
      "size": "medium",
      "color": "magenta",
      "center": [
        71,
        79
      ],
      "bbox": {
        "x_min": 56,
        "y_min": 57,
        "x_max": 86,
        "y_max": 101
      }
    }
  ],
  "relations": [
    {
      "subject_id": 0,
      "object_id": 1,
      "relation": "above",
      "explicit": false
    }
  ]
}