{
  "image_id": 520,
  "image_filename": "image_00520.png",
  "num_entities": 4,
  "entities": [
    {
      "id": 0,
      "shape": "square",
      "size": "medium",
      "color": "magenta",
      "center": [
        72,
        150
      ],
      "bbox": {
        "x_min": 42,
        "y_min": 120,
        "x_max": 102,
        "y_max": 180
      }
    },
    {
      "id": 1,
      "shape": "circle",
      "size": "small",
      "color": "blue",
      "center": [
        145,
        114
      ],
      "bbox": {
        "x_min": 125,
        "y_min": 94,
        "x_max": 165,
        "y_max": 134
      }
    },
    {
      "id": 2,
      "shape": "circle",
      "size": "medium",
      "color": "magenta",
      "center": [
        158,
        52
      ],
      "bbox": {
        "x_min": 128,
        "y_min": 22,
        "x_max": 188,
        "y_max": 82
      }
    },
    {
      "id": 3,
      "shape": "circle",
      "size": "medium",
      "color": "blue",
      "center": [
        83,
        60
      ],
      "bbox": {
        "x_min": 53,
        "y_min": 30,
        "x_max": 113,
        "y_max": 90
      }
    }
  ],
  "relations": [
    {
      "subject_id": 0,
      "object_id": 1,
      "relation": "right_of",
      "explicit": true
    },
    {
      "subject_id": 0,
      "object_id": 2,
      "relation": "above",
      "explicit": true
    },
    {
      "subject_id": 0,
      "object_id": 3,
      "relation": "above",
      "explicit": false
    },
    {
      "subject_id": 1,
      "object_id": 2,
      "relation": "above",
      "explicit": true
    },
    {
      "subject_id": 1,
      "object_id": 3,
      "relation": "left_of",
      "explicit": true
    },
    {
      "subject_id": 2,
      "object_id": 3,
      "relation": "left_of",
      "explicit": false
    }
  ]
}