{
  "image_id": 354,
  "image_filename": "image_00354.png",
  "num_entities": 2,
  "entities": [
    {
      "id": 0,
      "shape": "square",
      "size": "large",
      "color": "yellow",
      "center": [
        157,
        110
      ],
      "bbox": {
        "x_min": 117,
        "y_min": 70,
        "x_max": 197,
        "y_max": 150
      }
    },
    {
      "id": 1,
      "shape": "triangle",
      "size": "medium",
      "color": "red",
      "center": [
        72,
        154
      ],
      "bbox": {
        "x_min": 46,
        "y_min": 124,
        "x_max": 97,
        "y_max": 169
      }
    }
  ],
  "relations": [
    {
      "subject_id": 0,
      "object_id": 1,
      "relation": "left_of",
      "explicit": false
    }
  ]
}