{
  "image_id": 663,
  "image_filename": "image_00663.png",
  "num_entities": 3,
  "entities": [
    {
      "id": 0,
      "shape": "circle",
      "size": "small",
      "color": "green",
      "center": [
        142,
        94
      ],
      "bbox": {
        "x_min": 122,
        "y_min": 74,
        "x_max": 162,
        "y_max": 114
      }
    },
    {
      "id": 1,
      "shape": "square",
      "size": "large",
      "color": "magenta",
      "center": [
        50,
        63
      ],
      "bbox": {
        "x_min": 10,
        "y_min": 23,
        "x_max": 90,
        "y_max": 103
      }
    },
    {
      "id": 2,
      "shape": "circle",
      "size": "small",
      "color": "green",
      "center": [
        114,
        139
      ],
      "bbox": {
        "x_min": 94,
        "y_min": 119,
        "x_max": 134,
        "y_max": 159
      }
    }
  ],
  "relations": [
    {
      "subject_id": 0,
      "object_id": 1,
      "relation": "left_of",
      "explicit": true
    },
    {
      "subject_id": 0,
      "object_id": 2,
      "relation": "below",
      "explicit": false
    },
    {
      "subject_id": 1,
      "object_id": 2,
      "relation": "below",
      "explicit": true
    }
  ]
}