{
  "image_id": 924,
  "image_filename": "image_00924.png",
  "num_entities": 2,
  "entities": [
    {
      "id": 0,
      "shape": "circle",
      "size": "large",
      "color": "red",
      "center": [
        137,
        158
      ],
      "bbox": {
        "x_min": 97,
        "y_min": 118,
        "x_max": 177,
        "y_max": 198
      }
    },
    {
      "id": 1,
      "shape": "triangle",
      "size": "large",
      "color": "green",
      "center": [
        168,
        52
      ],
      "bbox": {
        "x_min": 133,
        "y_min": 12,
        "x_max": 202,
        "y_max": 72
      }
    }
  ],
  "relations": [
    {
      "subject_id": 0,
      "object_id": 1,
      "relation": "above",
      "explicit": false
    }
  ]
}