{
  "image_id": 664,
  "image_filename": "image_00664.png",
  "num_entities": 3,
  "entities": [
    {
      "id": 0,
      "shape": "rectangle",
      "size": "medium",
      "color": "yellow",
      "center": [
        69,
        80
      ],
      "bbox": {
        "x_min": 54,
        "y_min": 58,
        "x_max": 84,
        "y_max": 102
      }
    },
    {
      "id": 1,
      "shape": "rectangle",
      "size": "small",
      "color": "green",
      "center": [
        166,
        120
      ],
      "bbox": {
        "x_min": 156,
        "y_min": 105,
        "x_max": 176,
        "y_max": 135
      }
    },
    {
      "id": 2,
      "shape": "square",
      "size": "large",
      "color": "yellow",
      "center": [
        72,
        168
      ],
      "bbox": {
        "x_min": 32,
        "y_min": 128,
        "x_max": 112,
        "y_max": 208
      }
    }
  ],
  "relations": [
    {
      "subject_id": 0,
      "object_id": 1,
      "relation": "right_of",
      "explicit": false
    },
    {
      "subject_id": 0,
      "object_id": 2,
      "relation": "below",
      "explicit": true
    },
    {
      "subject_id": 1,
      "object_id": 2,
      "relation": "left_of",
      "explicit": false
    }
  ]
}