{
  "image_id": 784,
  "image_filename": "image_00784.png",
  "num_entities": 3,
  "entities": [
    {
      "id": 0,
      "shape": "rectangle",
      "size": "large",
      "color": "magenta",
      "center": [
        73,
        104
      ],
      "bbox": {
        "x_min": 53,
        "y_min": 74,
        "x_max": 93,
        "y_max": 134
      }
    },
    {
      "id": 1,
      "shape": "rectangle",
      "size": "small",
      "color": "orange",
      "center": [
        139,
        132
      ],
      "bbox": {
        "x_min": 129,
        "y_min": 117,
        "x_max": 149,
        "y_max": 147
      }
    },
    {
      "id": 2,
      "shape": "rectangle",
      "size": "medium",
      "color": "magenta",
      "center": [
        173,
        67
      ],
      "bbox": {
        "x_min": 158,
        "y_min": 45,
        "x_max": 188,
        "y_max": 89
      }
    }
  ],
  "relations": [
    {
      "subject_id": 0,
      "object_id": 1,
      "relation": "right_of",
      "explicit": false
    },
    {
      "subject_id": 0,
      "object_id": 2,
      "relation": "right_of",
      "explicit": false
    },
    {
      "subject_id": 1,
      "object_id": 2,
      "relation": "above",
      "explicit": false
    }
  ]
}