{
  "image_id": 529,
  "image_filename": "image_00529.png",
  "num_entities": 4,
  "entities": [
    {
      "id": 0,
      "shape": "circle",
      "size": "small",
      "color": "cyan",
      "center": [
        70,
        129
      ],
      "bbox": {
        "x_min": 50,
        "y_min": 109,
        "x_max": 90,
        "y_max": 149
      }
    },
    {
      "id": 1,
      "shape": "circle",
      "size": "small",
      "color": "cyan",
      "center": [
        87,
        71
      ],
      "bbox": {
        "x_min": 67,
        "y_min": 51,
        "x_max": 107,
        "y_max": 91
      }
    },
    {
      "id": 2,
      "shape": "rectangle",
      "size": "large",
      "color": "red",
      "center": [
        162,
        52
      ],
      "bbox": {
        "x_min": 142,
        "y_min": 22,
        "x_max": 182,
        "y_max": 82
      }
    },
    {
      "id": 3,
      "shape": "rectangle",
      "size": "small",
      "color": "magenta",
      "center": [
        119,
        164
      ],
      "bbox": {
        "x_min": 109,
        "y_min": 149,
        "x_max": 129,
        "y_max": 179
      }
    }
  ],
  "relations": [
    {
      "subject_id": 0,
      "object_id": 1,
      "relation": "above",
      "explicit": false
    },
    {
      "subject_id": 0,
      "object_id": 2,
      "relation": "right_of",
      "explicit": false
    },
    {
      "subject_id": 0,
      "object_id": 3,
      "relation": "right_of",
      "explicit": true
    },
    {
      "subject_id": 1,
      "object_id": 2,
      "relation": "right_of",
      "explicit": true
    },
    {
      "subject_id": 1,
      "object_id": 3,
      "relation": "below",
      "explicit": false
    },
    {
      "subject_id": 2,
      "object_id": 3,
      "relation": "below",
      "explicit": false
    }
  ]
}