{
  "image_id": 525,
  "image_filename": "image_00525.png",
  "num_entities": 3,
  "entities": [
    {
      "id": 0,
      "shape": "circle",
      "size": "large",
      "color": "magenta",
      "center": [
        117,
        74
      ],
      "bbox": {
        "x_min": 77,
        "y_min": 34,
        "x_max": 157,
        "y_max": 114
      }
    },
    {
      "id": 1,
      "shape": "triangle",
      "size": "large",
      "color": "red",
      "center": [
        161,
        173
      ],
      "bbox": {
        "x_min": 126,
        "y_min": 133,
        "x_max": 195,
        "y_max": 193
      }
    },
    {
      "id": 2,
      "shape": "rectangle",
      "size": "medium",
      "color": "purple",
      "center": [
        66,
        137
      ],
      "bbox": {
        "x_min": 51,
        "y_min": 115,
        "x_max": 81,
        "y_max": 159
      }
    }
  ],
  "relations": [
    {
      "subject_id": 0,
      "object_id": 1,
      "relation": "below",
      "explicit": false
    },
    {
      "subject_id": 0,
      "object_id": 2,
      "relation": "below",
      "explicit": true
    },
    {
      "subject_id": 1,
      "object_id": 2,
      "relation": "left_of",
      "explicit": false
    }
  ]
}