{
  "image_id": 810,
  "image_filename": "image_00810.png",
  "num_entities": 4,
  "entities": [
    {
      "id": 0,
      "shape": "triangle",
      "size": "large",
      "color": "green",
      "center": [
        139,
        171
      ],
      "bbox": {
        "x_min": 104,
        "y_min": 131,
        "x_max": 173,
        "y_max": 191
      }
    },
    {
      "id": 1,
      "shape": "circle",
      "size": "small",
      "color": "yellow",
      "center": [
        123,
        54
      ],
      "bbox": {
        "x_min": 103,
        "y_min": 34,
        "x_max": 143,
        "y_max": 74
      }
    },
    {
      "id": 2,
      "shape": "triangle",
      "size": "small",
      "color": "magenta",
      "center": [
        79,
        99
      ],
      "bbox": {
        "x_min": 61,
        "y_min": 79,
        "x_max": 96,
        "y_max": 109
      }
    },
    {
      "id": 3,
      "shape": "circle",
      "size": "small",
      "color": "yellow",
      "center": [
        159,
        102
      ],
      "bbox": {
        "x_min": 139,
        "y_min": 82,
        "x_max": 179,
        "y_max": 122
      }
    }
  ],
  "relations": [
    {
      "subject_id": 0,
      "object_id": 1,
      "relation": "above",
      "explicit": false
    },
    {
      "subject_id": 0,
      "object_id": 2,
      "relation": "above",
      "explicit": false
    },
    {
      "subject_id": 0,
      "object_id": 3,
      "relation": "above",
      "explicit": false
    },
    {
      "subject_id": 1,
      "object_id": 2,
      "relation": "below",
      "explicit": false
    },
    {
      "subject_id": 1,
      "object_id": 3,
      "relation": "below",
      "explicit": true
    },
    {
      "subject_id": 2,
      "object_id": 3,
      "relation": "right_of",
      "explicit": true
    }
  ]
}