{
  "image_id": 623,
  "image_filename": "image_00623.png",
  "num_entities": 3,
  "entities": [
    {
      "id": 0,
      "shape": "rectangle",
      "size": "small",
      "color": "orange",
      "center": [
        58,
        86
      ],
      "bbox": {
        "x_min": 48,
        "y_min": 71,
        "x_max": 68,
        "y_max": 101
      }
    },
    {
      "id": 1,
      "shape": "circle",
      "size": "medium",
      "color": "red",
      "center": [
        157,
        64
      ],
      "bbox": {
        "x_min": 127,
        "y_min": 34,
        "x_max": 187,
        "y_max": 94
      }
    },
    {
      "id": 2,
      "shape": "square",
      "size": "medium",
      "color": "green",
      "center": [
        100,
        149
      ],
      "bbox": {
        "x_min": 70,
        "y_min": 119,
        "x_max": 130,
        "y_max": 179
      }
    }
  ],
  "relations": [
    {
      "subject_id": 0,
      "object_id": 1,
      "relation": "right_of",
      "explicit": true
    },
    {
      "subject_id": 0,
      "object_id": 2,
      "relation": "below",
      "explicit": true
    },
    {
      "subject_id": 1,
      "object_id": 2,
      "relation": "below",
      "explicit": false
    }
  ]
}