{
  "image_id": 854,
  "image_filename": "image_00854.png",
  "num_entities": 4,
  "entities": [
    {
      "id": 0,
      "shape": "square",
      "size": "medium",
      "color": "red",
      "center": [
        55,
        144
      ],
      "bbox": {
        "x_min": 25,
        "y_min": 114,
        "x_max": 85,
        "y_max": 174
      }
    },
    {
      "id": 1,
      "shape": "rectangle",
      "size": "large",
      "color": "green",
      "center": [
        169,
        132
      ],
      "bbox": {
        "x_min": 149,
        "y_min": 102,
        "x_max": 189,
        "y_max": 162
      }
    },
    {
      "id": 2,
      "shape": "triangle",
      "size": "large",
      "color": "magenta",
      "center": [
        63,
        59
      ],
      "bbox": {
        "x_min": 28,
        "y_min": 19,
        "x_max": 97,
        "y_max": 79
      }
    },
    {
      "id": 3,
      "shape": "circle",
      "size": "medium",
      "color": "purple",
      "center": [
        164,
        52
      ],
      "bbox": {
        "x_min": 134,
        "y_min": 22,
        "x_max": 194,
        "y_max": 82
      }
    }
  ],
  "relations": [
    {
      "subject_id": 0,
      "object_id": 1,
      "relation": "right_of",
      "explicit": true
    },
    {
      "subject_id": 0,
      "object_id": 2,
      "relation": "above",
      "explicit": false
    },
    {
      "subject_id": 0,
      "object_id": 3,
      "relation": "right_of",
      "explicit": false
    },
    {
      "subject_id": 1,
      "object_id": 2,
      "relation": "left_of",
      "explicit": true
    },
    {
      "subject_id": 1,
      "object_id": 3,
      "relation": "above",
      "explicit": false
    },
    {
      "subject_id": 2,
      "object_id": 3,
      "relation": "right_of",
      "explicit": true
    }
  ]
}