{
  "image_id": 193,
  "image_filename": "image_00193.png",
  "num_entities": 2,
  "entities": [
    {
      "id": 0,
      "shape": "square",
      "size": "large",
      "color": "green",
      "center": [
        74,
        129
      ],
      "bbox": {
        "x_min": 34,
        "y_min": 89,
        "x_max": 114,
        "y_max": 169
      }
    },
    {
      "id": 1,
      "shape": "triangle",
      "size": "medium",
      "color": "orange",
      "center": [
        166,
        120
      ],
      "bbox": {
        "x_min": 140,
        "y_min": 90,
        "x_max": 191,
        "y_max": 135
      }
    }
  ],
  "relations": [
    {
      "subject_id": 0,
      "object_id": 1,
      "relation": "right_of",
      "explicit": false
    }
  ]
}