{
  "image_id": 575,
  "image_filename": "image_00575.png",
  "num_entities": 3,
  "entities": [
    {
      "id": 0,
      "shape": "triangle",
      "size": "large",
      "color": "cyan",
      "center": [
        59,
        149
      ],
      "bbox": {
        "x_min": 24,
        "y_min": 109,
        "x_max": 93,
        "y_max": 169
      }
    },
    {
      "id": 1,
      "shape": "circle",
      "size": "small",
      "color": "red",
      "center": [
        113,
        92
      ],
      "bbox": {
        "x_min": 93,
        "y_min": 72,
        "x_max": 133,
        "y_max": 112
      }
    },
    {
      "id": 2,
      "shape": "square",
      "size": "large",
      "color": "yellow",
      "center": [
        167,
        144
      ],
      "bbox": {
        "x_min": 127,
        "y_min": 104,
        "x_max": 207,
        "y_max": 184
      }
    }
  ],
  "relations": [
    {
      "subject_id": 0,
      "object_id": 1,
      "relation": "above",
      "explicit": false
    },
    {
      "subject_id": 0,
      "object_id": 2,
      "relation": "right_of",
      "explicit": false
    },
    {
      "subject_id": 1,
      "object_id": 2,
      "relation": "right_of",
      "explicit": true
    }
  ]
}