{
  "image_id": 970,
  "image_filename": "image_00970.png",
  "num_entities": 3,
  "entities": [
    {
      "id": 0,
      "shape": "triangle",
      "size": "large",
      "color": "magenta",
      "center": [
        132,
        70
      ],
      "bbox": {
        "x_min": 97,
        "y_min": 30,
        "x_max": 166,
        "y_max": 90
      }
    },
    {
      "id": 1,
      "shape": "rectangle",
      "size": "small",
      "color": "green",
      "center": [
        69,
        116
      ],
      "bbox": {
        "x_min": 59,
        "y_min": 101,
        "x_max": 79,
        "y_max": 131
      }
    },
    {
      "id": 2,
      "shape": "triangle",
      "size": "small",
      "color": "purple",
      "center": [
        124,
        166
      ],
      "bbox": {
        "x_min": 106,
        "y_min": 146,
        "x_max": 141,
        "y_max": 176
      }
    }
  ],
  "relations": [
    {
      "subject_id": 0,
      "object_id": 1,
      "relation": "left_of",
      "explicit": false
    },
    {
      "subject_id": 0,
      "object_id": 2,
      "relation": "below",
      "explicit": false
    },
    {
      "subject_id": 1,
      "object_id": 2,
      "relation": "right_of",
      "explicit": false
    }
  ]
}