{
  "image_id": 874,
  "image_filename": "image_00874.png",
  "num_entities": 2,
  "entities": [
    {
      "id": 0,
      "shape": "triangle",
      "size": "large",
      "color": "green",
      "center": [
        166,
        112
      ],
      "bbox": {
        "x_min": 131,
        "y_min": 72,
        "x_max": 200,
        "y_max": 132
      }
    },
    {
      "id": 1,
      "shape": "square",
      "size": "large",
      "color": "yellow",
      "center": [
        54,
        62
      ],
      "bbox": {
        "x_min": 14,
        "y_min": 22,
        "x_max": 94,
        "y_max": 102
      }
    }
  ],
  "relations": [
    {
      "subject_id": 0,
      "object_id": 1,
      "relation": "left_of",
      "explicit": true
    }
  ]
}