{
  "image_id": 374,
  "image_filename": "image_00374.png",
  "num_entities": 3,
  "entities": [
    {
      "id": 0,
      "shape": "square",
      "size": "large",
      "color": "yellow",
      "center": [
        166,
        168
      ],
      "bbox": {
        "x_min": 126,
        "y_min": 128,
        "x_max": 206,
        "y_max": 208
      }
    },
    {
      "id": 1,
      "shape": "rectangle",
      "size": "small",
      "color": "orange",
      "center": [
        106,
        86
      ],
      "bbox": {
        "x_min": 96,
        "y_min": 71,
        "x_max": 116,
        "y_max": 101
      }
    },
    {
      "id": 2,
      "shape": "circle",
      "size": "large",
      "color": "purple",
      "center": [
        69,
        151
      ],
      "bbox": {
        "x_min": 29,
        "y_min": 111,
        "x_max": 109,
        "y_max": 191
      }
    }
  ],
  "relations": [
    {
      "subject_id": 0,
      "object_id": 1,
      "relation": "above",
      "explicit": false
    },
    {
      "subject_id": 0,
      "object_id": 2,
      "relation": "left_of",
      "explicit": true
    },
    {
      "subject_id": 1,
      "object_id": 2,
      "relation": "below",
      "explicit": false
    }
  ]
}