{
  "image_id": 835,
  "image_filename": "image_00835.png",
  "num_entities": 3,
  "entities": [
    {
      "id": 0,
      "shape": "circle",
      "size": "medium",
      "color": "yellow",
      "center": [
        70,
        151
      ],
      "bbox": {
        "x_min": 40,
        "y_min": 121,
        "x_max": 100,
        "y_max": 181
      }
    },
    {
      "id": 1,
      "shape": "square",
      "size": "medium",
      "color": "green",
      "center": [
        121,
        95
      ],
      "bbox": {
        "x_min": 91,
        "y_min": 65,
        "x_max": 151,
        "y_max": 125
      }
    },
    {
      "id": 2,
      "shape": "triangle",
      "size": "large",
      "color": "green",
      "center": [
        166,
        162
      ],
      "bbox": {
        "x_min": 131,
        "y_min": 122,
        "x_max": 200,
        "y_max": 182
      }
    }
  ],
  "relations": [
    {
      "subject_id": 0,
      "object_id": 1,
      "relation": "above",
      "explicit": false
    },
    {
      "subject_id": 0,
      "object_id": 2,
      "relation": "right_of",
      "explicit": false
    },
    {
      "subject_id": 1,
      "object_id": 2,
      "relation": "below",
      "explicit": false
    }
  ]
}