{
  "image_id": 99,
  "image_filename": "image_00099.png",
  "num_entities": 3,
  "entities": [
    {
      "id": 0,
      "shape": "triangle",
      "size": "large",
      "color": "red",
      "center": [
        71,
        168
      ],
      "bbox": {
        "x_min": 36,
        "y_min": 128,
        "x_max": 105,
        "y_max": 188
      }
    },
    {
      "id": 1,
      "shape": "circle",
      "size": "small",
      "color": "magenta",
      "center": [
        155,
        57
      ],
      "bbox": {
        "x_min": 135,
        "y_min": 37,
        "x_max": 175,
        "y_max": 77
      }
    },
    {
      "id": 2,
      "shape": "triangle",
      "size": "medium",
      "color": "cyan",
      "center": [
        170,
        147
      ],
      "bbox": {
        "x_min": 144,
        "y_min": 117,
        "x_max": 195,
        "y_max": 162
      }
    }
  ],
  "relations": [
    {
      "subject_id": 0,
      "object_id": 1,
      "relation": "above",
      "explicit": false
    },
    {
      "subject_id": 0,
      "object_id": 2,
      "relation": "right_of",
      "explicit": false
    },
    {
      "subject_id": 1,
      "object_id": 2,
      "relation": "below",
      "explicit": false
    }
  ]
}