{
  "image_id": 953,
  "image_filename": "image_00953.png",
  "num_entities": 3,
  "entities": [
    {
      "id": 0,
      "shape": "triangle",
      "size": "medium",
      "color": "red",
      "center": [
        72,
        118
      ],
      "bbox": {
        "x_min": 46,
        "y_min": 88,
        "x_max": 97,
        "y_max": 133
      }
    },
    {
      "id": 1,
      "shape": "circle",
      "size": "large",
      "color": "cyan",
      "center": [
        169,
        139
      ],
      "bbox": {
        "x_min": 129,
        "y_min": 99,
        "x_max": 209,
        "y_max": 179
      }
    },
    {
      "id": 2,
      "shape": "rectangle",
      "size": "medium",
      "color": "magenta",
      "center": [
        141,
        56
      ],
      "bbox": {
        "x_min": 126,
        "y_min": 34,
        "x_max": 156,
        "y_max": 78
      }
    }
  ],
  "relations": [
    {
      "subject_id": 0,
      "object_id": 1,
      "relation": "right_of",
      "explicit": true
    },
    {
      "subject_id": 0,
      "object_id": 2,
      "relation": "right_of",
      "explicit": true
    },
    {
      "subject_id": 1,
      "object_id": 2,
      "relation": "above",
      "explicit": false
    }
  ]
}