{
  "image_id": 964,
  "image_filename": "image_00964.png",
  "num_entities": 4,
  "entities": [
    {
      "id": 0,
      "shape": "square",
      "size": "medium",
      "color": "blue",
      "center": [
        141,
        102
      ],
      "bbox": {
        "x_min": 111,
        "y_min": 72,
        "x_max": 171,
        "y_max": 132
      }
    },
    {
      "id": 1,
      "shape": "circle",
      "size": "small",
      "color": "red",
      "center": [
        87,
        147
      ],
      "bbox": {
        "x_min": 67,
        "y_min": 127,
        "x_max": 107,
        "y_max": 167
      }
    },
    {
      "id": 2,
      "shape": "triangle",
      "size": "small",
      "color": "yellow",
      "center": [
        66,
        84
      ],
      "bbox": {
        "x_min": 48,
        "y_min": 64,
        "x_max": 83,
        "y_max": 94
      }
    },
    {
      "id": 3,
      "shape": "rectangle",
      "size": "medium",
      "color": "yellow",
      "center": [
        150,
        173
      ],
      "bbox": {
        "x_min": 135,
        "y_min": 151,
        "x_max": 165,
        "y_max": 195
      }
    }
  ],
  "relations": [
    {
      "subject_id": 0,
      "object_id": 1,
      "relation": "left_of",
      "explicit": true
    },
    {
      "subject_id": 0,
      "object_id": 2,
      "relation": "left_of",
      "explicit": true
    },
    {
      "subject_id": 0,
      "object_id": 3,
      "relation": "below",
      "explicit": true
    },
    {
      "subject_id": 1,
      "object_id": 2,
      "relation": "above",
      "explicit": false
    },
    {
      "subject_id": 1,
      "object_id": 3,
      "relation": "right_of",
      "explicit": true
    },
    {
      "subject_id": 2,
      "object_id": 3,
      "relation": "below",
      "explicit": true
    }
  ]
}