{
  "image_id": 456,
  "image_filename": "image_00456.png",
  "num_entities": 3,
  "entities": [
    {
      "id": 0,
      "shape": "rectangle",
      "size": "medium",
      "color": "cyan",
      "center": [
        77,
        147
      ],
      "bbox": {
        "x_min": 62,
        "y_min": 125,
        "x_max": 92,
        "y_max": 169
      }
    },
    {
      "id": 1,
      "shape": "rectangle",
      "size": "large",
      "color": "purple",
      "center": [
        136,
        82
      ],
      "bbox": {
        "x_min": 116,
        "y_min": 52,
        "x_max": 156,
        "y_max": 112
      }
    },
    {
      "id": 2,
      "shape": "triangle",
      "size": "small",
      "color": "magenta",
      "center": [
        59,
        50
      ],
      "bbox": {
        "x_min": 41,
        "y_min": 30,
        "x_max": 76,
        "y_max": 60
      }
    }
  ],
  "relations": [
    {
      "subject_id": 0,
      "object_id": 1,
      "relation": "above",
      "explicit": true
    },
    {
      "subject_id": 0,
      "object_id": 2,
      "relation": "above",
      "explicit": true
    },
    {
      "subject_id": 1,
      "object_id": 2,
      "relation": "left_of",
      "explicit": false
    }
  ]
}