{
  "image_id": 666,
  "image_filename": "image_00666.png",
  "num_entities": 3,
  "entities": [
    {
      "id": 0,
      "shape": "circle",
      "size": "large",
      "color": "red",
      "center": [
        149,
        171
      ],
      "bbox": {
        "x_min": 109,
        "y_min": 131,
        "x_max": 189,
        "y_max": 211
      }
    },
    {
      "id": 1,
      "shape": "square",
      "size": "large",
      "color": "green",
      "center": [
        90,
        69
      ],
      "bbox": {
        "x_min": 50,
        "y_min": 29,
        "x_max": 130,
        "y_max": 109
      }
    },
    {
      "id": 2,
      "shape": "square",
      "size": "small",
      "color": "green",
      "center": [
        84,
        142
      ],
      "bbox": {
        "x_min": 64,
        "y_min": 122,
        "x_max": 104,
        "y_max": 162
      }
    }
  ],
  "relations": [
    {
      "subject_id": 0,
      "object_id": 1,
      "relation": "above",
      "explicit": false
    },
    {
      "subject_id": 0,
      "object_id": 2,
      "relation": "left_of",
      "explicit": false
    },
    {
      "subject_id": 1,
      "object_id": 2,
      "relation": "below",
      "explicit": true
    }
  ]
}