{
  "image_id": 213,
  "image_filename": "image_00213.png",
  "num_entities": 4,
  "entities": [
    {
      "id": 0,
      "shape": "square",
      "size": "medium",
      "color": "purple",
      "center": [
        70,
        119
      ],
      "bbox": {
        "x_min": 40,
        "y_min": 89,
        "x_max": 100,
        "y_max": 149
      }
    },
    {
      "id": 1,
      "shape": "triangle",
      "size": "small",
      "color": "orange",
      "center": [
        80,
        57
      ],
      "bbox": {
        "x_min": 62,
        "y_min": 37,
        "x_max": 97,
        "y_max": 67
      }
    },
    {
      "id": 2,
      "shape": "square",
      "size": "large",
      "color": "orange",
      "center": [
        155,
        91
      ],
      "bbox": {
        "x_min": 115,
        "y_min": 51,
        "x_max": 195,
        "y_max": 131
      }
    },
    {
      "id": 3,
      "shape": "circle",
      "size": "small",
      "color": "orange",
      "center": [
        132,
        167
      ],
      "bbox": {
        "x_min": 112,
        "y_min": 147,
        "x_max": 152,
        "y_max": 187
      }
    }
  ],
  "relations": [
    {
      "subject_id": 0,
      "object_id": 1,
      "relation": "above",
      "explicit": false
    },
    {
      "subject_id": 0,
      "object_id": 2,
      "relation": "right_of",
      "explicit": false
    },
    {
      "subject_id": 0,
      "object_id": 3,
      "relation": "right_of",
      "explicit": true
    },
    {
      "subject_id": 1,
      "object_id": 2,
      "relation": "right_of",
      "explicit": false
    },
    {
      "subject_id": 1,
      "object_id": 3,
      "relation": "below",
      "explicit": true
    },
    {
      "subject_id": 2,
      "object_id": 3,
      "relation": "below",
      "explicit": false
    }
  ]
}