{
  "image_id": 118,
  "image_filename": "image_00118.png",
  "num_entities": 2,
  "entities": [
    {
      "id": 0,
      "shape": "square",
      "size": "medium",
      "color": "cyan",
      "center": [
        118,
        96
      ],
      "bbox": {
        "x_min": 88,
        "y_min": 66,
        "x_max": 148,
        "y_max": 126
      }
    },
    {
      "id": 1,
      "shape": "square",
      "size": "medium",
      "color": "green",
      "center": [
        89,
        166
      ],
      "bbox": {
        "x_min": 59,
        "y_min": 136,
        "x_max": 119,
        "y_max": 196
      }
    }
  ],
  "relations": [
    {
      "subject_id": 0,
      "object_id": 1,
      "relation": "below",
      "explicit": false
    }
  ]
}