{
  "image_id": 640,
  "image_filename": "image_00640.png",
  "num_entities": 2,
  "entities": [
    {
      "id": 0,
      "shape": "square",
      "size": "large",
      "color": "purple",
      "center": [
        164,
        130
      ],
      "bbox": {
        "x_min": 124,
        "y_min": 90,
        "x_max": 204,
        "y_max": 170
      }
    },
    {
      "id": 1,
      "shape": "rectangle",
      "size": "medium",
      "color": "purple",
      "center": [
        73,
        135
      ],
      "bbox": {
        "x_min": 58,
        "y_min": 113,
        "x_max": 88,
        "y_max": 157
      }
    }
  ],
  "relations": [
    {
      "subject_id": 0,
      "object_id": 1,
      "relation": "left_of",
      "explicit": true
    }
  ]
}