{
  "image_id": 238,
  "image_filename": "image_00238.png",
  "num_entities": 3,
  "entities": [
    {
      "id": 0,
      "shape": "triangle",
      "size": "large",
      "color": "green",
      "center": [
        127,
        163
      ],
      "bbox": {
        "x_min": 92,
        "y_min": 123,
        "x_max": 161,
        "y_max": 183
      }
    },
    {
      "id": 1,
      "shape": "circle",
      "size": "small",
      "color": "magenta",
      "center": [
        60,
        100
      ],
      "bbox": {
        "x_min": 40,
        "y_min": 80,
        "x_max": 80,
        "y_max": 120
      }
    },
    {
      "id": 2,
      "shape": "triangle",
      "size": "small",
      "color": "cyan",
      "center": [
        158,
        52
      ],
      "bbox": {
        "x_min": 140,
        "y_min": 32,
        "x_max": 175,
        "y_max": 62
      }
    }
  ],
  "relations": [
    {
      "subject_id": 0,
      "object_id": 1,
      "relation": "left_of",
      "explicit": true
    },
    {
      "subject_id": 0,
      "object_id": 2,
      "relation": "above",
      "explicit": true
    },
    {
      "subject_id": 1,
      "object_id": 2,
      "relation": "right_of",
      "explicit": true
    }
  ]
}