{
  "image_id": 559,
  "image_filename": "image_00559.png",
  "num_entities": 3,
  "entities": [
    {
      "id": 0,
      "shape": "triangle",
      "size": "medium",
      "color": "purple",
      "center": [
        112,
        103
      ],
      "bbox": {
        "x_min": 86,
        "y_min": 73,
        "x_max": 137,
        "y_max": 118
      }
    },
    {
      "id": 1,
      "shape": "triangle",
      "size": "medium",
      "color": "magenta",
      "center": [
        92,
        172
      ],
      "bbox": {
        "x_min": 66,
        "y_min": 142,
        "x_max": 117,
        "y_max": 187
      }
    },
    {
      "id": 2,
      "shape": "circle",
      "size": "medium",
      "color": "red",
      "center": [
        173,
        144
      ],
      "bbox": {
        "x_min": 143,
        "y_min": 114,
        "x_max": 203,
        "y_max": 174
      }
    }
  ],
  "relations": [
    {
      "subject_id": 0,
      "object_id": 1,
      "relation": "below",
      "explicit": true
    },
    {
      "subject_id": 0,
      "object_id": 2,
      "relation": "right_of",
      "explicit": true
    },
    {
      "subject_id": 1,
      "object_id": 2,
      "relation": "right_of",
      "explicit": true
    }
  ]
}