{
  "image_id": 556,
  "image_filename": "image_00556.png",
  "num_entities": 3,
  "entities": [
    {
      "id": 0,
      "shape": "rectangle",
      "size": "large",
      "color": "orange",
      "center": [
        90,
        146
      ],
      "bbox": {
        "x_min": 70,
        "y_min": 116,
        "x_max": 110,
        "y_max": 176
      }
    },
    {
      "id": 1,
      "shape": "circle",
      "size": "large",
      "color": "yellow",
      "center": [
        156,
        67
      ],
      "bbox": {
        "x_min": 116,
        "y_min": 27,
        "x_max": 196,
        "y_max": 107
      }
    },
    {
      "id": 2,
      "shape": "triangle",
      "size": "medium",
      "color": "green",
      "center": [
        62,
        55
      ],
      "bbox": {
        "x_min": 36,
        "y_min": 25,
        "x_max": 87,
        "y_max": 70
      }
    }
  ],
  "relations": [
    {
      "subject_id": 0,
      "object_id": 1,
      "relation": "above",
      "explicit": false
    },
    {
      "subject_id": 0,
      "object_id": 2,
      "relation": "above",
      "explicit": true
    },
    {
      "subject_id": 1,
      "object_id": 2,
      "relation": "left_of",
      "explicit": true
    }
  ]
}