{
  "image_id": 514,
  "image_filename": "image_00514.png",
  "num_entities": 4,
  "entities": [
    {
      "id": 0,
      "shape": "circle",
      "size": "small",
      "color": "blue",
      "center": [
        63,
        150
      ],
      "bbox": {
        "x_min": 43,
        "y_min": 130,
        "x_max": 83,
        "y_max": 170
      }
    },
    {
      "id": 1,
      "shape": "triangle",
      "size": "medium",
      "color": "yellow",
      "center": [
        154,
        100
      ],
      "bbox": {
        "x_min": 128,
        "y_min": 70,
        "x_max": 179,
        "y_max": 115
      }
    },
    {
      "id": 2,
      "shape": "rectangle",
      "size": "medium",
      "color": "orange",
      "center": [
        171,
        172
      ],
      "bbox": {
        "x_min": 156,
        "y_min": 150,
        "x_max": 186,
        "y_max": 194
      }
    },
    {
      "id": 3,
      "shape": "square",
      "size": "medium",
      "color": "yellow",
      "center": [
        83,
        93
      ],
      "bbox": {
        "x_min": 53,
        "y_min": 63,
        "x_max": 113,
        "y_max": 123
      }
    }
  ],
  "relations": [
    {
      "subject_id": 0,
      "object_id": 1,
      "relation": "right_of",
      "explicit": false
    },
    {
      "subject_id": 0,
      "object_id": 2,
      "relation": "right_of",
      "explicit": false
    },
    {
      "subject_id": 0,
      "object_id": 3,
      "relation": "above",
      "explicit": true
    },
    {
      "subject_id": 1,
      "object_id": 2,
      "relation": "below",
      "explicit": false
    },
    {
      "subject_id": 1,
      "object_id": 3,
      "relation": "left_of",
      "explicit": false
    },
    {
      "subject_id": 2,
      "object_id": 3,
      "relation": "left_of",
      "explicit": true
    }
  ]
}