{
  "image_id": 667,
  "image_filename": "image_00667.png",
  "num_entities": 3,
  "entities": [
    {
      "id": 0,
      "shape": "triangle",
      "size": "medium",
      "color": "purple",
      "center": [
        63,
        132
      ],
      "bbox": {
        "x_min": 37,
        "y_min": 102,
        "x_max": 88,
        "y_max": 147
      }
    },
    {
      "id": 1,
      "shape": "square",
      "size": "small",
      "color": "purple",
      "center": [
        53,
        61
      ],
      "bbox": {
        "x_min": 33,
        "y_min": 41,
        "x_max": 73,
        "y_max": 81
      }
    },
    {
      "id": 2,
      "shape": "square",
      "size": "medium",
      "color": "red",
      "center": [
        144,
        134
      ],
      "bbox": {
        "x_min": 114,
        "y_min": 104,
        "x_max": 174,
        "y_max": 164
      }
    }
  ],
  "relations": [
    {
      "subject_id": 0,
      "object_id": 1,
      "relation": "above",
      "explicit": false
    },
    {
      "subject_id": 0,
      "object_id": 2,
      "relation": "right_of",
      "explicit": false
    },
    {
      "subject_id": 1,
      "object_id": 2,
      "relation": "right_of",
      "explicit": true
    }
  ]
}