{
  "image_id": 53,
  "image_filename": "image_00053.png",
  "num_entities": 5,
  "entities": [
    {
      "id": 0,
      "shape": "circle",
      "size": "medium",
      "color": "purple",
      "center": [
        104,
        106
      ],
      "bbox": {
        "x_min": 74,
        "y_min": 76,
        "x_max": 134,
        "y_max": 136
      }
    },
    {
      "id": 1,
      "shape": "rectangle",
      "size": "medium",
      "color": "green",
      "center": [
        56,
        166
      ],
      "bbox": {
        "x_min": 41,
        "y_min": 144,
        "x_max": 71,
        "y_max": 188
      }
    },
    {
      "id": 2,
      "shape": "triangle",
      "size": "small",
      "color": "red",
      "center": [
        167,
        118
      ],
      "bbox": {
        "x_min": 149,
        "y_min": 98,
        "x_max": 184,
        "y_max": 128
      }
    },
    {
      "id": 3,
      "shape": "rectangle",
      "size": "medium",
      "color": "magenta",
      "center": [
        148,
        50
      ],
      "bbox": {
        "x_min": 133,
        "y_min": 28,
        "x_max": 163,
        "y_max": 72
      }
    },
    {
      "id": 4,
      "shape": "rectangle",
      "size": "small",
      "color": "blue",
      "center": [
        123,
        168
      ],
      "bbox": {
        "x_min": 113,
        "y_min": 153,
        "x_max": 133,
        "y_max": 183
      }
    }
  ],
  "relations": [
    {
      "subject_id": 0,
      "object_id": 1,
      "relation": "below",
      "explicit": false
    },
    {
      "subject_id": 0,
      "object_id": 2,
      "relation": "right_of",
      "explicit": false
    },
    {
      "subject_id": 0,
      "object_id": 3,
      "relation": "above",
      "explicit": false
    },
    {
      "subject_id": 0,
      "object_id": 4,
      "relation": "below",
      "explicit": true
    },
    {
      "subject_id": 1,
      "object_id": 2,
      "relation": "right_of",
      "explicit": true
    },
    {
      "subject_id": 1,
      "object_id": 3,
      "relation": "above",
      "explicit": false
    },
    {
      "subject_id": 1,
      "object_id": 4,
      "relation": "right_of",
      "explicit": true
    },
    {
      "subject_id": 2,
      "object_id": 3,
      "relation": "above",
      "explicit": true
    },
    {
      "subject_id": 2,
      "object_id": 4,
      "relation": "below",
      "explicit": true
    },
    {
      "subject_id": 3,
      "object_id": 4,
      "relation": "below",
      "explicit": true
    }
  ]
}