{
  "image_id": 132,
  "image_filename": "image_00132.png",
  "num_entities": 3,
  "entities": [
    {
      "id": 0,
      "shape": "square",
      "size": "small",
      "color": "magenta",
      "center": [
        76,
        78
      ],
      "bbox": {
        "x_min": 56,
        "y_min": 58,
        "x_max": 96,
        "y_max": 98
      }
    },
    {
      "id": 1,
      "shape": "square",
      "size": "medium",
      "color": "orange",
      "center": [
        151,
        69
      ],
      "bbox": {
        "x_min": 121,
        "y_min": 39,
        "x_max": 181,
        "y_max": 99
      }
    },
    {
      "id": 2,
      "shape": "square",
      "size": "medium",
      "color": "cyan",
      "center": [
        98,
        163
      ],
      "bbox": {
        "x_min": 68,
        "y_min": 133,
        "x_max": 128,
        "y_max": 193
      }
    }
  ],
  "relations": [
    {
      "subject_id": 0,
      "object_id": 1,
      "relation": "right_of",
      "explicit": false
    },
    {
      "subject_id": 0,
      "object_id": 2,
      "relation": "below",
      "explicit": true
    },
    {
      "subject_id": 1,
      "object_id": 2,
      "relation": "below",
      "explicit": false
    }
  ]
}