{
  "image_id": 268,
  "image_filename": "image_00268.png",
  "num_entities": 2,
  "entities": [
    {
      "id": 0,
      "shape": "triangle",
      "size": "medium",
      "color": "green",
      "center": [
        57,
        95
      ],
      "bbox": {
        "x_min": 31,
        "y_min": 65,
        "x_max": 82,
        "y_max": 110
      }
    },
    {
      "id": 1,
      "shape": "circle",
      "size": "small",
      "color": "red",
      "center": [
        101,
        170
      ],
      "bbox": {
        "x_min": 81,
        "y_min": 150,
        "x_max": 121,
        "y_max": 190
      }
    }
  ],
  "relations": [
    {
      "subject_id": 0,
      "object_id": 1,
      "relation": "below",
      "explicit": true
    }
  ]
}