{
  "image_id": 646,
  "image_filename": "image_00646.png",
  "num_entities": 4,
  "entities": [
    {
      "id": 0,
      "shape": "triangle",
      "size": "medium",
      "color": "blue",
      "center": [
        97,
        174
      ],
      "bbox": {
        "x_min": 71,
        "y_min": 144,
        "x_max": 122,
        "y_max": 189
      }
    },
    {
      "id": 1,
      "shape": "rectangle",
      "size": "medium",
      "color": "magenta",
      "center": [
        167,
        135
      ],
      "bbox": {
        "x_min": 152,
        "y_min": 113,
        "x_max": 182,
        "y_max": 157
      }
    },
    {
      "id": 2,
      "shape": "circle",
      "size": "small",
      "color": "purple",
      "center": [
        85,
        71
      ],
      "bbox": {
        "x_min": 65,
        "y_min": 51,
        "x_max": 105,
        "y_max": 91
      }
    },
    {
      "id": 3,
      "shape": "rectangle",
      "size": "small",
      "color": "purple",
      "center": [
        172,
        71
      ],
      "bbox": {
        "x_min": 162,
        "y_min": 56,
        "x_max": 182,
        "y_max": 86
      }
    }
  ],
  "relations": [
    {
      "subject_id": 0,
      "object_id": 1,
      "relation": "right_of",
      "explicit": false
    },
    {
      "subject_id": 0,
      "object_id": 2,
      "relation": "above",
      "explicit": true
    },
    {
      "subject_id": 0,
      "object_id": 3,
      "relation": "above",
      "explicit": true
    },
    {
      "subject_id": 1,
      "object_id": 2,
      "relation": "left_of",
      "explicit": true
    },
    {
      "subject_id": 1,
      "object_id": 3,
      "relation": "above",
      "explicit": true
    },
    {
      "subject_id": 2,
      "object_id": 3,
      "relation": "right_of",
      "explicit": false
    }
  ]
}