{
  "image_id": 458,
  "image_filename": "image_00458.png",
  "num_entities": 3,
  "entities": [
    {
      "id": 0,
      "shape": "square",
      "size": "large",
      "color": "yellow",
      "center": [
        69,
        134
      ],
      "bbox": {
        "x_min": 29,
        "y_min": 94,
        "x_max": 109,
        "y_max": 174
      }
    },
    {
      "id": 1,
      "shape": "triangle",
      "size": "large",
      "color": "orange",
      "center": [
        148,
        58
      ],
      "bbox": {
        "x_min": 113,
        "y_min": 18,
        "x_max": 182,
        "y_max": 78
      }
    },
    {
      "id": 2,
      "shape": "triangle",
      "size": "small",
      "color": "purple",
      "center": [
        158,
        167
      ],
      "bbox": {
        "x_min": 140,
        "y_min": 147,
        "x_max": 175,
        "y_max": 177
      }
    }
  ],
  "relations": [
    {
      "subject_id": 0,
      "object_id": 1,
      "relation": "right_of",
      "explicit": true
    },
    {
      "subject_id": 0,
      "object_id": 2,
      "relation": "right_of",
      "explicit": true
    },
    {
      "subject_id": 1,
      "object_id": 2,
      "relation": "below",
      "explicit": false
    }
  ]
}