{
  "image_id": 321,
  "image_filename": "image_00321.png",
  "num_entities": 3,
  "entities": [
    {
      "id": 0,
      "shape": "circle",
      "size": "large",
      "color": "blue",
      "center": [
        152,
        54
      ],
      "bbox": {
        "x_min": 112,
        "y_min": 14,
        "x_max": 192,
        "y_max": 94
      }
    },
    {
      "id": 1,
      "shape": "square",
      "size": "large",
      "color": "red",
      "center": [
        135,
        146
      ],
      "bbox": {
        "x_min": 95,
        "y_min": 106,
        "x_max": 175,
        "y_max": 186
      }
    },
    {
      "id": 2,
      "shape": "square",
      "size": "large",
      "color": "yellow",
      "center": [
        50,
        67
      ],
      "bbox": {
        "x_min": 10,
        "y_min": 27,
        "x_max": 90,
        "y_max": 107
      }
    }
  ],
  "relations": [
    {
      "subject_id": 0,
      "object_id": 1,
      "relation": "below",
      "explicit": false
    },
    {
      "subject_id": 0,
      "object_id": 2,
      "relation": "left_of",
      "explicit": false
    },
    {
      "subject_id": 1,
      "object_id": 2,
      "relation": "left_of",
      "explicit": false
    }
  ]
}