{
  "image_id": 940,
  "image_filename": "image_00940.png",
  "num_entities": 4,
  "entities": [
    {
      "id": 0,
      "shape": "triangle",
      "size": "large",
      "color": "red",
      "center": [
        149,
        88
      ],
      "bbox": {
        "x_min": 114,
        "y_min": 48,
        "x_max": 183,
        "y_max": 108
      }
    },
    {
      "id": 1,
      "shape": "rectangle",
      "size": "medium",
      "color": "purple",
      "center": [
        61,
        87
      ],
      "bbox": {
        "x_min": 46,
        "y_min": 65,
        "x_max": 76,
        "y_max": 109
      }
    },
    {
      "id": 2,
      "shape": "circle",
      "size": "small",
      "color": "magenta",
      "center": [
        70,
        162
      ],
      "bbox": {
        "x_min": 50,
        "y_min": 142,
        "x_max": 90,
        "y_max": 182
      }
    },
    {
      "id": 3,
      "shape": "triangle",
      "size": "small",
      "color": "yellow",
      "center": [
        151,
        163
      ],
      "bbox": {
        "x_min": 133,
        "y_min": 143,
        "x_max": 168,
        "y_max": 173
      }
    }
  ],
  "relations": [
    {
      "subject_id": 0,
      "object_id": 1,
      "relation": "left_of",
      "explicit": true
    },
    {
      "subject_id": 0,
      "object_id": 2,
      "relation": "left_of",
      "explicit": false
    },
    {
      "subject_id": 0,
      "object_id": 3,
      "relation": "below",
      "explicit": false
    },
    {
      "subject_id": 1,
      "object_id": 2,
      "relation": "below",
      "explicit": false
    },
    {
      "subject_id": 1,
      "object_id": 3,
      "relation": "right_of",
      "explicit": true
    },
    {
      "subject_id": 2,
      "object_id": 3,
      "relation": "right_of",
      "explicit": true
    }
  ]
}