{
  "image_id": 460,
  "image_filename": "image_00460.png",
  "num_entities": 3,
  "entities": [
    {
      "id": 0,
      "shape": "square",
      "size": "large",
      "color": "yellow",
      "center": [
        56,
        78
      ],
      "bbox": {
        "x_min": 16,
        "y_min": 38,
        "x_max": 96,
        "y_max": 118
      }
    },
    {
      "id": 1,
      "shape": "triangle",
      "size": "small",
      "color": "magenta",
      "center": [
        77,
        163
      ],
      "bbox": {
        "x_min": 59,
        "y_min": 143,
        "x_max": 94,
        "y_max": 173
      }
    },
    {
      "id": 2,
      "shape": "circle",
      "size": "large",
      "color": "orange",
      "center": [
        142,
        120
      ],
      "bbox": {
        "x_min": 102,
        "y_min": 80,
        "x_max": 182,
        "y_max": 160
      }
    }
  ],
  "relations": [
    {
      "subject_id": 0,
      "object_id": 1,
      "relation": "below",
      "explicit": true
    },
    {
      "subject_id": 0,
      "object_id": 2,
      "relation": "right_of",
      "explicit": false
    },
    {
      "subject_id": 1,
      "object_id": 2,
      "relation": "right_of",
      "explicit": false
    }
  ]
}