{
  "image_id": 619,
  "image_filename": "image_00619.png",
  "num_entities": 4,
  "entities": [
    {
      "id": 0,
      "shape": "circle",
      "size": "small",
      "color": "red",
      "center": [
        68,
        66
      ],
      "bbox": {
        "x_min": 48,
        "y_min": 46,
        "x_max": 88,
        "y_max": 86
      }
    },
    {
      "id": 1,
      "shape": "square",
      "size": "small",
      "color": "magenta",
      "center": [
        53,
        124
      ],
      "bbox": {
        "x_min": 33,
        "y_min": 104,
        "x_max": 73,
        "y_max": 144
      }
    },
    {
      "id": 2,
      "shape": "circle",
      "size": "large",
      "color": "magenta",
      "center": [
        168,
        79
      ],
      "bbox": {
        "x_min": 128,
        "y_min": 39,
        "x_max": 208,
        "y_max": 119
      }
    },
    {
      "id": 3,
      "shape": "rectangle",
      "size": "large",
      "color": "magenta",
      "center": [
        105,
        171
      ],
      "bbox": {
        "x_min": 85,
        "y_min": 141,
        "x_max": 125,
        "y_max": 201
      }
    }
  ],
  "relations": [
    {
      "subject_id": 0,
      "object_id": 1,
      "relation": "below",
      "explicit": false
    },
    {
      "subject_id": 0,
      "object_id": 2,
      "relation": "right_of",
      "explicit": true
    },
    {
      "subject_id": 0,
      "object_id": 3,
      "relation": "below",
      "explicit": false
    },
    {
      "subject_id": 1,
      "object_id": 2,
      "relation": "right_of",
      "explicit": true
    },
    {
      "subject_id": 1,
      "object_id": 3,
      "relation": "right_of",
      "explicit": false
    },
    {
      "subject_id": 2,
      "object_id": 3,
      "relation": "below",
      "explicit": true
    }
  ]
}