{
  "image_id": 348,
  "image_filename": "image_00348.png",
  "num_entities": 2,
  "entities": [
    {
      "id": 0,
      "shape": "circle",
      "size": "large",
      "color": "magenta",
      "center": [
        169,
        88
      ],
      "bbox": {
        "x_min": 129,
        "y_min": 48,
        "x_max": 209,
        "y_max": 128
      }
    },
    {
      "id": 1,
      "shape": "triangle",
      "size": "large",
      "color": "green",
      "center": [
        74,
        103
      ],
      "bbox": {
        "x_min": 39,
        "y_min": 63,
        "x_max": 108,
        "y_max": 123
      }
    }
  ],
  "relations": [
    {
      "subject_id": 0,
      "object_id": 1,
      "relation": "left_of",
      "explicit": true
    }
  ]
}