{
  "image_id": 633,
  "image_filename": "image_00633.png",
  "num_entities": 3,
  "entities": [
    {
      "id": 0,
      "shape": "square",
      "size": "large",
      "color": "blue",
      "center": [
        95,
        69
      ],
      "bbox": {
        "x_min": 55,
        "y_min": 29,
        "x_max": 135,
        "y_max": 109
      }
    },
    {
      "id": 1,
      "shape": "triangle",
      "size": "small",
      "color": "green",
      "center": [
        159,
        112
      ],
      "bbox": {
        "x_min": 141,
        "y_min": 92,
        "x_max": 176,
        "y_max": 122
      }
    },
    {
      "id": 2,
      "shape": "square",
      "size": "medium",
      "color": "cyan",
      "center": [
        53,
        169
      ],
      "bbox": {
        "x_min": 23,
        "y_min": 139,
        "x_max": 83,
        "y_max": 199
      }
    }
  ],
  "relations": [
    {
      "subject_id": 0,
      "object_id": 1,
      "relation": "right_of",
      "explicit": true
    },
    {
      "subject_id": 0,
      "object_id": 2,
      "relation": "below",
      "explicit": false
    },
    {
      "subject_id": 1,
      "object_id": 2,
      "relation": "left_of",
      "explicit": true
    }
  ]
}