{
  "image_id": 95,
  "image_filename": "image_00095.png",
  "num_entities": 3,
  "entities": [
    {
      "id": 0,
      "shape": "rectangle",
      "size": "medium",
      "color": "red",
      "center": [
        102,
        81
      ],
      "bbox": {
        "x_min": 87,
        "y_min": 59,
        "x_max": 117,
        "y_max": 103
      }
    },
    {
      "id": 1,
      "shape": "circle",
      "size": "small",
      "color": "blue",
      "center": [
        131,
        159
      ],
      "bbox": {
        "x_min": 111,
        "y_min": 139,
        "x_max": 151,
        "y_max": 179
      }
    },
    {
      "id": 2,
      "shape": "rectangle",
      "size": "small",
      "color": "cyan",
      "center": [
        174,
        116
      ],
      "bbox": {
        "x_min": 164,
        "y_min": 101,
        "x_max": 184,
        "y_max": 131
      }
    }
  ],
  "relations": [
    {
      "subject_id": 0,
      "object_id": 1,
      "relation": "below",
      "explicit": false
    },
    {
      "subject_id": 0,
      "object_id": 2,
      "relation": "right_of",
      "explicit": false
    },
    {
      "subject_id": 1,
      "object_id": 2,
      "relation": "above",
      "explicit": true
    }
  ]
}