{
  "image_id": 715,
  "image_filename": "image_00715.png",
  "num_entities": 2,
  "entities": [
    {
      "id": 0,
      "shape": "rectangle",
      "size": "small",
      "color": "magenta",
      "center": [
        113,
        159
      ],
      "bbox": {
        "x_min": 103,
        "y_min": 144,
        "x_max": 123,
        "y_max": 174
      }
    },
    {
      "id": 1,
      "shape": "triangle",
      "size": "medium",
      "color": "yellow",
      "center": [
        90,
        56
      ],
      "bbox": {
        "x_min": 64,
        "y_min": 26,
        "x_max": 115,
        "y_max": 71
      }
    }
  ],
  "relations": [
    {
      "subject_id": 0,
      "object_id": 1,
      "relation": "above",
      "explicit": false
    }
  ]
}