{
  "image_id": 698,
  "image_filename": "image_00698.png",
  "num_entities": 3,
  "entities": [
    {
      "id": 0,
      "shape": "circle",
      "size": "large",
      "color": "red",
      "center": [
        89,
        172
      ],
      "bbox": {
        "x_min": 49,
        "y_min": 132,
        "x_max": 129,
        "y_max": 212
      }
    },
    {
      "id": 1,
      "shape": "square",
      "size": "small",
      "color": "magenta",
      "center": [
        53,
        100
      ],
      "bbox": {
        "x_min": 33,
        "y_min": 80,
        "x_max": 73,
        "y_max": 120
      }
    },
    {
      "id": 2,
      "shape": "square",
      "size": "medium",
      "color": "green",
      "center": [
        136,
        80
      ],
      "bbox": {
        "x_min": 106,
        "y_min": 50,
        "x_max": 166,
        "y_max": 110
      }
    }
  ],
  "relations": [
    {
      "subject_id": 0,
      "object_id": 1,
      "relation": "above",
      "explicit": false
    },
    {
      "subject_id": 0,
      "object_id": 2,
      "relation": "above",
      "explicit": true
    },
    {
      "subject_id": 1,
      "object_id": 2,
      "relation": "right_of",
      "explicit": true
    }
  ]
}