{
  "image_id": 942,
  "image_filename": "image_00942.png",
  "num_entities": 2,
  "entities": [
    {
      "id": 0,
      "shape": "rectangle",
      "size": "large",
      "color": "purple",
      "center": [
        66,
        154
      ],
      "bbox": {
        "x_min": 46,
        "y_min": 124,
        "x_max": 86,
        "y_max": 184
      }
    },
    {
      "id": 1,
      "shape": "circle",
      "size": "small",
      "color": "green",
      "center": [
        151,
        117
      ],
      "bbox": {
        "x_min": 131,
        "y_min": 97,
        "x_max": 171,
        "y_max": 137
      }
    }
  ],
  "relations": [
    {
      "subject_id": 0,
      "object_id": 1,
      "relation": "right_of",
      "explicit": false
    }
  ]
}