{
  "image_id": 620,
  "image_filename": "image_00620.png",
  "num_entities": 3,
  "entities": [
    {
      "id": 0,
      "shape": "rectangle",
      "size": "large",
      "color": "purple",
      "center": [
        172,
        56
      ],
      "bbox": {
        "x_min": 152,
        "y_min": 26,
        "x_max": 192,
        "y_max": 86
      }
    },
    {
      "id": 1,
      "shape": "square",
      "size": "small",
      "color": "yellow",
      "center": [
        144,
        174
      ],
      "bbox": {
        "x_min": 124,
        "y_min": 154,
        "x_max": 164,
        "y_max": 194
      }
    },
    {
      "id": 2,
      "shape": "square",
      "size": "medium",
      "color": "orange",
      "center": [
        93,
        80
      ],
      "bbox": {
        "x_min": 63,
        "y_min": 50,
        "x_max": 123,
        "y_max": 110
      }
    }
  ],
  "relations": [
    {
      "subject_id": 0,
      "object_id": 1,
      "relation": "below",
      "explicit": true
    },
    {
      "subject_id": 0,
      "object_id": 2,
      "relation": "left_of",
      "explicit": false
    },
    {
      "subject_id": 1,
      "object_id": 2,
      "relation": "above",
      "explicit": false
    }
  ]
}