{
  "image_id": 661,
  "image_filename": "image_00661.png",
  "num_entities": 4,
  "entities": [
    {
      "id": 0,
      "shape": "circle",
      "size": "medium",
      "color": "purple",
      "center": [
        166,
        123
      ],
      "bbox": {
        "x_min": 136,
        "y_min": 93,
        "x_max": 196,
        "y_max": 153
      }
    },
    {
      "id": 1,
      "shape": "square",
      "size": "large",
      "color": "purple",
      "center": [
        54,
        137
      ],
      "bbox": {
        "x_min": 14,
        "y_min": 97,
        "x_max": 94,
        "y_max": 177
      }
    },
    {
      "id": 2,
      "shape": "circle",
      "size": "large",
      "color": "purple",
      "center": [
        104,
        52
      ],
      "bbox": {
        "x_min": 64,
        "y_min": 12,
        "x_max": 144,
        "y_max": 92
      }
    },
    {
      "id": 3,
      "shape": "square",
      "size": "small",
      "color": "red",
      "center": [
        128,
        171
      ],
      "bbox": {
        "x_min": 108,
        "y_min": 151,
        "x_max": 148,
        "y_max": 191
      }
    }
  ],
  "relations": [
    {
      "subject_id": 0,
      "object_id": 1,
      "relation": "left_of",
      "explicit": false
    },
    {
      "subject_id": 0,
      "object_id": 2,
      "relation": "above",
      "explicit": false
    },
    {
      "subject_id": 0,
      "object_id": 3,
      "relation": "below",
      "explicit": true
    },
    {
      "subject_id": 1,
      "object_id": 2,
      "relation": "above",
      "explicit": false
    },
    {
      "subject_id": 1,
      "object_id": 3,
      "relation": "right_of",
      "explicit": false
    },
    {
      "subject_id": 2,
      "object_id": 3,
      "relation": "below",
      "explicit": true
    }
  ]
}