{
  "image_id": 288,
  "image_filename": "image_00288.png",
  "num_entities": 3,
  "entities": [
    {
      "id": 0,
      "shape": "triangle",
      "size": "medium",
      "color": "cyan",
      "center": [
        92,
        71
      ],
      "bbox": {
        "x_min": 66,
        "y_min": 41,
        "x_max": 117,
        "y_max": 86
      }
    },
    {
      "id": 1,
      "shape": "circle",
      "size": "small",
      "color": "cyan",
      "center": [
        173,
        133
      ],
      "bbox": {
        "x_min": 153,
        "y_min": 113,
        "x_max": 193,
        "y_max": 153
      }
    },
    {
      "id": 2,
      "shape": "triangle",
      "size": "large",
      "color": "purple",
      "center": [
        68,
        157
      ],
      "bbox": {
        "x_min": 33,
        "y_min": 117,
        "x_max": 102,
        "y_max": 177
      }
    }
  ],
  "relations": [
    {
      "subject_id": 0,
      "object_id": 1,
      "relation": "right_of",
      "explicit": true
    },
    {
      "subject_id": 0,
      "object_id": 2,
      "relation": "below",
      "explicit": false
    },
    {
      "subject_id": 1,
      "object_id": 2,
      "relation": "left_of",
      "explicit": false
    }
  ]
}