{
  "image_id": 725,
  "image_filename": "image_00725.png",
  "num_entities": 4,
  "entities": [
    {
      "id": 0,
      "shape": "rectangle",
      "size": "large",
      "color": "cyan",
      "center": [
        73,
        100
      ],
      "bbox": {
        "x_min": 53,
        "y_min": 70,
        "x_max": 93,
        "y_max": 130
      }
    },
    {
      "id": 1,
      "shape": "triangle",
      "size": "medium",
      "color": "yellow",
      "center": [
        143,
        164
      ],
      "bbox": {
        "x_min": 117,
        "y_min": 134,
        "x_max": 168,
        "y_max": 179
      }
    },
    {
      "id": 2,
      "shape": "triangle",
      "size": "medium",
      "color": "purple",
      "center": [
        173,
        84
      ],
      "bbox": {
        "x_min": 147,
        "y_min": 54,
        "x_max": 198,
        "y_max": 99
      }
    },
    {
      "id": 3,
      "shape": "circle",
      "size": "small",
      "color": "green",
      "center": [
        64,
        173
      ],
      "bbox": {
        "x_min": 44,
        "y_min": 153,
        "x_max": 84,
        "y_max": 193
      }
    }
  ],
  "relations": [
    {
      "subject_id": 0,
      "object_id": 1,
      "relation": "right_of",
      "explicit": false
    },
    {
      "subject_id": 0,
      "object_id": 2,
      "relation": "right_of",
      "explicit": true
    },
    {
      "subject_id": 0,
      "object_id": 3,
      "relation": "below",
      "explicit": true
    },
    {
      "subject_id": 1,
      "object_id": 2,
      "relation": "above",
      "explicit": false
    },
    {
      "subject_id": 1,
      "object_id": 3,
      "relation": "left_of",
      "explicit": false
    },
    {
      "subject_id": 2,
      "object_id": 3,
      "relation": "left_of",
      "explicit": true
    }
  ]
}