{
  "image_id": 857,
  "image_filename": "image_00857.png",
  "num_entities": 2,
  "entities": [
    {
      "id": 0,
      "shape": "circle",
      "size": "large",
      "color": "orange",
      "center": [
        158,
        164
      ],
      "bbox": {
        "x_min": 118,
        "y_min": 124,
        "x_max": 198,
        "y_max": 204
      }
    },
    {
      "id": 1,
      "shape": "square",
      "size": "small",
      "color": "yellow",
      "center": [
        143,
        79
      ],
      "bbox": {
        "x_min": 123,
        "y_min": 59,
        "x_max": 163,
        "y_max": 99
      }
    }
  ],
  "relations": [
    {
      "subject_id": 0,
      "object_id": 1,
      "relation": "above",
      "explicit": true
    }
  ]
}