{
  "image_id": 191,
  "image_filename": "image_00191.png",
  "num_entities": 4,
  "entities": [
    {
      "id": 0,
      "shape": "square",
      "size": "small",
      "color": "orange",
      "center": [
        172,
        160
      ],
      "bbox": {
        "x_min": 152,
        "y_min": 140,
        "x_max": 192,
        "y_max": 180
      }
    },
    {
      "id": 1,
      "shape": "circle",
      "size": "medium",
      "color": "blue",
      "center": [
        68,
        174
      ],
      "bbox": {
        "x_min": 38,
        "y_min": 144,
        "x_max": 98,
        "y_max": 204
      }
    },
    {
      "id": 2,
      "shape": "circle",
      "size": "large",
      "color": "blue",
      "center": [
        89,
        54
      ],
      "bbox": {
        "x_min": 49,
        "y_min": 14,
        "x_max": 129,
        "y_max": 94
      }
    },
    {
      "id": 3,
      "shape": "circle",
      "size": "small",
      "color": "orange",
      "center": [
        170,
        68
      ],
      "bbox": {
        "x_min": 150,
        "y_min": 48,
        "x_max": 190,
        "y_max": 88
      }
    }
  ],
  "relations": [
    {
      "subject_id": 0,
      "object_id": 1,
      "relation": "left_of",
      "explicit": true
    },
    {
      "subject_id": 0,
      "object_id": 2,
      "relation": "above",
      "explicit": true
    },
    {
      "subject_id": 0,
      "object_id": 3,
      "relation": "above",
      "explicit": false
    },
    {
      "subject_id": 1,
      "object_id": 2,
      "relation": "above",
      "explicit": false
    },
    {
      "subject_id": 1,
      "object_id": 3,
      "relation": "above",
      "explicit": false
    },
    {
      "subject_id": 2,
      "object_id": 3,
      "relation": "right_of",
      "explicit": false
    }
  ]
}