{
  "image_id": 423,
  "image_filename": "image_00423.png",
  "num_entities": 2,
  "entities": [
    {
      "id": 0,
      "shape": "rectangle",
      "size": "large",
      "color": "purple",
      "center": [
        85,
        139
      ],
      "bbox": {
        "x_min": 65,
        "y_min": 109,
        "x_max": 105,
        "y_max": 169
      }
    },
    {
      "id": 1,
      "shape": "circle",
      "size": "large",
      "color": "yellow",
      "center": [
        169,
        74
      ],
      "bbox": {
        "x_min": 129,
        "y_min": 34,
        "x_max": 209,
        "y_max": 114
      }
    }
  ],
  "relations": [
    {
      "subject_id": 0,
      "object_id": 1,
      "relation": "right_of",
      "explicit": true
    }
  ]
}