{
  "image_id": 637,
  "image_filename": "image_00637.png",
  "num_entities": 4,
  "entities": [
    {
      "id": 0,
      "shape": "rectangle",
      "size": "small",
      "color": "orange",
      "center": [
        73,
        126
      ],
      "bbox": {
        "x_min": 63,
        "y_min": 111,
        "x_max": 83,
        "y_max": 141
      }
    },
    {
      "id": 1,
      "shape": "circle",
      "size": "small",
      "color": "yellow",
      "center": [
        146,
        150
      ],
      "bbox": {
        "x_min": 126,
        "y_min": 130,
        "x_max": 166,
        "y_max": 170
      }
    },
    {
      "id": 2,
      "shape": "square",
      "size": "medium",
      "color": "orange",
      "center": [
        118,
        85
      ],
      "bbox": {
        "x_min": 88,
        "y_min": 55,
        "x_max": 148,
        "y_max": 115
      }
    },
    {
      "id": 3,
      "shape": "triangle",
      "size": "small",
      "color": "orange",
      "center": [
        58,
        73
      ],
      "bbox": {
        "x_min": 40,
        "y_min": 53,
        "x_max": 75,
        "y_max": 83
      }
    }
  ],
  "relations": [
    {
      "subject_id": 0,
      "object_id": 1,
      "relation": "right_of",
      "explicit": true
    },
    {
      "subject_id": 0,
      "object_id": 2,
      "relation": "right_of",
      "explicit": true
    },
    {
      "subject_id": 0,
      "object_id": 3,
      "relation": "above",
      "explicit": false
    },
    {
      "subject_id": 1,
      "object_id": 2,
      "relation": "above",
      "explicit": true
    },
    {
      "subject_id": 1,
      "object_id": 3,
      "relation": "left_of",
      "explicit": false
    },
    {
      "subject_id": 2,
      "object_id": 3,
      "relation": "left_of",
      "explicit": false
    }
  ]
}