{
  "image_id": 955,
  "image_filename": "image_00955.png",
  "num_entities": 3,
  "entities": [
    {
      "id": 0,
      "shape": "circle",
      "size": "large",
      "color": "magenta",
      "center": [
        159,
        97
      ],
      "bbox": {
        "x_min": 119,
        "y_min": 57,
        "x_max": 199,
        "y_max": 137
      }
    },
    {
      "id": 1,
      "shape": "square",
      "size": "medium",
      "color": "blue",
      "center": [
        60,
        92
      ],
      "bbox": {
        "x_min": 30,
        "y_min": 62,
        "x_max": 90,
        "y_max": 122
      }
    },
    {
      "id": 2,
      "shape": "square",
      "size": "medium",
      "color": "blue",
      "center": [
        80,
        163
      ],
      "bbox": {
        "x_min": 50,
        "y_min": 133,
        "x_max": 110,
        "y_max": 193
      }
    }
  ],
  "relations": [
    {
      "subject_id": 0,
      "object_id": 1,
      "relation": "left_of",
      "explicit": true
    },
    {
      "subject_id": 0,
      "object_id": 2,
      "relation": "left_of",
      "explicit": false
    },
    {
      "subject_id": 1,
      "object_id": 2,
      "relation": "below",
      "explicit": true
    }
  ]
}