{
  "image_id": 504,
  "image_filename": "image_00504.png",
  "num_entities": 3,
  "entities": [
    {
      "id": 0,
      "shape": "circle",
      "size": "large",
      "color": "blue",
      "center": [
        77,
        130
      ],
      "bbox": {
        "x_min": 37,
        "y_min": 90,
        "x_max": 117,
        "y_max": 170
      }
    },
    {
      "id": 1,
      "shape": "rectangle",
      "size": "small",
      "color": "blue",
      "center": [
        149,
        100
      ],
      "bbox": {
        "x_min": 139,
        "y_min": 85,
        "x_max": 159,
        "y_max": 115
      }
    },
    {
      "id": 2,
      "shape": "square",
      "size": "large",
      "color": "cyan",
      "center": [
        160,
        172
      ],
      "bbox": {
        "x_min": 120,
        "y_min": 132,
        "x_max": 200,
        "y_max": 212
      }
    }
  ],
  "relations": [
    {
      "subject_id": 0,
      "object_id": 1,
      "relation": "right_of",
      "explicit": true
    },
    {
      "subject_id": 0,
      "object_id": 2,
      "relation": "right_of",
      "explicit": true
    },
    {
      "subject_id": 1,
      "object_id": 2,
      "relation": "below",
      "explicit": true
    }
  ]
}