{
  "image_id": 620,
  "image_filename": "image_00620.png",
  "num_entities": 3,
  "entities": [
    {
      "id": 0,
      "shape": "triangle",
      "size": "large",
      "color": "red",
      "center": [
        63,
        77
      ],
      "bbox": {
        "x_min": 28,
        "y_min": 37,
        "x_max": 97,
        "y_max": 97
      }
    },
    {
      "id": 1,
      "shape": "square",
      "size": "large",
      "color": "blue",
      "center": [
        161,
        114
      ],
      "bbox": {
        "x_min": 121,
        "y_min": 74,
        "x_max": 201,
        "y_max": 154
      }
    },
    {
      "id": 2,
      "shape": "circle",
      "size": "large",
      "color": "red",
      "center": [
        55,
        172
      ],
      "bbox": {
        "x_min": 15,
        "y_min": 132,
        "x_max": 95,
        "y_max": 212
      }
    }
  ],
  "relations": [
    {
      "subject_id": 0,
      "object_id": 1,
      "relation": "right_of",
      "explicit": false
    },
    {
      "subject_id": 0,
      "object_id": 2,
      "relation": "below",
      "explicit": false
    },
    {
      "subject_id": 1,
      "object_id": 2,
      "relation": "left_of",
      "explicit": true
    }
  ]
}