{
  "image_id": 359,
  "image_filename": "image_00359.png",
  "num_entities": 2,
  "entities": [
    {
      "id": 0,
      "shape": "circle",
      "size": "large",
      "color": "orange",
      "center": [
        170,
        113
      ],
      "bbox": {
        "x_min": 130,
        "y_min": 73,
        "x_max": 210,
        "y_max": 153
      }
    },
    {
      "id": 1,
      "shape": "circle",
      "size": "small",
      "color": "purple",
      "center": [
        73,
        105
      ],
      "bbox": {
        "x_min": 53,
        "y_min": 85,
        "x_max": 93,
        "y_max": 125
      }
    }
  ],
  "relations": [
    {
      "subject_id": 0,
      "object_id": 1,
      "relation": "left_of",
      "explicit": false
    }
  ]
}