{
  "image_id": 751,
  "image_filename": "image_00751.png",
  "num_entities": 4,
  "entities": [
    {
      "id": 0,
      "shape": "triangle",
      "size": "medium",
      "color": "cyan",
      "center": [
        146,
        132
      ],
      "bbox": {
        "x_min": 120,
        "y_min": 102,
        "x_max": 171,
        "y_max": 147
      }
    },
    {
      "id": 1,
      "shape": "circle",
      "size": "medium",
      "color": "cyan",
      "center": [
        80,
        95
      ],
      "bbox": {
        "x_min": 50,
        "y_min": 65,
        "x_max": 110,
        "y_max": 125
      }
    },
    {
      "id": 2,
      "shape": "rectangle",
      "size": "small",
      "color": "blue",
      "center": [
        153,
        59
      ],
      "bbox": {
        "x_min": 143,
        "y_min": 44,
        "x_max": 163,
        "y_max": 74
      }
    },
    {
      "id": 3,
      "shape": "square",
      "size": "small",
      "color": "orange",
      "center": [
        77,
        160
      ],
      "bbox": {
        "x_min": 57,
        "y_min": 140,
        "x_max": 97,
        "y_max": 180
      }
    }
  ],
  "relations": [
    {
      "subject_id": 0,
      "object_id": 1,
      "relation": "left_of",
      "explicit": false
    },
    {
      "subject_id": 0,
      "object_id": 2,
      "relation": "above",
      "explicit": true
    },
    {
      "subject_id": 0,
      "object_id": 3,
      "relation": "left_of",
      "explicit": false
    },
    {
      "subject_id": 1,
      "object_id": 2,
      "relation": "right_of",
      "explicit": false
    },
    {
      "subject_id": 1,
      "object_id": 3,
      "relation": "below",
      "explicit": false
    },
    {
      "subject_id": 2,
      "object_id": 3,
      "relation": "below",
      "explicit": false
    }
  ]
}