{
  "image_id": 529,
  "image_filename": "image_00529.png",
  "num_entities": 2,
  "entities": [
    {
      "id": 0,
      "shape": "square",
      "size": "large",
      "color": "magenta",
      "center": [
        59,
        110
      ],
      "bbox": {
        "x_min": 19,
        "y_min": 70,
        "x_max": 99,
        "y_max": 150
      }
    },
    {
      "id": 1,
      "shape": "triangle",
      "size": "large",
      "color": "cyan",
      "center": [
        135,
        174
      ],
      "bbox": {
        "x_min": 100,
        "y_min": 134,
        "x_max": 169,
        "y_max": 194
      }
    }
  ],
  "relations": [
    {
      "subject_id": 0,
      "object_id": 1,
      "relation": "right_of",
      "explicit": true
    }
  ]
}