{
  "image_id": 365,
  "image_filename": "image_00365.png",
  "num_entities": 4,
  "entities": [
    {
      "id": 0,
      "shape": "circle",
      "size": "large",
      "color": "magenta",
      "center": [
        69,
        86
      ],
      "bbox": {
        "x_min": 29,
        "y_min": 46,
        "x_max": 109,
        "y_max": 126
      }
    },
    {
      "id": 1,
      "shape": "triangle",
      "size": "small",
      "color": "yellow",
      "center": [
        153,
        88
      ],
      "bbox": {
        "x_min": 135,
        "y_min": 68,
        "x_max": 170,
        "y_max": 98
      }
    },
    {
      "id": 2,
      "shape": "circle",
      "size": "medium",
      "color": "green",
      "center": [
        137,
        150
      ],
      "bbox": {
        "x_min": 107,
        "y_min": 120,
        "x_max": 167,
        "y_max": 180
      }
    },
    {
      "id": 3,
      "shape": "triangle",
      "size": "small",
      "color": "purple",
      "center": [
        58,
        165
      ],
      "bbox": {
        "x_min": 40,
        "y_min": 145,
        "x_max": 75,
        "y_max": 175
      }
    }
  ],
  "relations": [
    {
      "subject_id": 0,
      "object_id": 1,
      "relation": "right_of",
      "explicit": false
    },
    {
      "subject_id": 0,
      "object_id": 2,
      "relation": "right_of",
      "explicit": false
    },
    {
      "subject_id": 0,
      "object_id": 3,
      "relation": "below",
      "explicit": true
    },
    {
      "subject_id": 1,
      "object_id": 2,
      "relation": "below",
      "explicit": false
    },
    {
      "subject_id": 1,
      "object_id": 3,
      "relation": "left_of",
      "explicit": false
    },
    {
      "subject_id": 2,
      "object_id": 3,
      "relation": "left_of",
      "explicit": false
    }
  ]
}