{
  "image_id": 214,
  "image_filename": "image_00214.png",
  "num_entities": 2,
  "entities": [
    {
      "id": 0,
      "shape": "triangle",
      "size": "large",
      "color": "magenta",
      "center": [
        86,
        137
      ],
      "bbox": {
        "x_min": 51,
        "y_min": 97,
        "x_max": 120,
        "y_max": 157
      }
    },
    {
      "id": 1,
      "shape": "square",
      "size": "large",
      "color": "cyan",
      "center": [
        163,
        83
      ],
      "bbox": {
        "x_min": 123,
        "y_min": 43,
        "x_max": 203,
        "y_max": 123
      }
    }
  ],
  "relations": [
    {
      "subject_id": 0,
      "object_id": 1,
      "relation": "right_of",
      "explicit": false
    }
  ]
}