{
  "image_id": 682,
  "image_filename": "image_00682.png",
  "num_entities": 3,
  "entities": [
    {
      "id": 0,
      "shape": "circle",
      "size": "large",
      "color": "green",
      "center": [
        160,
        172
      ],
      "bbox": {
        "x_min": 120,
        "y_min": 132,
        "x_max": 200,
        "y_max": 212
      }
    },
    {
      "id": 1,
      "shape": "triangle",
      "size": "large",
      "color": "yellow",
      "center": [
        77,
        88
      ],
      "bbox": {
        "x_min": 42,
        "y_min": 48,
        "x_max": 111,
        "y_max": 108
      }
    },
    {
      "id": 2,
      "shape": "square",
      "size": "large",
      "color": "red",
      "center": [
        165,
        68
      ],
      "bbox": {
        "x_min": 125,
        "y_min": 28,
        "x_max": 205,
        "y_max": 108
      }
    }
  ],
  "relations": [
    {
      "subject_id": 0,
      "object_id": 1,
      "relation": "above",
      "explicit": false
    },
    {
      "subject_id": 0,
      "object_id": 2,
      "relation": "above",
      "explicit": false
    },
    {
      "subject_id": 1,
      "object_id": 2,
      "relation": "right_of",
      "explicit": false
    }
  ]
}