{
  "image_id": 370,
  "image_filename": "image_00370.png",
  "num_entities": 3,
  "entities": [
    {
      "id": 0,
      "shape": "square",
      "size": "large",
      "color": "blue",
      "center": [
        68,
        95
      ],
      "bbox": {
        "x_min": 28,
        "y_min": 55,
        "x_max": 108,
        "y_max": 135
      }
    },
    {
      "id": 1,
      "shape": "triangle",
      "size": "small",
      "color": "red",
      "center": [
        153,
        76
      ],
      "bbox": {
        "x_min": 135,
        "y_min": 56,
        "x_max": 170,
        "y_max": 86
      }
    },
    {
      "id": 2,
      "shape": "triangle",
      "size": "medium",
      "color": "purple",
      "center": [
        131,
        174
      ],
      "bbox": {
        "x_min": 105,
        "y_min": 144,
        "x_max": 156,
        "y_max": 189
      }
    }
  ],
  "relations": [
    {
      "subject_id": 0,
      "object_id": 1,
      "relation": "right_of",
      "explicit": false
    },
    {
      "subject_id": 0,
      "object_id": 2,
      "relation": "below",
      "explicit": false
    },
    {
      "subject_id": 1,
      "object_id": 2,
      "relation": "below",
      "explicit": true
    }
  ]
}