{
  "image_id": 70,
  "image_filename": "image_00070.png",
  "num_entities": 3,
  "entities": [
    {
      "id": 0,
      "shape": "rectangle",
      "size": "large",
      "color": "yellow",
      "center": [
        79,
        76
      ],
      "bbox": {
        "x_min": 59,
        "y_min": 46,
        "x_max": 99,
        "y_max": 106
      }
    },
    {
      "id": 1,
      "shape": "rectangle",
      "size": "medium",
      "color": "cyan",
      "center": [
        161,
        88
      ],
      "bbox": {
        "x_min": 146,
        "y_min": 66,
        "x_max": 176,
        "y_max": 110
      }
    },
    {
      "id": 2,
      "shape": "circle",
      "size": "medium",
      "color": "orange",
      "center": [
        69,
        167
      ],
      "bbox": {
        "x_min": 39,
        "y_min": 137,
        "x_max": 99,
        "y_max": 197
      }
    }
  ],
  "relations": [
    {
      "subject_id": 0,
      "object_id": 1,
      "relation": "right_of",
      "explicit": false
    },
    {
      "subject_id": 0,
      "object_id": 2,
      "relation": "below",
      "explicit": true
    },
    {
      "subject_id": 1,
      "object_id": 2,
      "relation": "left_of",
      "explicit": false
    }
  ]
}