{
  "image_id": 628,
  "image_filename": "image_00628.png",
  "num_entities": 3,
  "entities": [
    {
      "id": 0,
      "shape": "triangle",
      "size": "medium",
      "color": "blue",
      "center": [
        119,
        97
      ],
      "bbox": {
        "x_min": 93,
        "y_min": 67,
        "x_max": 144,
        "y_max": 112
      }
    },
    {
      "id": 1,
      "shape": "triangle",
      "size": "medium",
      "color": "yellow",
      "center": [
        174,
        142
      ],
      "bbox": {
        "x_min": 148,
        "y_min": 112,
        "x_max": 199,
        "y_max": 157
      }
    },
    {
      "id": 2,
      "shape": "rectangle",
      "size": "medium",
      "color": "red",
      "center": [
        62,
        158
      ],
      "bbox": {
        "x_min": 47,
        "y_min": 136,
        "x_max": 77,
        "y_max": 180
      }
    }
  ],
  "relations": [
    {
      "subject_id": 0,
      "object_id": 1,
      "relation": "right_of",
      "explicit": true
    },
    {
      "subject_id": 0,
      "object_id": 2,
      "relation": "below",
      "explicit": false
    },
    {
      "subject_id": 1,
      "object_id": 2,
      "relation": "left_of",
      "explicit": true
    }
  ]
}