{
  "image_id": 513,
  "image_filename": "image_00513.png",
  "num_entities": 4,
  "entities": [
    {
      "id": 0,
      "shape": "circle",
      "size": "small",
      "color": "magenta",
      "center": [
        64,
        90
      ],
      "bbox": {
        "x_min": 44,
        "y_min": 70,
        "x_max": 84,
        "y_max": 110
      }
    },
    {
      "id": 1,
      "shape": "rectangle",
      "size": "large",
      "color": "yellow",
      "center": [
        171,
        151
      ],
      "bbox": {
        "x_min": 151,
        "y_min": 121,
        "x_max": 191,
        "y_max": 181
      }
    },
    {
      "id": 2,
      "shape": "circle",
      "size": "large",
      "color": "red",
      "center": [
        140,
        58
      ],
      "bbox": {
        "x_min": 100,
        "y_min": 18,
        "x_max": 180,
        "y_max": 98
      }
    },
    {
      "id": 3,
      "shape": "circle",
      "size": "small",
      "color": "orange",
      "center": [
        64,
        147
      ],
      "bbox": {
        "x_min": 44,
        "y_min": 127,
        "x_max": 84,
        "y_max": 167
      }
    }
  ],
  "relations": [
    {
      "subject_id": 0,
      "object_id": 1,
      "relation": "right_of",
      "explicit": true
    },
    {
      "subject_id": 0,
      "object_id": 2,
      "relation": "right_of",
      "explicit": true
    },
    {
      "subject_id": 0,
      "object_id": 3,
      "relation": "below",
      "explicit": false
    },
    {
      "subject_id": 1,
      "object_id": 2,
      "relation": "above",
      "explicit": false
    },
    {
      "subject_id": 1,
      "object_id": 3,
      "relation": "left_of",
      "explicit": false
    },
    {
      "subject_id": 2,
      "object_id": 3,
      "relation": "below",
      "explicit": true
    }
  ]
}