{
  "image_id": 874,
  "image_filename": "image_00874.png",
  "num_entities": 3,
  "entities": [
    {
      "id": 0,
      "shape": "square",
      "size": "small",
      "color": "red",
      "center": [
        123,
        167
      ],
      "bbox": {
        "x_min": 103,
        "y_min": 147,
        "x_max": 143,
        "y_max": 187
      }
    },
    {
      "id": 1,
      "shape": "square",
      "size": "large",
      "color": "magenta",
      "center": [
        59,
        133
      ],
      "bbox": {
        "x_min": 19,
        "y_min": 93,
        "x_max": 99,
        "y_max": 173
      }
    },
    {
      "id": 2,
      "shape": "circle",
      "size": "large",
      "color": "orange",
      "center": [
        160,
        78
      ],
      "bbox": {
        "x_min": 120,
        "y_min": 38,
        "x_max": 200,
        "y_max": 118
      }
    }
  ],
  "relations": [
    {
      "subject_id": 0,
      "object_id": 1,
      "relation": "left_of",
      "explicit": false
    },
    {
      "subject_id": 0,
      "object_id": 2,
      "relation": "above",
      "explicit": true
    },
    {
      "subject_id": 1,
      "object_id": 2,
      "relation": "right_of",
      "explicit": false
    }
  ]
}