{
  "image_id": 560,
  "image_filename": "image_00560.png",
  "num_entities": 3,
  "entities": [
    {
      "id": 0,
      "shape": "square",
      "size": "large",
      "color": "red",
      "center": [
        170,
        55
      ],
      "bbox": {
        "x_min": 130,
        "y_min": 15,
        "x_max": 210,
        "y_max": 95
      }
    },
    {
      "id": 1,
      "shape": "triangle",
      "size": "large",
      "color": "yellow",
      "center": [
        105,
        157
      ],
      "bbox": {
        "x_min": 70,
        "y_min": 117,
        "x_max": 139,
        "y_max": 177
      }
    },
    {
      "id": 2,
      "shape": "triangle",
      "size": "small",
      "color": "orange",
      "center": [
        71,
        77
      ],
      "bbox": {
        "x_min": 53,
        "y_min": 57,
        "x_max": 88,
        "y_max": 87
      }
    }
  ],
  "relations": [
    {
      "subject_id": 0,
      "object_id": 1,
      "relation": "below",
      "explicit": false
    },
    {
      "subject_id": 0,
      "object_id": 2,
      "relation": "left_of",
      "explicit": true
    },
    {
      "subject_id": 1,
      "object_id": 2,
      "relation": "above",
      "explicit": true
    }
  ]
}