{
  "image_id": 890,
  "image_filename": "image_00890.png",
  "num_entities": 4,
  "entities": [
    {
      "id": 0,
      "shape": "circle",
      "size": "small",
      "color": "green",
      "center": [
        110,
        160
      ],
      "bbox": {
        "x_min": 90,
        "y_min": 140,
        "x_max": 130,
        "y_max": 180
      }
    },
    {
      "id": 1,
      "shape": "rectangle",
      "size": "medium",
      "color": "magenta",
      "center": [
        127,
        77
      ],
      "bbox": {
        "x_min": 112,
        "y_min": 55,
        "x_max": 142,
        "y_max": 99
      }
    },
    {
      "id": 2,
      "shape": "triangle",
      "size": "small",
      "color": "magenta",
      "center": [
        68,
        96
      ],
      "bbox": {
        "x_min": 50,
        "y_min": 76,
        "x_max": 85,
        "y_max": 106
      }
    },
    {
      "id": 3,
      "shape": "rectangle",
      "size": "small",
      "color": "red",
      "center": [
        173,
        142
      ],
      "bbox": {
        "x_min": 163,
        "y_min": 127,
        "x_max": 183,
        "y_max": 157
      }
    }
  ],
  "relations": [
    {
      "subject_id": 0,
      "object_id": 1,
      "relation": "above",
      "explicit": true
    },
    {
      "subject_id": 0,
      "object_id": 2,
      "relation": "above",
      "explicit": true
    },
    {
      "subject_id": 0,
      "object_id": 3,
      "relation": "right_of",
      "explicit": false
    },
    {
      "subject_id": 1,
      "object_id": 2,
      "relation": "left_of",
      "explicit": false
    },
    {
      "subject_id": 1,
      "object_id": 3,
      "relation": "below",
      "explicit": false
    },
    {
      "subject_id": 2,
      "object_id": 3,
      "relation": "right_of",
      "explicit": false
    }
  ]
}