{
  "image_id": 185,
  "image_filename": "image_00185.png",
  "num_entities": 2,
  "entities": [
    {
      "id": 0,
      "shape": "rectangle",
      "size": "large",
      "color": "yellow",
      "center": [
        168,
        149
      ],
      "bbox": {
        "x_min": 148,
        "y_min": 119,
        "x_max": 188,
        "y_max": 179
      }
    },
    {
      "id": 1,
      "shape": "circle",
      "size": "medium",
      "color": "yellow",
      "center": [
        50,
        79
      ],
      "bbox": {
        "x_min": 20,
        "y_min": 49,
        "x_max": 80,
        "y_max": 109
      }
    }
  ],
  "relations": [
    {
      "subject_id": 0,
      "object_id": 1,
      "relation": "left_of",
      "explicit": true
    }
  ]
}