{
  "image_id": 459,
  "image_filename": "image_00459.png",
  "num_entities": 2,
  "entities": [
    {
      "id": 0,
      "shape": "circle",
      "size": "small",
      "color": "magenta",
      "center": [
        174,
        62
      ],
      "bbox": {
        "x_min": 154,
        "y_min": 42,
        "x_max": 194,
        "y_max": 82
      }
    },
    {
      "id": 1,
      "shape": "triangle",
      "size": "small",
      "color": "purple",
      "center": [
        70,
        98
      ],
      "bbox": {
        "x_min": 52,
        "y_min": 78,
        "x_max": 87,
        "y_max": 108
      }
    }
  ],
  "relations": [
    {
      "subject_id": 0,
      "object_id": 1,
      "relation": "left_of",
      "explicit": true
    }
  ]
}