{
  "image_id": 572,
  "image_filename": "image_00572.png",
  "num_entities": 2,
  "entities": [
    {
      "id": 0,
      "shape": "circle",
      "size": "medium",
      "color": "yellow",
      "center": [
        108,
        133
      ],
      "bbox": {
        "x_min": 78,
        "y_min": 103,
        "x_max": 138,
        "y_max": 163
      }
    },
    {
      "id": 1,
      "shape": "square",
      "size": "medium",
      "color": "green",
      "center": [
        77,
        65
      ],
      "bbox": {
        "x_min": 47,
        "y_min": 35,
        "x_max": 107,
        "y_max": 95
      }
    }
  ],
  "relations": [
    {
      "subject_id": 0,
      "object_id": 1,
      "relation": "above",
      "explicit": true
    }
  ]
}