{
  "image_id": 115,
  "image_filename": "image_00115.png",
  "num_entities": 4,
  "entities": [
    {
      "id": 0,
      "shape": "rectangle",
      "size": "large",
      "color": "cyan",
      "center": [
        162,
        154
      ],
      "bbox": {
        "x_min": 142,
        "y_min": 124,
        "x_max": 182,
        "y_max": 184
      }
    },
    {
      "id": 1,
      "shape": "circle",
      "size": "medium",
      "color": "red",
      "center": [
        53,
        77
      ],
      "bbox": {
        "x_min": 23,
        "y_min": 47,
        "x_max": 83,
        "y_max": 107
      }
    },
    {
      "id": 2,
      "shape": "triangle",
      "size": "medium",
      "color": "cyan",
      "center": [
        82,
        172
      ],
      "bbox": {
        "x_min": 56,
        "y_min": 142,
        "x_max": 107,
        "y_max": 187
      }
    },
    {
      "id": 3,
      "shape": "triangle",
      "size": "medium",
      "color": "magenta",
      "center": [
        127,
        54
      ],
      "bbox": {
        "x_min": 101,
        "y_min": 24,
        "x_max": 152,
        "y_max": 69
      }
    }
  ],
  "relations": [
    {
      "subject_id": 0,
      "object_id": 1,
      "relation": "left_of",
      "explicit": true
    },
    {
      "subject_id": 0,
      "object_id": 2,
      "relation": "left_of",
      "explicit": false
    },
    {
      "subject_id": 0,
      "object_id": 3,
      "relation": "above",
      "explicit": false
    },
    {
      "subject_id": 1,
      "object_id": 2,
      "relation": "below",
      "explicit": false
    },
    {
      "subject_id": 1,
      "object_id": 3,
      "relation": "right_of",
      "explicit": true
    },
    {
      "subject_id": 2,
      "object_id": 3,
      "relation": "above",
      "explicit": false
    }
  ]
}