{
  "image_id": 993,
  "image_filename": "image_00993.png",
  "num_entities": 2,
  "entities": [
    {
      "id": 0,
      "shape": "rectangle",
      "size": "large",
      "color": "magenta",
      "center": [
        94,
        88
      ],
      "bbox": {
        "x_min": 74,
        "y_min": 58,
        "x_max": 114,
        "y_max": 118
      }
    },
    {
      "id": 1,
      "shape": "circle",
      "size": "medium",
      "color": "orange",
      "center": [
        172,
        139
      ],
      "bbox": {
        "x_min": 142,
        "y_min": 109,
        "x_max": 202,
        "y_max": 169
      }
    }
  ],
  "relations": [
    {
      "subject_id": 0,
      "object_id": 1,
      "relation": "right_of",
      "explicit": true
    }
  ]
}