{
  "image_id": 711,
  "image_filename": "image_00711.png",
  "num_entities": 3,
  "entities": [
    {
      "id": 0,
      "shape": "rectangle",
      "size": "medium",
      "color": "yellow",
      "center": [
        100,
        107
      ],
      "bbox": {
        "x_min": 85,
        "y_min": 85,
        "x_max": 115,
        "y_max": 129
      }
    },
    {
      "id": 1,
      "shape": "rectangle",
      "size": "large",
      "color": "yellow",
      "center": [
        170,
        64
      ],
      "bbox": {
        "x_min": 150,
        "y_min": 34,
        "x_max": 190,
        "y_max": 94
      }
    },
    {
      "id": 2,
      "shape": "rectangle",
      "size": "large",
      "color": "red",
      "center": [
        171,
        166
      ],
      "bbox": {
        "x_min": 151,
        "y_min": 136,
        "x_max": 191,
        "y_max": 196
      }
    }
  ],
  "relations": [
    {
      "subject_id": 0,
      "object_id": 1,
      "relation": "right_of",
      "explicit": false
    },
    {
      "subject_id": 0,
      "object_id": 2,
      "relation": "right_of",
      "explicit": false
    },
    {
      "subject_id": 1,
      "object_id": 2,
      "relation": "below",
      "explicit": true
    }
  ]
}