{
  "image_id": 492,
  "image_filename": "image_00492.png",
  "num_entities": 2,
  "entities": [
    {
      "id": 0,
      "shape": "rectangle",
      "size": "small",
      "color": "magenta",
      "center": [
        50,
        158
      ],
      "bbox": {
        "x_min": 40,
        "y_min": 143,
        "x_max": 60,
        "y_max": 173
      }
    },
    {
      "id": 1,
      "shape": "triangle",
      "size": "small",
      "color": "cyan",
      "center": [
        147,
        57
      ],
      "bbox": {
        "x_min": 129,
        "y_min": 37,
        "x_max": 164,
        "y_max": 67
      }
    }
  ],
  "relations": [
    {
      "subject_id": 0,
      "object_id": 1,
      "relation": "above",
      "explicit": false
    }
  ]
}