{
  "image_id": 760,
  "image_filename": "image_00760.png",
  "num_entities": 3,
  "entities": [
    {
      "id": 0,
      "shape": "square",
      "size": "small",
      "color": "blue",
      "center": [
        168,
        136
      ],
      "bbox": {
        "x_min": 148,
        "y_min": 116,
        "x_max": 188,
        "y_max": 156
      }
    },
    {
      "id": 1,
      "shape": "square",
      "size": "small",
      "color": "red",
      "center": [
        110,
        62
      ],
      "bbox": {
        "x_min": 90,
        "y_min": 42,
        "x_max": 130,
        "y_max": 82
      }
    },
    {
      "id": 2,
      "shape": "square",
      "size": "large",
      "color": "cyan",
      "center": [
        51,
        123
      ],
      "bbox": {
        "x_min": 11,
        "y_min": 83,
        "x_max": 91,
        "y_max": 163
      }
    }
  ],
  "relations": [
    {
      "subject_id": 0,
      "object_id": 1,
      "relation": "above",
      "explicit": false
    },
    {
      "subject_id": 0,
      "object_id": 2,
      "relation": "left_of",
      "explicit": false
    },
    {
      "subject_id": 1,
      "object_id": 2,
      "relation": "below",
      "explicit": false
    }
  ]
}