{
  "image_id": 62,
  "image_filename": "image_00062.png",
  "num_entities": 4,
  "entities": [
    {
      "id": 0,
      "shape": "square",
      "size": "large",
      "color": "blue",
      "center": [
        56,
        148
      ],
      "bbox": {
        "x_min": 16,
        "y_min": 108,
        "x_max": 96,
        "y_max": 188
      }
    },
    {
      "id": 1,
      "shape": "circle",
      "size": "medium",
      "color": "cyan",
      "center": [
        148,
        90
      ],
      "bbox": {
        "x_min": 118,
        "y_min": 60,
        "x_max": 178,
        "y_max": 120
      }
    },
    {
      "id": 2,
      "shape": "circle",
      "size": "large",
      "color": "cyan",
      "center": [
        166,
        171
      ],
      "bbox": {
        "x_min": 126,
        "y_min": 131,
        "x_max": 206,
        "y_max": 211
      }
    },
    {
      "id": 3,
      "shape": "square",
      "size": "small",
      "color": "yellow",
      "center": [
        86,
        80
      ],
      "bbox": {
        "x_min": 66,
        "y_min": 60,
        "x_max": 106,
        "y_max": 100
      }
    }
  ],
  "relations": [
    {
      "subject_id": 0,
      "object_id": 1,
      "relation": "right_of",
      "explicit": false
    },
    {
      "subject_id": 0,
      "object_id": 2,
      "relation": "right_of",
      "explicit": true
    },
    {
      "subject_id": 0,
      "object_id": 3,
      "relation": "above",
      "explicit": true
    },
    {
      "subject_id": 1,
      "object_id": 2,
      "relation": "below",
      "explicit": true
    },
    {
      "subject_id": 1,
      "object_id": 3,
      "relation": "left_of",
      "explicit": false
    },
    {
      "subject_id": 2,
      "object_id": 3,
      "relation": "above",
      "explicit": true
    }
  ]
}