{
  "image_id": 383,
  "image_filename": "image_00383.png",
  "num_entities": 4,
  "entities": [
    {
      "id": 0,
      "shape": "rectangle",
      "size": "small",
      "color": "blue",
      "center": [
        146,
        104
      ],
      "bbox": {
        "x_min": 136,
        "y_min": 89,
        "x_max": 156,
        "y_max": 119
      }
    },
    {
      "id": 1,
      "shape": "triangle",
      "size": "medium",
      "color": "cyan",
      "center": [
        51,
        153
      ],
      "bbox": {
        "x_min": 25,
        "y_min": 123,
        "x_max": 76,
        "y_max": 168
      }
    },
    {
      "id": 2,
      "shape": "square",
      "size": "large",
      "color": "magenta",
      "center": [
        174,
        171
      ],
      "bbox": {
        "x_min": 134,
        "y_min": 131,
        "x_max": 214,
        "y_max": 211
      }
    },
    {
      "id": 3,
      "shape": "circle",
      "size": "small",
      "color": "purple",
      "center": [
        99,
        57
      ],
      "bbox": {
        "x_min": 79,
        "y_min": 37,
        "x_max": 119,
        "y_max": 77
      }
    }
  ],
  "relations": [
    {
      "subject_id": 0,
      "object_id": 1,
      "relation": "left_of",
      "explicit": true
    },
    {
      "subject_id": 0,
      "object_id": 2,
      "relation": "below",
      "explicit": true
    },
    {
      "subject_id": 0,
      "object_id": 3,
      "relation": "above",
      "explicit": true
    },
    {
      "subject_id": 1,
      "object_id": 2,
      "relation": "right_of",
      "explicit": true
    },
    {
      "subject_id": 1,
      "object_id": 3,
      "relation": "above",
      "explicit": true
    },
    {
      "subject_id": 2,
      "object_id": 3,
      "relation": "above",
      "explicit": true
    }
  ]
}