{
  "image_id": 606,
  "image_filename": "image_00606.png",
  "num_entities": 4,
  "entities": [
    {
      "id": 0,
      "shape": "circle",
      "size": "medium",
      "color": "yellow",
      "center": [
        108,
        128
      ],
      "bbox": {
        "x_min": 78,
        "y_min": 98,
        "x_max": 138,
        "y_max": 158
      }
    },
    {
      "id": 1,
      "shape": "rectangle",
      "size": "large",
      "color": "purple",
      "center": [
        173,
        70
      ],
      "bbox": {
        "x_min": 153,
        "y_min": 40,
        "x_max": 193,
        "y_max": 100
      }
    },
    {
      "id": 2,
      "shape": "square",
      "size": "medium",
      "color": "purple",
      "center": [
        174,
        162
      ],
      "bbox": {
        "x_min": 144,
        "y_min": 132,
        "x_max": 204,
        "y_max": 192
      }
    },
    {
      "id": 3,
      "shape": "rectangle",
      "size": "large",
      "color": "magenta",
      "center": [
        78,
        51
      ],
      "bbox": {
        "x_min": 58,
        "y_min": 21,
        "x_max": 98,
        "y_max": 81
      }
    }
  ],
  "relations": [
    {
      "subject_id": 0,
      "object_id": 1,
      "relation": "right_of",
      "explicit": true
    },
    {
      "subject_id": 0,
      "object_id": 2,
      "relation": "right_of",
      "explicit": true
    },
    {
      "subject_id": 0,
      "object_id": 3,
      "relation": "above",
      "explicit": true
    },
    {
      "subject_id": 1,
      "object_id": 2,
      "relation": "below",
      "explicit": true
    },
    {
      "subject_id": 1,
      "object_id": 3,
      "relation": "left_of",
      "explicit": true
    },
    {
      "subject_id": 2,
      "object_id": 3,
      "relation": "above",
      "explicit": true
    }
  ]
}