{
  "image_id": 25,
  "image_filename": "image_00025.png",
  "num_entities": 4,
  "entities": [
    {
      "id": 0,
      "shape": "square",
      "size": "small",
      "color": "blue",
      "center": [
        167,
        148
      ],
      "bbox": {
        "x_min": 147,
        "y_min": 128,
        "x_max": 187,
        "y_max": 168
      }
    },
    {
      "id": 1,
      "shape": "rectangle",
      "size": "large",
      "color": "cyan",
      "center": [
        59,
        78
      ],
      "bbox": {
        "x_min": 39,
        "y_min": 48,
        "x_max": 79,
        "y_max": 108
      }
    },
    {
      "id": 2,
      "shape": "circle",
      "size": "large",
      "color": "green",
      "center": [
        158,
        54
      ],
      "bbox": {
        "x_min": 118,
        "y_min": 14,
        "x_max": 198,
        "y_max": 94
      }
    },
    {
      "id": 3,
      "shape": "circle",
      "size": "large",
      "color": "blue",
      "center": [
        91,
        163
      ],
      "bbox": {
        "x_min": 51,
        "y_min": 123,
        "x_max": 131,
        "y_max": 203
      }
    }
  ],
  "relations": [
    {
      "subject_id": 0,
      "object_id": 1,
      "relation": "left_of",
      "explicit": false
    },
    {
      "subject_id": 0,
      "object_id": 2,
      "relation": "above",
      "explicit": true
    },
    {
      "subject_id": 0,
      "object_id": 3,
      "relation": "left_of",
      "explicit": false
    },
    {
      "subject_id": 1,
      "object_id": 2,
      "relation": "right_of",
      "explicit": true
    },
    {
      "subject_id": 1,
      "object_id": 3,
      "relation": "below",
      "explicit": false
    },
    {
      "subject_id": 2,
      "object_id": 3,
      "relation": "below",
      "explicit": false
    }
  ]
}