{
  "image_id": 447,
  "image_filename": "image_00447.png",
  "num_entities": 4,
  "entities": [
    {
      "id": 0,
      "shape": "circle",
      "size": "medium",
      "color": "magenta",
      "center": [
        126,
        147
      ],
      "bbox": {
        "x_min": 96,
        "y_min": 117,
        "x_max": 156,
        "y_max": 177
      }
    },
    {
      "id": 1,
      "shape": "triangle",
      "size": "medium",
      "color": "red",
      "center": [
        109,
        58
      ],
      "bbox": {
        "x_min": 83,
        "y_min": 28,
        "x_max": 134,
        "y_max": 73
      }
    },
    {
      "id": 2,
      "shape": "triangle",
      "size": "medium",
      "color": "yellow",
      "center": [
        173,
        94
      ],
      "bbox": {
        "x_min": 147,
        "y_min": 64,
        "x_max": 198,
        "y_max": 109
      }
    },
    {
      "id": 3,
      "shape": "square",
      "size": "small",
      "color": "yellow",
      "center": [
        53,
        131
      ],
      "bbox": {
        "x_min": 33,
        "y_min": 111,
        "x_max": 73,
        "y_max": 151
      }
    }
  ],
  "relations": [
    {
      "subject_id": 0,
      "object_id": 1,
      "relation": "above",
      "explicit": true
    },
    {
      "subject_id": 0,
      "object_id": 2,
      "relation": "above",
      "explicit": false
    },
    {
      "subject_id": 0,
      "object_id": 3,
      "relation": "left_of",
      "explicit": false
    },
    {
      "subject_id": 1,
      "object_id": 2,
      "relation": "right_of",
      "explicit": true
    },
    {
      "subject_id": 1,
      "object_id": 3,
      "relation": "below",
      "explicit": true
    },
    {
      "subject_id": 2,
      "object_id": 3,
      "relation": "left_of",
      "explicit": true
    }
  ]
}