{
  "image_id": 327,
  "image_filename": "image_00327.png",
  "num_entities": 3,
  "entities": [
    {
      "id": 0,
      "shape": "rectangle",
      "size": "small",
      "color": "green",
      "center": [
        157,
        111
      ],
      "bbox": {
        "x_min": 147,
        "y_min": 96,
        "x_max": 167,
        "y_max": 126
      }
    },
    {
      "id": 1,
      "shape": "square",
      "size": "medium",
      "color": "green",
      "center": [
        75,
        151
      ],
      "bbox": {
        "x_min": 45,
        "y_min": 121,
        "x_max": 105,
        "y_max": 181
      }
    },
    {
      "id": 2,
      "shape": "square",
      "size": "large",
      "color": "green",
      "center": [
        110,
        55
      ],
      "bbox": {
        "x_min": 70,
        "y_min": 15,
        "x_max": 150,
        "y_max": 95
      }
    }
  ],
  "relations": [
    {
      "subject_id": 0,
      "object_id": 1,
      "relation": "left_of",
      "explicit": false
    },
    {
      "subject_id": 0,
      "object_id": 2,
      "relation": "above",
      "explicit": true
    },
    {
      "subject_id": 1,
      "object_id": 2,
      "relation": "above",
      "explicit": true
    }
  ]
}