{
  "image_id": 382,
  "image_filename": "image_00382.png",
  "num_entities": 3,
  "entities": [
    {
      "id": 0,
      "shape": "square",
      "size": "large",
      "color": "green",
      "center": [
        60,
        61
      ],
      "bbox": {
        "x_min": 20,
        "y_min": 21,
        "x_max": 100,
        "y_max": 101
      }
    },
    {
      "id": 1,
      "shape": "triangle",
      "size": "small",
      "color": "purple",
      "center": [
        172,
        117
      ],
      "bbox": {
        "x_min": 154,
        "y_min": 97,
        "x_max": 189,
        "y_max": 127
      }
    },
    {
      "id": 2,
      "shape": "triangle",
      "size": "small",
      "color": "purple",
      "center": [
        79,
        141
      ],
      "bbox": {
        "x_min": 61,
        "y_min": 121,
        "x_max": 96,
        "y_max": 151
      }
    }
  ],
  "relations": [
    {
      "subject_id": 0,
      "object_id": 1,
      "relation": "right_of",
      "explicit": true
    },
    {
      "subject_id": 0,
      "object_id": 2,
      "relation": "below",
      "explicit": true
    },
    {
      "subject_id": 1,
      "object_id": 2,
      "relation": "left_of",
      "explicit": false
    }
  ]
}