{
  "image_id": 96,
  "image_filename": "image_00096.png",
  "num_entities": 2,
  "entities": [
    {
      "id": 0,
      "shape": "triangle",
      "size": "small",
      "color": "cyan",
      "center": [
        162,
        129
      ],
      "bbox": {
        "x_min": 144,
        "y_min": 109,
        "x_max": 179,
        "y_max": 139
      }
    },
    {
      "id": 1,
      "shape": "rectangle",
      "size": "small",
      "color": "orange",
      "center": [
        58,
        98
      ],
      "bbox": {
        "x_min": 48,
        "y_min": 83,
        "x_max": 68,
        "y_max": 113
      }
    }
  ],
  "relations": [
    {
      "subject_id": 0,
      "object_id": 1,
      "relation": "left_of",
      "explicit": true
    }
  ]
}