{
  "image_id": 472,
  "image_filename": "image_00472.png",
  "num_entities": 2,
  "entities": [
    {
      "id": 0,
      "shape": "square",
      "size": "small",
      "color": "orange",
      "center": [
        72,
        67
      ],
      "bbox": {
        "x_min": 52,
        "y_min": 47,
        "x_max": 92,
        "y_max": 87
      }
    },
    {
      "id": 1,
      "shape": "triangle",
      "size": "medium",
      "color": "blue",
      "center": [
        166,
        111
      ],
      "bbox": {
        "x_min": 140,
        "y_min": 81,
        "x_max": 191,
        "y_max": 126
      }
    }
  ],
  "relations": [
    {
      "subject_id": 0,
      "object_id": 1,
      "relation": "right_of",
      "explicit": true
    }
  ]
}