{
  "image_id": 855,
  "image_filename": "image_00855.png",
  "num_entities": 2,
  "entities": [
    {
      "id": 0,
      "shape": "square",
      "size": "medium",
      "color": "orange",
      "center": [
        145,
        96
      ],
      "bbox": {
        "x_min": 115,
        "y_min": 66,
        "x_max": 175,
        "y_max": 126
      }
    },
    {
      "id": 1,
      "shape": "circle",
      "size": "large",
      "color": "orange",
      "center": [
        105,
        171
      ],
      "bbox": {
        "x_min": 65,
        "y_min": 131,
        "x_max": 145,
        "y_max": 211
      }
    }
  ],
  "relations": [
    {
      "subject_id": 0,
      "object_id": 1,
      "relation": "below",
      "explicit": false
    }
  ]
}