{
  "image_id": 603,
  "image_filename": "image_00603.png",
  "num_entities": 4,
  "entities": [
    {
      "id": 0,
      "shape": "rectangle",
      "size": "small",
      "color": "blue",
      "center": [
        158,
        82
      ],
      "bbox": {
        "x_min": 148,
        "y_min": 67,
        "x_max": 168,
        "y_max": 97
      }
    },
    {
      "id": 1,
      "shape": "rectangle",
      "size": "medium",
      "color": "green",
      "center": [
        97,
        61
      ],
      "bbox": {
        "x_min": 82,
        "y_min": 39,
        "x_max": 112,
        "y_max": 83
      }
    },
    {
      "id": 2,
      "shape": "rectangle",
      "size": "medium",
      "color": "magenta",
      "center": [
        133,
        143
      ],
      "bbox": {
        "x_min": 118,
        "y_min": 121,
        "x_max": 148,
        "y_max": 165
      }
    },
    {
      "id": 3,
      "shape": "rectangle",
      "size": "medium",
      "color": "orange",
      "center": [
        63,
        128
      ],
      "bbox": {
        "x_min": 48,
        "y_min": 106,
        "x_max": 78,
        "y_max": 150
      }
    }
  ],
  "relations": [
    {
      "subject_id": 0,
      "object_id": 1,
      "relation": "left_of",
      "explicit": true
    },
    {
      "subject_id": 0,
      "object_id": 2,
      "relation": "below",
      "explicit": false
    },
    {
      "subject_id": 0,
      "object_id": 3,
      "relation": "left_of",
      "explicit": true
    },
    {
      "subject_id": 1,
      "object_id": 2,
      "relation": "below",
      "explicit": true
    },
    {
      "subject_id": 1,
      "object_id": 3,
      "relation": "below",
      "explicit": true
    },
    {
      "subject_id": 2,
      "object_id": 3,
      "relation": "left_of",
      "explicit": true
    }
  ]
}