{
  "image_id": 26,
  "image_filename": "image_00026.png",
  "num_entities": 3,
  "entities": [
    {
      "id": 0,
      "shape": "square",
      "size": "small",
      "color": "yellow",
      "center": [
        70,
        78
      ],
      "bbox": {
        "x_min": 50,
        "y_min": 58,
        "x_max": 90,
        "y_max": 98
      }
    },
    {
      "id": 1,
      "shape": "square",
      "size": "large",
      "color": "blue",
      "center": [
        139,
        125
      ],
      "bbox": {
        "x_min": 99,
        "y_min": 85,
        "x_max": 179,
        "y_max": 165
      }
    },
    {
      "id": 2,
      "shape": "rectangle",
      "size": "large",
      "color": "cyan",
      "center": [
        56,
        163
      ],
      "bbox": {
        "x_min": 36,
        "y_min": 133,
        "x_max": 76,
        "y_max": 193
      }
    }
  ],
  "relations": [
    {
      "subject_id": 0,
      "object_id": 1,
      "relation": "right_of",
      "explicit": false
    },
    {
      "subject_id": 0,
      "object_id": 2,
      "relation": "below",
      "explicit": false
    },
    {
      "subject_id": 1,
      "object_id": 2,
      "relation": "left_of",
      "explicit": true
    }
  ]
}