{
  "image_id": 135,
  "image_filename": "image_00135.png",
  "num_entities": 3,
  "entities": [
    {
      "id": 0,
      "shape": "circle",
      "size": "small",
      "color": "orange",
      "center": [
        87,
        146
      ],
      "bbox": {
        "x_min": 67,
        "y_min": 126,
        "x_max": 107,
        "y_max": 166
      }
    },
    {
      "id": 1,
      "shape": "triangle",
      "size": "small",
      "color": "blue",
      "center": [
        172,
        124
      ],
      "bbox": {
        "x_min": 154,
        "y_min": 104,
        "x_max": 189,
        "y_max": 134
      }
    },
    {
      "id": 2,
      "shape": "circle",
      "size": "small",
      "color": "blue",
      "center": [
        106,
        74
      ],
      "bbox": {
        "x_min": 86,
        "y_min": 54,
        "x_max": 126,
        "y_max": 94
      }
    }
  ],
  "relations": [
    {
      "subject_id": 0,
      "object_id": 1,
      "relation": "right_of",
      "explicit": false
    },
    {
      "subject_id": 0,
      "object_id": 2,
      "relation": "above",
      "explicit": true
    },
    {
      "subject_id": 1,
      "object_id": 2,
      "relation": "left_of",
      "explicit": true
    }
  ]
}