{
  "image_id": 774,
  "image_filename": "image_00774.png",
  "num_entities": 2,
  "entities": [
    {
      "id": 0,
      "shape": "rectangle",
      "size": "small",
      "color": "orange",
      "center": [
        106,
        116
      ],
      "bbox": {
        "x_min": 96,
        "y_min": 101,
        "x_max": 116,
        "y_max": 131
      }
    },
    {
      "id": 1,
      "shape": "triangle",
      "size": "small",
      "color": "yellow",
      "center": [
        140,
        59
      ],
      "bbox": {
        "x_min": 122,
        "y_min": 39,
        "x_max": 157,
        "y_max": 69
      }
    }
  ],
  "relations": [
    {
      "subject_id": 0,
      "object_id": 1,
      "relation": "above",
      "explicit": true
    }
  ]
}