{
  "image_id": 998,
  "image_filename": "image_00998.png",
  "num_entities": 3,
  "entities": [
    {
      "id": 0,
      "shape": "triangle",
      "size": "large",
      "color": "green",
      "center": [
        148,
        51
      ],
      "bbox": {
        "x_min": 113,
        "y_min": 11,
        "x_max": 182,
        "y_max": 71
      }
    },
    {
      "id": 1,
      "shape": "circle",
      "size": "medium",
      "color": "green",
      "center": [
        57,
        133
      ],
      "bbox": {
        "x_min": 27,
        "y_min": 103,
        "x_max": 87,
        "y_max": 163
      }
    },
    {
      "id": 2,
      "shape": "square",
      "size": "small",
      "color": "yellow",
      "center": [
        75,
        53
      ],
      "bbox": {
        "x_min": 55,
        "y_min": 33,
        "x_max": 95,
        "y_max": 73
      }
    }
  ],
  "relations": [
    {
      "subject_id": 0,
      "object_id": 1,
      "relation": "left_of",
      "explicit": false
    },
    {
      "subject_id": 0,
      "object_id": 2,
      "relation": "left_of",
      "explicit": true
    },
    {
      "subject_id": 1,
      "object_id": 2,
      "relation": "above",
      "explicit": false
    }
  ]
}