{
  "image_id": 739,
  "image_filename": "image_00739.png",
  "num_entities": 3,
  "entities": [
    {
      "id": 0,
      "shape": "rectangle",
      "size": "large",
      "color": "green",
      "center": [
        170,
        132
      ],
      "bbox": {
        "x_min": 150,
        "y_min": 102,
        "x_max": 190,
        "y_max": 162
      }
    },
    {
      "id": 1,
      "shape": "rectangle",
      "size": "medium",
      "color": "magenta",
      "center": [
        86,
        71
      ],
      "bbox": {
        "x_min": 71,
        "y_min": 49,
        "x_max": 101,
        "y_max": 93
      }
    },
    {
      "id": 2,
      "shape": "square",
      "size": "small",
      "color": "red",
      "center": [
        98,
        161
      ],
      "bbox": {
        "x_min": 78,
        "y_min": 141,
        "x_max": 118,
        "y_max": 181
      }
    }
  ],
  "relations": [
    {
      "subject_id": 0,
      "object_id": 1,
      "relation": "left_of",
      "explicit": true
    },
    {
      "subject_id": 0,
      "object_id": 2,
      "relation": "left_of",
      "explicit": false
    },
    {
      "subject_id": 1,
      "object_id": 2,
      "relation": "below",
      "explicit": true
    }
  ]
}