{
  "image_id": 440,
  "image_filename": "image_00440.png",
  "num_entities": 2,
  "entities": [
    {
      "id": 0,
      "shape": "circle",
      "size": "medium",
      "color": "red",
      "center": [
        147,
        149
      ],
      "bbox": {
        "x_min": 117,
        "y_min": 119,
        "x_max": 177,
        "y_max": 179
      }
    },
    {
      "id": 1,
      "shape": "rectangle",
      "size": "large",
      "color": "purple",
      "center": [
        97,
        59
      ],
      "bbox": {
        "x_min": 77,
        "y_min": 29,
        "x_max": 117,
        "y_max": 89
      }
    }
  ],
  "relations": [
    {
      "subject_id": 0,
      "object_id": 1,
      "relation": "above",
      "explicit": false
    }
  ]
}