{
  "image_id": 977,
  "image_filename": "image_00977.png",
  "num_entities": 4,
  "entities": [
    {
      "id": 0,
      "shape": "circle",
      "size": "small",
      "color": "green",
      "center": [
        163,
        74
      ],
      "bbox": {
        "x_min": 143,
        "y_min": 54,
        "x_max": 183,
        "y_max": 94
      }
    },
    {
      "id": 1,
      "shape": "triangle",
      "size": "small",
      "color": "purple",
      "center": [
        72,
        64
      ],
      "bbox": {
        "x_min": 54,
        "y_min": 44,
        "x_max": 89,
        "y_max": 74
      }
    },
    {
      "id": 2,
      "shape": "triangle",
      "size": "small",
      "color": "yellow",
      "center": [
        58,
        130
      ],
      "bbox": {
        "x_min": 40,
        "y_min": 110,
        "x_max": 75,
        "y_max": 140
      }
    },
    {
      "id": 3,
      "shape": "circle",
      "size": "small",
      "color": "cyan",
      "center": [
        154,
        162
      ],
      "bbox": {
        "x_min": 134,
        "y_min": 142,
        "x_max": 174,
        "y_max": 182
      }
    }
  ],
  "relations": [
    {
      "subject_id": 0,
      "object_id": 1,
      "relation": "left_of",
      "explicit": true
    },
    {
      "subject_id": 0,
      "object_id": 2,
      "relation": "left_of",
      "explicit": false
    },
    {
      "subject_id": 0,
      "object_id": 3,
      "relation": "below",
      "explicit": false
    },
    {
      "subject_id": 1,
      "object_id": 2,
      "relation": "below",
      "explicit": true
    },
    {
      "subject_id": 1,
      "object_id": 3,
      "relation": "below",
      "explicit": true
    },
    {
      "subject_id": 2,
      "object_id": 3,
      "relation": "right_of",
      "explicit": false
    }
  ]
}