{
  "image_id": 386,
  "image_filename": "image_00386.png",
  "num_entities": 4,
  "entities": [
    {
      "id": 0,
      "shape": "square",
      "size": "small",
      "color": "red",
      "center": [
        141,
        144
      ],
      "bbox": {
        "x_min": 121,
        "y_min": 124,
        "x_max": 161,
        "y_max": 164
      }
    },
    {
      "id": 1,
      "shape": "rectangle",
      "size": "large",
      "color": "yellow",
      "center": [
        169,
        59
      ],
      "bbox": {
        "x_min": 149,
        "y_min": 29,
        "x_max": 189,
        "y_max": 89
      }
    },
    {
      "id": 2,
      "shape": "rectangle",
      "size": "medium",
      "color": "magenta",
      "center": [
        67,
        138
      ],
      "bbox": {
        "x_min": 52,
        "y_min": 116,
        "x_max": 82,
        "y_max": 160
      }
    },
    {
      "id": 3,
      "shape": "circle",
      "size": "small",
      "color": "orange",
      "center": [
        73,
        59
      ],
      "bbox": {
        "x_min": 53,
        "y_min": 39,
        "x_max": 93,
        "y_max": 79
      }
    }
  ],
  "relations": [
    {
      "subject_id": 0,
      "object_id": 1,
      "relation": "above",
      "explicit": true
    },
    {
      "subject_id": 0,
      "object_id": 2,
      "relation": "left_of",
      "explicit": false
    },
    {
      "subject_id": 0,
      "object_id": 3,
      "relation": "above",
      "explicit": true
    },
    {
      "subject_id": 1,
      "object_id": 2,
      "relation": "left_of",
      "explicit": false
    },
    {
      "subject_id": 1,
      "object_id": 3,
      "relation": "left_of",
      "explicit": false
    },
    {
      "subject_id": 2,
      "object_id": 3,
      "relation": "above",
      "explicit": true
    }
  ]
}