{
  "image_id": 222,
  "image_filename": "image_00222.png",
  "num_entities": 2,
  "entities": [
    {
      "id": 0,
      "shape": "circle",
      "size": "small",
      "color": "blue",
      "center": [
        136,
        104
      ],
      "bbox": {
        "x_min": 116,
        "y_min": 84,
        "x_max": 156,
        "y_max": 124
      }
    },
    {
      "id": 1,
      "shape": "square",
      "size": "large",
      "color": "yellow",
      "center": [
        77,
        169
      ],
      "bbox": {
        "x_min": 37,
        "y_min": 129,
        "x_max": 117,
        "y_max": 209
      }
    }
  ],
  "relations": [
    {
      "subject_id": 0,
      "object_id": 1,
      "relation": "below",
      "explicit": true
    }
  ]
}