{
  "image_id": 127,
  "image_filename": "image_00127.png",
  "num_entities": 3,
  "entities": [
    {
      "id": 0,
      "shape": "rectangle",
      "size": "medium",
      "color": "green",
      "center": [
        112,
        135
      ],
      "bbox": {
        "x_min": 97,
        "y_min": 113,
        "x_max": 127,
        "y_max": 157
      }
    },
    {
      "id": 1,
      "shape": "square",
      "size": "large",
      "color": "blue",
      "center": [
        62,
        61
      ],
      "bbox": {
        "x_min": 22,
        "y_min": 21,
        "x_max": 102,
        "y_max": 101
      }
    },
    {
      "id": 2,
      "shape": "triangle",
      "size": "medium",
      "color": "blue",
      "center": [
        156,
        51
      ],
      "bbox": {
        "x_min": 130,
        "y_min": 21,
        "x_max": 181,
        "y_max": 66
      }
    }
  ],
  "relations": [
    {
      "subject_id": 0,
      "object_id": 1,
      "relation": "above",
      "explicit": false
    },
    {
      "subject_id": 0,
      "object_id": 2,
      "relation": "above",
      "explicit": true
    },
    {
      "subject_id": 1,
      "object_id": 2,
      "relation": "right_of",
      "explicit": true
    }
  ]
}