{
  "image_id": 951,
  "image_filename": "image_00951.png",
  "num_entities": 4,
  "entities": [
    {
      "id": 0,
      "shape": "square",
      "size": "large",
      "color": "yellow",
      "center": [
        70,
        146
      ],
      "bbox": {
        "x_min": 30,
        "y_min": 106,
        "x_max": 110,
        "y_max": 186
      }
    },
    {
      "id": 1,
      "shape": "circle",
      "size": "large",
      "color": "green",
      "center": [
        136,
        60
      ],
      "bbox": {
        "x_min": 96,
        "y_min": 20,
        "x_max": 176,
        "y_max": 100
      }
    },
    {
      "id": 2,
      "shape": "rectangle",
      "size": "medium",
      "color": "cyan",
      "center": [
        164,
        162
      ],
      "bbox": {
        "x_min": 149,
        "y_min": 140,
        "x_max": 179,
        "y_max": 184
      }
    },
    {
      "id": 3,
      "shape": "circle",
      "size": "small",
      "color": "blue",
      "center": [
        59,
        54
      ],
      "bbox": {
        "x_min": 39,
        "y_min": 34,
        "x_max": 79,
        "y_max": 74
      }
    }
  ],
  "relations": [
    {
      "subject_id": 0,
      "object_id": 1,
      "relation": "above",
      "explicit": true
    },
    {
      "subject_id": 0,
      "object_id": 2,
      "relation": "right_of",
      "explicit": true
    },
    {
      "subject_id": 0,
      "object_id": 3,
      "relation": "above",
      "explicit": false
    },
    {
      "subject_id": 1,
      "object_id": 2,
      "relation": "below",
      "explicit": true
    },
    {
      "subject_id": 1,
      "object_id": 3,
      "relation": "left_of",
      "explicit": true
    },
    {
      "subject_id": 2,
      "object_id": 3,
      "relation": "above",
      "explicit": true
    }
  ]
}