{
  "image_id": 932,
  "image_filename": "image_00932.png",
  "num_entities": 3,
  "entities": [
    {
      "id": 0,
      "shape": "circle",
      "size": "large",
      "color": "blue",
      "center": [
        78,
        51
      ],
      "bbox": {
        "x_min": 38,
        "y_min": 11,
        "x_max": 118,
        "y_max": 91
      }
    },
    {
      "id": 1,
      "shape": "rectangle",
      "size": "medium",
      "color": "cyan",
      "center": [
        168,
        102
      ],
      "bbox": {
        "x_min": 153,
        "y_min": 80,
        "x_max": 183,
        "y_max": 124
      }
    },
    {
      "id": 2,
      "shape": "square",
      "size": "small",
      "color": "purple",
      "center": [
        52,
        128
      ],
      "bbox": {
        "x_min": 32,
        "y_min": 108,
        "x_max": 72,
        "y_max": 148
      }
    }
  ],
  "relations": [
    {
      "subject_id": 0,
      "object_id": 1,
      "relation": "right_of",
      "explicit": false
    },
    {
      "subject_id": 0,
      "object_id": 2,
      "relation": "below",
      "explicit": false
    },
    {
      "subject_id": 1,
      "object_id": 2,
      "relation": "left_of",
      "explicit": true
    }
  ]
}