{
  "image_id": 633,
  "image_filename": "image_00633.png",
  "num_entities": 3,
  "entities": [
    {
      "id": 0,
      "shape": "circle",
      "size": "small",
      "color": "magenta",
      "center": [
        124,
        70
      ],
      "bbox": {
        "x_min": 104,
        "y_min": 50,
        "x_max": 144,
        "y_max": 90
      }
    },
    {
      "id": 1,
      "shape": "circle",
      "size": "large",
      "color": "purple",
      "center": [
        55,
        125
      ],
      "bbox": {
        "x_min": 15,
        "y_min": 85,
        "x_max": 95,
        "y_max": 165
      }
    },
    {
      "id": 2,
      "shape": "triangle",
      "size": "medium",
      "color": "cyan",
      "center": [
        136,
        165
      ],
      "bbox": {
        "x_min": 110,
        "y_min": 135,
        "x_max": 161,
        "y_max": 180
      }
    }
  ],
  "relations": [
    {
      "subject_id": 0,
      "object_id": 1,
      "relation": "left_of",
      "explicit": false
    },
    {
      "subject_id": 0,
      "object_id": 2,
      "relation": "below",
      "explicit": true
    },
    {
      "subject_id": 1,
      "object_id": 2,
      "relation": "right_of",
      "explicit": false
    }
  ]
}