{
  "image_id": 531,
  "image_filename": "image_00531.png",
  "num_entities": 3,
  "entities": [
    {
      "id": 0,
      "shape": "circle",
      "size": "small",
      "color": "blue",
      "center": [
        162,
        111
      ],
      "bbox": {
        "x_min": 142,
        "y_min": 91,
        "x_max": 182,
        "y_max": 131
      }
    },
    {
      "id": 1,
      "shape": "rectangle",
      "size": "large",
      "color": "cyan",
      "center": [
        73,
        165
      ],
      "bbox": {
        "x_min": 53,
        "y_min": 135,
        "x_max": 93,
        "y_max": 195
      }
    },
    {
      "id": 2,
      "shape": "square",
      "size": "large",
      "color": "blue",
      "center": [
        75,
        52
      ],
      "bbox": {
        "x_min": 35,
        "y_min": 12,
        "x_max": 115,
        "y_max": 92
      }
    }
  ],
  "relations": [
    {
      "subject_id": 0,
      "object_id": 1,
      "relation": "left_of",
      "explicit": true
    },
    {
      "subject_id": 0,
      "object_id": 2,
      "relation": "left_of",
      "explicit": false
    },
    {
      "subject_id": 1,
      "object_id": 2,
      "relation": "above",
      "explicit": true
    }
  ]
}