{
  "image_id": 374,
  "image_filename": "image_00374.png",
  "num_entities": 3,
  "entities": [
    {
      "id": 0,
      "shape": "square",
      "size": "small",
      "color": "green",
      "center": [
        171,
        61
      ],
      "bbox": {
        "x_min": 151,
        "y_min": 41,
        "x_max": 191,
        "y_max": 81
      }
    },
    {
      "id": 1,
      "shape": "square",
      "size": "small",
      "color": "cyan",
      "center": [
        130,
        150
      ],
      "bbox": {
        "x_min": 110,
        "y_min": 130,
        "x_max": 150,
        "y_max": 170
      }
    },
    {
      "id": 2,
      "shape": "rectangle",
      "size": "small",
      "color": "orange",
      "center": [
        56,
        153
      ],
      "bbox": {
        "x_min": 46,
        "y_min": 138,
        "x_max": 66,
        "y_max": 168
      }
    }
  ],
  "relations": [
    {
      "subject_id": 0,
      "object_id": 1,
      "relation": "below",
      "explicit": false
    },
    {
      "subject_id": 0,
      "object_id": 2,
      "relation": "left_of",
      "explicit": false
    },
    {
      "subject_id": 1,
      "object_id": 2,
      "relation": "left_of",
      "explicit": false
    }
  ]
}