{
  "image_id": 320,
  "image_filename": "image_00320.png",
  "num_entities": 3,
  "entities": [
    {
      "id": 0,
      "shape": "rectangle",
      "size": "small",
      "color": "red",
      "center": [
        80,
        172
      ],
      "bbox": {
        "x_min": 70,
        "y_min": 157,
        "x_max": 90,
        "y_max": 187
      }
    },
    {
      "id": 1,
      "shape": "square",
      "size": "large",
      "color": "yellow",
      "center": [
        93,
        64
      ],
      "bbox": {
        "x_min": 53,
        "y_min": 24,
        "x_max": 133,
        "y_max": 104
      }
    },
    {
      "id": 2,
      "shape": "triangle",
      "size": "medium",
      "color": "purple",
      "center": [
        131,
        138
      ],
      "bbox": {
        "x_min": 105,
        "y_min": 108,
        "x_max": 156,
        "y_max": 153
      }
    }
  ],
  "relations": [
    {
      "subject_id": 0,
      "object_id": 1,
      "relation": "above",
      "explicit": false
    },
    {
      "subject_id": 0,
      "object_id": 2,
      "relation": "right_of",
      "explicit": true
    },
    {
      "subject_id": 1,
      "object_id": 2,
      "relation": "below",
      "explicit": true
    }
  ]
}