{
  "image_id": 26,
  "image_filename": "image_00026.png",
  "num_entities": 2,
  "entities": [
    {
      "id": 0,
      "shape": "circle",
      "size": "large",
      "color": "yellow",
      "center": [
        59,
        62
      ],
      "bbox": {
        "x_min": 19,
        "y_min": 22,
        "x_max": 99,
        "y_max": 102
      }
    },
    {
      "id": 1,
      "shape": "square",
      "size": "large",
      "color": "magenta",
      "center": [
        164,
        104
      ],
      "bbox": {
        "x_min": 124,
        "y_min": 64,
        "x_max": 204,
        "y_max": 144
      }
    }
  ],
  "relations": [
    {
      "subject_id": 0,
      "object_id": 1,
      "relation": "right_of",
      "explicit": false
    }
  ]
}