{
  "image_id": 472,
  "image_filename": "image_00472.png",
  "num_entities": 4,
  "entities": [
    {
      "id": 0,
      "shape": "triangle",
      "size": "small",
      "color": "cyan",
      "center": [
        54,
        85
      ],
      "bbox": {
        "x_min": 36,
        "y_min": 65,
        "x_max": 71,
        "y_max": 95
      }
    },
    {
      "id": 1,
      "shape": "circle",
      "size": "medium",
      "color": "green",
      "center": [
        167,
        131
      ],
      "bbox": {
        "x_min": 137,
        "y_min": 101,
        "x_max": 197,
        "y_max": 161
      }
    },
    {
      "id": 2,
      "shape": "rectangle",
      "size": "large",
      "color": "blue",
      "center": [
        66,
        158
      ],
      "bbox": {
        "x_min": 46,
        "y_min": 128,
        "x_max": 86,
        "y_max": 188
      }
    },
    {
      "id": 3,
      "shape": "circle",
      "size": "medium",
      "color": "green",
      "center": [
        162,
        61
      ],
      "bbox": {
        "x_min": 132,
        "y_min": 31,
        "x_max": 192,
        "y_max": 91
      }
    }
  ],
  "relations": [
    {
      "subject_id": 0,
      "object_id": 1,
      "relation": "right_of",
      "explicit": true
    },
    {
      "subject_id": 0,
      "object_id": 2,
      "relation": "below",
      "explicit": false
    },
    {
      "subject_id": 0,
      "object_id": 3,
      "relation": "right_of",
      "explicit": false
    },
    {
      "subject_id": 1,
      "object_id": 2,
      "relation": "left_of",
      "explicit": true
    },
    {
      "subject_id": 1,
      "object_id": 3,
      "relation": "above",
      "explicit": true
    },
    {
      "subject_id": 2,
      "object_id": 3,
      "relation": "above",
      "explicit": false
    }
  ]
}