{
  "image_id": 498,
  "image_filename": "image_00498.png",
  "num_entities": 3,
  "entities": [
    {
      "id": 0,
      "shape": "circle",
      "size": "medium",
      "color": "red",
      "center": [
        101,
        158
      ],
      "bbox": {
        "x_min": 71,
        "y_min": 128,
        "x_max": 131,
        "y_max": 188
      }
    },
    {
      "id": 1,
      "shape": "circle",
      "size": "large",
      "color": "purple",
      "center": [
        149,
        92
      ],
      "bbox": {
        "x_min": 109,
        "y_min": 52,
        "x_max": 189,
        "y_max": 132
      }
    },
    {
      "id": 2,
      "shape": "triangle",
      "size": "small",
      "color": "blue",
      "center": [
        62,
        80
      ],
      "bbox": {
        "x_min": 44,
        "y_min": 60,
        "x_max": 79,
        "y_max": 90
      }
    }
  ],
  "relations": [
    {
      "subject_id": 0,
      "object_id": 1,
      "relation": "above",
      "explicit": true
    },
    {
      "subject_id": 0,
      "object_id": 2,
      "relation": "above",
      "explicit": true
    },
    {
      "subject_id": 1,
      "object_id": 2,
      "relation": "left_of",
      "explicit": false
    }
  ]
}