{
  "image_id": 375,
  "image_filename": "image_00375.png",
  "num_entities": 2,
  "entities": [
    {
      "id": 0,
      "shape": "square",
      "size": "small",
      "color": "cyan",
      "center": [
        92,
        121
      ],
      "bbox": {
        "x_min": 72,
        "y_min": 101,
        "x_max": 112,
        "y_max": 141
      }
    },
    {
      "id": 1,
      "shape": "circle",
      "size": "small",
      "color": "cyan",
      "center": [
        165,
        68
      ],
      "bbox": {
        "x_min": 145,
        "y_min": 48,
        "x_max": 185,
        "y_max": 88
      }
    }
  ],
  "relations": [
    {
      "subject_id": 0,
      "object_id": 1,
      "relation": "right_of",
      "explicit": true
    }
  ]
}