{
  "image_id": 438,
  "image_filename": "image_00438.png",
  "num_entities": 2,
  "entities": [
    {
      "id": 0,
      "shape": "square",
      "size": "large",
      "color": "cyan",
      "center": [
        102,
        124
      ],
      "bbox": {
        "x_min": 62,
        "y_min": 84,
        "x_max": 142,
        "y_max": 164
      }
    },
    {
      "id": 1,
      "shape": "triangle",
      "size": "large",
      "color": "purple",
      "center": [
        170,
        61
      ],
      "bbox": {
        "x_min": 135,
        "y_min": 21,
        "x_max": 204,
        "y_max": 81
      }
    }
  ],
  "relations": [
    {
      "subject_id": 0,
      "object_id": 1,
      "relation": "right_of",
      "explicit": false
    }
  ]
}