{
  "image_id": 893,
  "image_filename": "image_00893.png",
  "num_entities": 3,
  "entities": [
    {
      "id": 0,
      "shape": "square",
      "size": "small",
      "color": "cyan",
      "center": [
        104,
        50
      ],
      "bbox": {
        "x_min": 84,
        "y_min": 30,
        "x_max": 124,
        "y_max": 70
      }
    },
    {
      "id": 1,
      "shape": "square",
      "size": "large",
      "color": "blue",
      "center": [
        86,
        154
      ],
      "bbox": {
        "x_min": 46,
        "y_min": 114,
        "x_max": 126,
        "y_max": 194
      }
    },
    {
      "id": 2,
      "shape": "circle",
      "size": "small",
      "color": "yellow",
      "center": [
        167,
        129
      ],
      "bbox": {
        "x_min": 147,
        "y_min": 109,
        "x_max": 187,
        "y_max": 149
      }
    }
  ],
  "relations": [
    {
      "subject_id": 0,
      "object_id": 1,
      "relation": "below",
      "explicit": false
    },
    {
      "subject_id": 0,
      "object_id": 2,
      "relation": "below",
      "explicit": true
    },
    {
      "subject_id": 1,
      "object_id": 2,
      "relation": "right_of",
      "explicit": false
    }
  ]
}