{
  "image_id": 436,
  "image_filename": "image_00436.png",
  "num_entities": 3,
  "entities": [
    {
      "id": 0,
      "shape": "square",
      "size": "small",
      "color": "green",
      "center": [
        117,
        69
      ],
      "bbox": {
        "x_min": 97,
        "y_min": 49,
        "x_max": 137,
        "y_max": 89
      }
    },
    {
      "id": 1,
      "shape": "square",
      "size": "large",
      "color": "blue",
      "center": [
        63,
        164
      ],
      "bbox": {
        "x_min": 23,
        "y_min": 124,
        "x_max": 103,
        "y_max": 204
      }
    },
    {
      "id": 2,
      "shape": "circle",
      "size": "small",
      "color": "blue",
      "center": [
        141,
        150
      ],
      "bbox": {
        "x_min": 121,
        "y_min": 130,
        "x_max": 161,
        "y_max": 170
      }
    }
  ],
  "relations": [
    {
      "subject_id": 0,
      "object_id": 1,
      "relation": "below",
      "explicit": true
    },
    {
      "subject_id": 0,
      "object_id": 2,
      "relation": "below",
      "explicit": true
    },
    {
      "subject_id": 1,
      "object_id": 2,
      "relation": "right_of",
      "explicit": false
    }
  ]
}