{
  "image_id": 106,
  "image_filename": "image_00106.png",
  "num_entities": 4,
  "entities": [
    {
      "id": 0,
      "shape": "circle",
      "size": "small",
      "color": "purple",
      "center": [
        99,
        76
      ],
      "bbox": {
        "x_min": 79,
        "y_min": 56,
        "x_max": 119,
        "y_max": 96
      }
    },
    {
      "id": 1,
      "shape": "triangle",
      "size": "small",
      "color": "magenta",
      "center": [
        72,
        123
      ],
      "bbox": {
        "x_min": 54,
        "y_min": 103,
        "x_max": 89,
        "y_max": 133
      }
    },
    {
      "id": 2,
      "shape": "rectangle",
      "size": "medium",
      "color": "purple",
      "center": [
        153,
        140
      ],
      "bbox": {
        "x_min": 138,
        "y_min": 118,
        "x_max": 168,
        "y_max": 162
      }
    },
    {
      "id": 3,
      "shape": "circle",
      "size": "small",
      "color": "orange",
      "center": [
        151,
        78
      ],
      "bbox": {
        "x_min": 131,
        "y_min": 58,
        "x_max": 171,
        "y_max": 98
      }
    }
  ],
  "relations": [
    {
      "subject_id": 0,
      "object_id": 1,
      "relation": "below",
      "explicit": false
    },
    {
      "subject_id": 0,
      "object_id": 2,
      "relation": "below",
      "explicit": false
    },
    {
      "subject_id": 0,
      "object_id": 3,
      "relation": "right_of",
      "explicit": false
    },
    {
      "subject_id": 1,
      "object_id": 2,
      "relation": "right_of",
      "explicit": true
    },
    {
      "subject_id": 1,
      "object_id": 3,
      "relation": "right_of",
      "explicit": true
    },
    {
      "subject_id": 2,
      "object_id": 3,
      "relation": "above",
      "explicit": true
    }
  ]
}