{
  "image_id": 720,
  "image_filename": "image_00720.png",
  "num_entities": 2,
  "entities": [
    {
      "id": 0,
      "shape": "rectangle",
      "size": "large",
      "color": "cyan",
      "center": [
        158,
        91
      ],
      "bbox": {
        "x_min": 138,
        "y_min": 61,
        "x_max": 178,
        "y_max": 121
      }
    },
    {
      "id": 1,
      "shape": "circle",
      "size": "medium",
      "color": "orange",
      "center": [
        77,
        76
      ],
      "bbox": {
        "x_min": 47,
        "y_min": 46,
        "x_max": 107,
        "y_max": 106
      }
    }
  ],
  "relations": [
    {
      "subject_id": 0,
      "object_id": 1,
      "relation": "left_of",
      "explicit": true
    }
  ]
}