{
  "image_id": 347,
  "image_filename": "image_00347.png",
  "num_entities": 3,
  "entities": [
    {
      "id": 0,
      "shape": "square",
      "size": "large",
      "color": "magenta",
      "center": [
        156,
        133
      ],
      "bbox": {
        "x_min": 116,
        "y_min": 93,
        "x_max": 196,
        "y_max": 173
      }
    },
    {
      "id": 1,
      "shape": "triangle",
      "size": "large",
      "color": "cyan",
      "center": [
        59,
        143
      ],
      "bbox": {
        "x_min": 24,
        "y_min": 103,
        "x_max": 93,
        "y_max": 163
      }
    },
    {
      "id": 2,
      "shape": "rectangle",
      "size": "large",
      "color": "magenta",
      "center": [
        68,
        53
      ],
      "bbox": {
        "x_min": 48,
        "y_min": 23,
        "x_max": 88,
        "y_max": 83
      }
    }
  ],
  "relations": [
    {
      "subject_id": 0,
      "object_id": 1,
      "relation": "left_of",
      "explicit": false
    },
    {
      "subject_id": 0,
      "object_id": 2,
      "relation": "left_of",
      "explicit": false
    },
    {
      "subject_id": 1,
      "object_id": 2,
      "relation": "above",
      "explicit": false
    }
  ]
}