{
  "image_id": 970,
  "image_filename": "image_00970.png",
  "num_entities": 2,
  "entities": [
    {
      "id": 0,
      "shape": "circle",
      "size": "small",
      "color": "orange",
      "center": [
        108,
        81
      ],
      "bbox": {
        "x_min": 88,
        "y_min": 61,
        "x_max": 128,
        "y_max": 101
      }
    },
    {
      "id": 1,
      "shape": "square",
      "size": "large",
      "color": "yellow",
      "center": [
        125,
        163
      ],
      "bbox": {
        "x_min": 85,
        "y_min": 123,
        "x_max": 165,
        "y_max": 203
      }
    }
  ],
  "relations": [
    {
      "subject_id": 0,
      "object_id": 1,
      "relation": "below",
      "explicit": true
    }
  ]
}