{
  "image_id": 443,
  "image_filename": "image_00443.png",
  "num_entities": 3,
  "entities": [
    {
      "id": 0,
      "shape": "rectangle",
      "size": "medium",
      "color": "purple",
      "center": [
        131,
        104
      ],
      "bbox": {
        "x_min": 116,
        "y_min": 82,
        "x_max": 146,
        "y_max": 126
      }
    },
    {
      "id": 1,
      "shape": "square",
      "size": "small",
      "color": "magenta",
      "center": [
        68,
        59
      ],
      "bbox": {
        "x_min": 48,
        "y_min": 39,
        "x_max": 88,
        "y_max": 79
      }
    },
    {
      "id": 2,
      "shape": "square",
      "size": "small",
      "color": "green",
      "center": [
        101,
        160
      ],
      "bbox": {
        "x_min": 81,
        "y_min": 140,
        "x_max": 121,
        "y_max": 180
      }
    }
  ],
  "relations": [
    {
      "subject_id": 0,
      "object_id": 1,
      "relation": "left_of",
      "explicit": false
    },
    {
      "subject_id": 0,
      "object_id": 2,
      "relation": "below",
      "explicit": false
    },
    {
      "subject_id": 1,
      "object_id": 2,
      "relation": "below",
      "explicit": true
    }
  ]
}