{
  "image_id": 40,
  "image_filename": "image_00040.png",
  "num_entities": 3,
  "entities": [
    {
      "id": 0,
      "shape": "rectangle",
      "size": "large",
      "color": "red",
      "center": [
        174,
        144
      ],
      "bbox": {
        "x_min": 154,
        "y_min": 114,
        "x_max": 194,
        "y_max": 174
      }
    },
    {
      "id": 1,
      "shape": "square",
      "size": "large",
      "color": "blue",
      "center": [
        57,
        53
      ],
      "bbox": {
        "x_min": 17,
        "y_min": 13,
        "x_max": 97,
        "y_max": 93
      }
    },
    {
      "id": 2,
      "shape": "square",
      "size": "small",
      "color": "yellow",
      "center": [
        98,
        166
      ],
      "bbox": {
        "x_min": 78,
        "y_min": 146,
        "x_max": 118,
        "y_max": 186
      }
    }
  ],
  "relations": [
    {
      "subject_id": 0,
      "object_id": 1,
      "relation": "left_of",
      "explicit": false
    },
    {
      "subject_id": 0,
      "object_id": 2,
      "relation": "left_of",
      "explicit": false
    },
    {
      "subject_id": 1,
      "object_id": 2,
      "relation": "below",
      "explicit": false
    }
  ]
}