{
  "image_id": 228,
  "image_filename": "image_00228.png",
  "num_entities": 4,
  "entities": [
    {
      "id": 0,
      "shape": "triangle",
      "size": "small",
      "color": "blue",
      "center": [
        147,
        141
      ],
      "bbox": {
        "x_min": 129,
        "y_min": 121,
        "x_max": 164,
        "y_max": 151
      }
    },
    {
      "id": 1,
      "shape": "triangle",
      "size": "large",
      "color": "yellow",
      "center": [
        169,
        63
      ],
      "bbox": {
        "x_min": 134,
        "y_min": 23,
        "x_max": 203,
        "y_max": 83
      }
    },
    {
      "id": 2,
      "shape": "square",
      "size": "small",
      "color": "green",
      "center": [
        83,
        148
      ],
      "bbox": {
        "x_min": 63,
        "y_min": 128,
        "x_max": 103,
        "y_max": 168
      }
    },
    {
      "id": 3,
      "shape": "square",
      "size": "small",
      "color": "orange",
      "center": [
        95,
        67
      ],
      "bbox": {
        "x_min": 75,
        "y_min": 47,
        "x_max": 115,
        "y_max": 87
      }
    }
  ],
  "relations": [
    {
      "subject_id": 0,
      "object_id": 1,
      "relation": "above",
      "explicit": true
    },
    {
      "subject_id": 0,
      "object_id": 2,
      "relation": "left_of",
      "explicit": true
    },
    {
      "subject_id": 0,
      "object_id": 3,
      "relation": "above",
      "explicit": false
    },
    {
      "subject_id": 1,
      "object_id": 2,
      "relation": "left_of",
      "explicit": false
    },
    {
      "subject_id": 1,
      "object_id": 3,
      "relation": "left_of",
      "explicit": true
    },
    {
      "subject_id": 2,
      "object_id": 3,
      "relation": "above",
      "explicit": false
    }
  ]
}