{
  "image_id": 458,
  "image_filename": "image_00458.png",
  "num_entities": 3,
  "entities": [
    {
      "id": 0,
      "shape": "circle",
      "size": "large",
      "color": "orange",
      "center": [
        120,
        166
      ],
      "bbox": {
        "x_min": 80,
        "y_min": 126,
        "x_max": 160,
        "y_max": 206
      }
    },
    {
      "id": 1,
      "shape": "circle",
      "size": "small",
      "color": "yellow",
      "center": [
        54,
        125
      ],
      "bbox": {
        "x_min": 34,
        "y_min": 105,
        "x_max": 74,
        "y_max": 145
      }
    },
    {
      "id": 2,
      "shape": "circle",
      "size": "large",
      "color": "green",
      "center": [
        86,
        50
      ],
      "bbox": {
        "x_min": 46,
        "y_min": 10,
        "x_max": 126,
        "y_max": 90
      }
    }
  ],
  "relations": [
    {
      "subject_id": 0,
      "object_id": 1,
      "relation": "left_of",
      "explicit": false
    },
    {
      "subject_id": 0,
      "object_id": 2,
      "relation": "above",
      "explicit": true
    },
    {
      "subject_id": 1,
      "object_id": 2,
      "relation": "above",
      "explicit": false
    }
  ]
}