{
  "image_id": 843,
  "image_filename": "image_00843.png",
  "num_entities": 4,
  "entities": [
    {
      "id": 0,
      "shape": "triangle",
      "size": "large",
      "color": "cyan",
      "center": [
        83,
        130
      ],
      "bbox": {
        "x_min": 48,
        "y_min": 90,
        "x_max": 117,
        "y_max": 150
      }
    },
    {
      "id": 1,
      "shape": "rectangle",
      "size": "large",
      "color": "magenta",
      "center": [
        170,
        86
      ],
      "bbox": {
        "x_min": 150,
        "y_min": 56,
        "x_max": 190,
        "y_max": 116
      }
    },
    {
      "id": 2,
      "shape": "rectangle",
      "size": "small",
      "color": "blue",
      "center": [
        145,
        168
      ],
      "bbox": {
        "x_min": 135,
        "y_min": 153,
        "x_max": 155,
        "y_max": 183
      }
    },
    {
      "id": 3,
      "shape": "square",
      "size": "medium",
      "color": "cyan",
      "center": [
        80,
        50
      ],
      "bbox": {
        "x_min": 50,
        "y_min": 20,
        "x_max": 110,
        "y_max": 80
      }
    }
  ],
  "relations": [
    {
      "subject_id": 0,
      "object_id": 1,
      "relation": "right_of",
      "explicit": true
    },
    {
      "subject_id": 0,
      "object_id": 2,
      "relation": "right_of",
      "explicit": true
    },
    {
      "subject_id": 0,
      "object_id": 3,
      "relation": "above",
      "explicit": true
    },
    {
      "subject_id": 1,
      "object_id": 2,
      "relation": "below",
      "explicit": false
    },
    {
      "subject_id": 1,
      "object_id": 3,
      "relation": "left_of",
      "explicit": true
    },
    {
      "subject_id": 2,
      "object_id": 3,
      "relation": "above",
      "explicit": false
    }
  ]
}