{
  "image_id": 731,
  "image_filename": "image_00731.png",
  "num_entities": 2,
  "entities": [
    {
      "id": 0,
      "shape": "triangle",
      "size": "large",
      "color": "orange",
      "center": [
        110,
        125
      ],
      "bbox": {
        "x_min": 75,
        "y_min": 85,
        "x_max": 144,
        "y_max": 145
      }
    },
    {
      "id": 1,
      "shape": "circle",
      "size": "medium",
      "color": "yellow",
      "center": [
        59,
        55
      ],
      "bbox": {
        "x_min": 29,
        "y_min": 25,
        "x_max": 89,
        "y_max": 85
      }
    }
  ],
  "relations": [
    {
      "subject_id": 0,
      "object_id": 1,
      "relation": "above",
      "explicit": false
    }
  ]
}