{
  "image_id": 643,
  "image_filename": "image_00643.png",
  "num_entities": 2,
  "entities": [
    {
      "id": 0,
      "shape": "rectangle",
      "size": "medium",
      "color": "purple",
      "center": [
        151,
        170
      ],
      "bbox": {
        "x_min": 136,
        "y_min": 148,
        "x_max": 166,
        "y_max": 192
      }
    },
    {
      "id": 1,
      "shape": "triangle",
      "size": "medium",
      "color": "yellow",
      "center": [
        107,
        77
      ],
      "bbox": {
        "x_min": 81,
        "y_min": 47,
        "x_max": 132,
        "y_max": 92
      }
    }
  ],
  "relations": [
    {
      "subject_id": 0,
      "object_id": 1,
      "relation": "above",
      "explicit": true
    }
  ]
}