{
  "image_id": 83,
  "image_filename": "image_00083.png",
  "num_entities": 4,
  "entities": [
    {
      "id": 0,
      "shape": "square",
      "size": "large",
      "color": "orange",
      "center": [
        52,
        51
      ],
      "bbox": {
        "x_min": 12,
        "y_min": 11,
        "x_max": 92,
        "y_max": 91
      }
    },
    {
      "id": 1,
      "shape": "circle",
      "size": "large",
      "color": "orange",
      "center": [
        152,
        142
      ],
      "bbox": {
        "x_min": 112,
        "y_min": 102,
        "x_max": 192,
        "y_max": 182
      }
    },
    {
      "id": 2,
      "shape": "square",
      "size": "large",
      "color": "yellow",
      "center": [
        59,
        166
      ],
      "bbox": {
        "x_min": 19,
        "y_min": 126,
        "x_max": 99,
        "y_max": 206
      }
    },
    {
      "id": 3,
      "shape": "triangle",
      "size": "small",
      "color": "cyan",
      "center": [
        147,
        68
      ],
      "bbox": {
        "x_min": 129,
        "y_min": 48,
        "x_max": 164,
        "y_max": 78
      }
    }
  ],
  "relations": [
    {
      "subject_id": 0,
      "object_id": 1,
      "relation": "right_of",
      "explicit": false
    },
    {
      "subject_id": 0,
      "object_id": 2,
      "relation": "below",
      "explicit": true
    },
    {
      "subject_id": 0,
      "object_id": 3,
      "relation": "right_of",
      "explicit": true
    },
    {
      "subject_id": 1,
      "object_id": 2,
      "relation": "left_of",
      "explicit": false
    },
    {
      "subject_id": 1,
      "object_id": 3,
      "relation": "above",
      "explicit": false
    },
    {
      "subject_id": 2,
      "object_id": 3,
      "relation": "above",
      "explicit": true
    }
  ]
}