{
  "image_id": 154,
  "image_filename": "image_00154.png",
  "num_entities": 3,
  "entities": [
    {
      "id": 0,
      "shape": "circle",
      "size": "small",
      "color": "magenta",
      "center": [
        124,
        156
      ],
      "bbox": {
        "x_min": 104,
        "y_min": 136,
        "x_max": 144,
        "y_max": 176
      }
    },
    {
      "id": 1,
      "shape": "rectangle",
      "size": "small",
      "color": "cyan",
      "center": [
        66,
        75
      ],
      "bbox": {
        "x_min": 56,
        "y_min": 60,
        "x_max": 76,
        "y_max": 90
      }
    },
    {
      "id": 2,
      "shape": "triangle",
      "size": "medium",
      "color": "cyan",
      "center": [
        164,
        95
      ],
      "bbox": {
        "x_min": 138,
        "y_min": 65,
        "x_max": 189,
        "y_max": 110
      }
    }
  ],
  "relations": [
    {
      "subject_id": 0,
      "object_id": 1,
      "relation": "above",
      "explicit": false
    },
    {
      "subject_id": 0,
      "object_id": 2,
      "relation": "above",
      "explicit": true
    },
    {
      "subject_id": 1,
      "object_id": 2,
      "relation": "right_of",
      "explicit": true
    }
  ]
}