{
  "image_id": 144,
  "image_filename": "image_00144.png",
  "num_entities": 4,
  "entities": [
    {
      "id": 0,
      "shape": "triangle",
      "size": "medium",
      "color": "green",
      "center": [
        163,
        152
      ],
      "bbox": {
        "x_min": 137,
        "y_min": 122,
        "x_max": 188,
        "y_max": 167
      }
    },
    {
      "id": 1,
      "shape": "rectangle",
      "size": "small",
      "color": "green",
      "center": [
        95,
        60
      ],
      "bbox": {
        "x_min": 85,
        "y_min": 45,
        "x_max": 105,
        "y_max": 75
      }
    },
    {
      "id": 2,
      "shape": "triangle",
      "size": "large",
      "color": "red",
      "center": [
        64,
        137
      ],
      "bbox": {
        "x_min": 29,
        "y_min": 97,
        "x_max": 98,
        "y_max": 157
      }
    },
    {
      "id": 3,
      "shape": "square",
      "size": "small",
      "color": "blue",
      "center": [
        144,
        74
      ],
      "bbox": {
        "x_min": 124,
        "y_min": 54,
        "x_max": 164,
        "y_max": 94
      }
    }
  ],
  "relations": [
    {
      "subject_id": 0,
      "object_id": 1,
      "relation": "above",
      "explicit": false
    },
    {
      "subject_id": 0,
      "object_id": 2,
      "relation": "left_of",
      "explicit": true
    },
    {
      "subject_id": 0,
      "object_id": 3,
      "relation": "above",
      "explicit": false
    },
    {
      "subject_id": 1,
      "object_id": 2,
      "relation": "below",
      "explicit": false
    },
    {
      "subject_id": 1,
      "object_id": 3,
      "relation": "right_of",
      "explicit": true
    },
    {
      "subject_id": 2,
      "object_id": 3,
      "relation": "right_of",
      "explicit": false
    }
  ]
}