{
  "image_id": 75,
  "image_filename": "image_00075.png",
  "num_entities": 3,
  "entities": [
    {
      "id": 0,
      "shape": "rectangle",
      "size": "small",
      "color": "red",
      "center": [
        160,
        86
      ],
      "bbox": {
        "x_min": 150,
        "y_min": 71,
        "x_max": 170,
        "y_max": 101
      }
    },
    {
      "id": 1,
      "shape": "square",
      "size": "medium",
      "color": "orange",
      "center": [
        160,
        174
      ],
      "bbox": {
        "x_min": 130,
        "y_min": 144,
        "x_max": 190,
        "y_max": 204
      }
    },
    {
      "id": 2,
      "shape": "square",
      "size": "large",
      "color": "blue",
      "center": [
        90,
        115
      ],
      "bbox": {
        "x_min": 50,
        "y_min": 75,
        "x_max": 130,
        "y_max": 155
      }
    }
  ],
  "relations": [
    {
      "subject_id": 0,
      "object_id": 1,
      "relation": "below",
      "explicit": true
    },
    {
      "subject_id": 0,
      "object_id": 2,
      "relation": "left_of",
      "explicit": false
    },
    {
      "subject_id": 1,
      "object_id": 2,
      "relation": "left_of",
      "explicit": false
    }
  ]
}