{
  "image_id": 542,
  "image_filename": "image_00542.png",
  "num_entities": 4,
  "entities": [
    {
      "id": 0,
      "shape": "triangle",
      "size": "large",
      "color": "yellow",
      "center": [
        139,
        134
      ],
      "bbox": {
        "x_min": 104,
        "y_min": 94,
        "x_max": 173,
        "y_max": 154
      }
    },
    {
      "id": 1,
      "shape": "square",
      "size": "small",
      "color": "blue",
      "center": [
        128,
        52
      ],
      "bbox": {
        "x_min": 108,
        "y_min": 32,
        "x_max": 148,
        "y_max": 72
      }
    },
    {
      "id": 2,
      "shape": "triangle",
      "size": "small",
      "color": "red",
      "center": [
        65,
        73
      ],
      "bbox": {
        "x_min": 47,
        "y_min": 53,
        "x_max": 82,
        "y_max": 83
      }
    },
    {
      "id": 3,
      "shape": "triangle",
      "size": "small",
      "color": "orange",
      "center": [
        53,
        167
      ],
      "bbox": {
        "x_min": 35,
        "y_min": 147,
        "x_max": 70,
        "y_max": 177
      }
    }
  ],
  "relations": [
    {
      "subject_id": 0,
      "object_id": 1,
      "relation": "above",
      "explicit": false
    },
    {
      "subject_id": 0,
      "object_id": 2,
      "relation": "left_of",
      "explicit": false
    },
    {
      "subject_id": 0,
      "object_id": 3,
      "relation": "left_of",
      "explicit": false
    },
    {
      "subject_id": 1,
      "object_id": 2,
      "relation": "left_of",
      "explicit": true
    },
    {
      "subject_id": 1,
      "object_id": 3,
      "relation": "below",
      "explicit": false
    },
    {
      "subject_id": 2,
      "object_id": 3,
      "relation": "below",
      "explicit": false
    }
  ]
}