{
  "image_id": 452,
  "image_filename": "image_00452.png",
  "num_entities": 4,
  "entities": [
    {
      "id": 0,
      "shape": "triangle",
      "size": "medium",
      "color": "blue",
      "center": [
        104,
        152
      ],
      "bbox": {
        "x_min": 78,
        "y_min": 122,
        "x_max": 129,
        "y_max": 167
      }
    },
    {
      "id": 1,
      "shape": "circle",
      "size": "medium",
      "color": "purple",
      "center": [
        54,
        72
      ],
      "bbox": {
        "x_min": 24,
        "y_min": 42,
        "x_max": 84,
        "y_max": 102
      }
    },
    {
      "id": 2,
      "shape": "square",
      "size": "large",
      "color": "blue",
      "center": [
        160,
        91
      ],
      "bbox": {
        "x_min": 120,
        "y_min": 51,
        "x_max": 200,
        "y_max": 131
      }
    },
    {
      "id": 3,
      "shape": "square",
      "size": "small",
      "color": "magenta",
      "center": [
        163,
        172
      ],
      "bbox": {
        "x_min": 143,
        "y_min": 152,
        "x_max": 183,
        "y_max": 192
      }
    }
  ],
  "relations": [
    {
      "subject_id": 0,
      "object_id": 1,
      "relation": "above",
      "explicit": true
    },
    {
      "subject_id": 0,
      "object_id": 2,
      "relation": "above",
      "explicit": true
    },
    {
      "subject_id": 0,
      "object_id": 3,
      "relation": "right_of",
      "explicit": false
    },
    {
      "subject_id": 1,
      "object_id": 2,
      "relation": "right_of",
      "explicit": false
    },
    {
      "subject_id": 1,
      "object_id": 3,
      "relation": "right_of",
      "explicit": false
    },
    {
      "subject_id": 2,
      "object_id": 3,
      "relation": "below",
      "explicit": true
    }
  ]
}