{
  "image_id": 584,
  "image_filename": "image_00584.png",
  "num_entities": 2,
  "entities": [
    {
      "id": 0,
      "shape": "circle",
      "size": "medium",
      "color": "blue",
      "center": [
        141,
        119
      ],
      "bbox": {
        "x_min": 111,
        "y_min": 89,
        "x_max": 171,
        "y_max": 149
      }
    },
    {
      "id": 1,
      "shape": "circle",
      "size": "small",
      "color": "red",
      "center": [
        124,
        58
      ],
      "bbox": {
        "x_min": 104,
        "y_min": 38,
        "x_max": 144,
        "y_max": 78
      }
    }
  ],
  "relations": [
    {
      "subject_id": 0,
      "object_id": 1,
      "relation": "above",
      "explicit": false
    }
  ]
}