{
  "image_id": 894,
  "image_filename": "image_00894.png",
  "num_entities": 4,
  "entities": [
    {
      "id": 0,
      "shape": "triangle",
      "size": "medium",
      "color": "red",
      "center": [
        61,
        131
      ],
      "bbox": {
        "x_min": 35,
        "y_min": 101,
        "x_max": 86,
        "y_max": 146
      }
    },
    {
      "id": 1,
      "shape": "circle",
      "size": "small",
      "color": "cyan",
      "center": [
        147,
        153
      ],
      "bbox": {
        "x_min": 127,
        "y_min": 133,
        "x_max": 167,
        "y_max": 173
      }
    },
    {
      "id": 2,
      "shape": "triangle",
      "size": "large",
      "color": "blue",
      "center": [
        158,
        53
      ],
      "bbox": {
        "x_min": 123,
        "y_min": 13,
        "x_max": 192,
        "y_max": 73
      }
    },
    {
      "id": 3,
      "shape": "square",
      "size": "small",
      "color": "red",
      "center": [
        89,
        71
      ],
      "bbox": {
        "x_min": 69,
        "y_min": 51,
        "x_max": 109,
        "y_max": 91
      }
    }
  ],
  "relations": [
    {
      "subject_id": 0,
      "object_id": 1,
      "relation": "right_of",
      "explicit": false
    },
    {
      "subject_id": 0,
      "object_id": 2,
      "relation": "right_of",
      "explicit": false
    },
    {
      "subject_id": 0,
      "object_id": 3,
      "relation": "above",
      "explicit": false
    },
    {
      "subject_id": 1,
      "object_id": 2,
      "relation": "above",
      "explicit": false
    },
    {
      "subject_id": 1,
      "object_id": 3,
      "relation": "above",
      "explicit": true
    },
    {
      "subject_id": 2,
      "object_id": 3,
      "relation": "left_of",
      "explicit": true
    }
  ]
}