{
  "image_id": 61,
  "image_filename": "image_00061.png",
  "num_entities": 4,
  "entities": [
    {
      "id": 0,
      "shape": "triangle",
      "size": "small",
      "color": "magenta",
      "center": [
        112,
        88
      ],
      "bbox": {
        "x_min": 94,
        "y_min": 68,
        "x_max": 129,
        "y_max": 98
      }
    },
    {
      "id": 1,
      "shape": "circle",
      "size": "large",
      "color": "blue",
      "center": [
        111,
        160
      ],
      "bbox": {
        "x_min": 71,
        "y_min": 120,
        "x_max": 151,
        "y_max": 200
      }
    },
    {
      "id": 2,
      "shape": "square",
      "size": "medium",
      "color": "cyan",
      "center": [
        51,
        96
      ],
      "bbox": {
        "x_min": 21,
        "y_min": 66,
        "x_max": 81,
        "y_max": 126
      }
    },
    {
      "id": 3,
      "shape": "square",
      "size": "small",
      "color": "orange",
      "center": [
        168,
        97
      ],
      "bbox": {
        "x_min": 148,
        "y_min": 77,
        "x_max": 188,
        "y_max": 117
      }
    }
  ],
  "relations": [
    {
      "subject_id": 0,
      "object_id": 1,
      "relation": "below",
      "explicit": false
    },
    {
      "subject_id": 0,
      "object_id": 2,
      "relation": "left_of",
      "explicit": false
    },
    {
      "subject_id": 0,
      "object_id": 3,
      "relation": "right_of",
      "explicit": true
    },
    {
      "subject_id": 1,
      "object_id": 2,
      "relation": "above",
      "explicit": true
    },
    {
      "subject_id": 1,
      "object_id": 3,
      "relation": "above",
      "explicit": true
    },
    {
      "subject_id": 2,
      "object_id": 3,
      "relation": "right_of",
      "explicit": true
    }
  ]
}