{
  "image_id": 440,
  "image_filename": "image_00440.png",
  "num_entities": 3,
  "entities": [
    {
      "id": 0,
      "shape": "rectangle",
      "size": "large",
      "color": "purple",
      "center": [
        94,
        107
      ],
      "bbox": {
        "x_min": 74,
        "y_min": 77,
        "x_max": 114,
        "y_max": 137
      }
    },
    {
      "id": 1,
      "shape": "rectangle",
      "size": "medium",
      "color": "cyan",
      "center": [
        155,
        169
      ],
      "bbox": {
        "x_min": 140,
        "y_min": 147,
        "x_max": 170,
        "y_max": 191
      }
    },
    {
      "id": 2,
      "shape": "triangle",
      "size": "small",
      "color": "blue",
      "center": [
        174,
        102
      ],
      "bbox": {
        "x_min": 156,
        "y_min": 82,
        "x_max": 191,
        "y_max": 112
      }
    }
  ],
  "relations": [
    {
      "subject_id": 0,
      "object_id": 1,
      "relation": "below",
      "explicit": true
    },
    {
      "subject_id": 0,
      "object_id": 2,
      "relation": "right_of",
      "explicit": false
    },
    {
      "subject_id": 1,
      "object_id": 2,
      "relation": "above",
      "explicit": false
    }
  ]
}