{
  "image_id": 725,
  "image_filename": "image_00725.png",
  "num_entities": 4,
  "entities": [
    {
      "id": 0,
      "shape": "square",
      "size": "medium",
      "color": "cyan",
      "center": [
        80,
        143
      ],
      "bbox": {
        "x_min": 50,
        "y_min": 113,
        "x_max": 110,
        "y_max": 173
      }
    },
    {
      "id": 1,
      "shape": "circle",
      "size": "large",
      "color": "purple",
      "center": [
        171,
        147
      ],
      "bbox": {
        "x_min": 131,
        "y_min": 107,
        "x_max": 211,
        "y_max": 187
      }
    },
    {
      "id": 2,
      "shape": "circle",
      "size": "small",
      "color": "purple",
      "center": [
        82,
        71
      ],
      "bbox": {
        "x_min": 62,
        "y_min": 51,
        "x_max": 102,
        "y_max": 91
      }
    },
    {
      "id": 3,
      "shape": "rectangle",
      "size": "small",
      "color": "yellow",
      "center": [
        157,
        78
      ],
      "bbox": {
        "x_min": 147,
        "y_min": 63,
        "x_max": 167,
        "y_max": 93
      }
    }
  ],
  "relations": [
    {
      "subject_id": 0,
      "object_id": 1,
      "relation": "right_of",
      "explicit": false
    },
    {
      "subject_id": 0,
      "object_id": 2,
      "relation": "above",
      "explicit": true
    },
    {
      "subject_id": 0,
      "object_id": 3,
      "relation": "right_of",
      "explicit": false
    },
    {
      "subject_id": 1,
      "object_id": 2,
      "relation": "left_of",
      "explicit": true
    },
    {
      "subject_id": 1,
      "object_id": 3,
      "relation": "above",
      "explicit": true
    },
    {
      "subject_id": 2,
      "object_id": 3,
      "relation": "right_of",
      "explicit": true
    }
  ]
}