{
  "image_id": 359,
  "image_filename": "image_00359.png",
  "num_entities": 3,
  "entities": [
    {
      "id": 0,
      "shape": "rectangle",
      "size": "medium",
      "color": "cyan",
      "center": [
        79,
        118
      ],
      "bbox": {
        "x_min": 64,
        "y_min": 96,
        "x_max": 94,
        "y_max": 140
      }
    },
    {
      "id": 1,
      "shape": "rectangle",
      "size": "medium",
      "color": "blue",
      "center": [
        173,
        131
      ],
      "bbox": {
        "x_min": 158,
        "y_min": 109,
        "x_max": 188,
        "y_max": 153
      }
    },
    {
      "id": 2,
      "shape": "rectangle",
      "size": "medium",
      "color": "green",
      "center": [
        126,
        52
      ],
      "bbox": {
        "x_min": 111,
        "y_min": 30,
        "x_max": 141,
        "y_max": 74
      }
    }
  ],
  "relations": [
    {
      "subject_id": 0,
      "object_id": 1,
      "relation": "right_of",
      "explicit": true
    },
    {
      "subject_id": 0,
      "object_id": 2,
      "relation": "above",
      "explicit": true
    },
    {
      "subject_id": 1,
      "object_id": 2,
      "relation": "above",
      "explicit": false
    }
  ]
}