{
  "image_id": 748,
  "image_filename": "image_00748.png",
  "num_entities": 3,
  "entities": [
    {
      "id": 0,
      "shape": "square",
      "size": "medium",
      "color": "orange",
      "center": [
        105,
        63
      ],
      "bbox": {
        "x_min": 75,
        "y_min": 33,
        "x_max": 135,
        "y_max": 93
      }
    },
    {
      "id": 1,
      "shape": "rectangle",
      "size": "medium",
      "color": "magenta",
      "center": [
        166,
        131
      ],
      "bbox": {
        "x_min": 151,
        "y_min": 109,
        "x_max": 181,
        "y_max": 153
      }
    },
    {
      "id": 2,
      "shape": "circle",
      "size": "small",
      "color": "cyan",
      "center": [
        87,
        140
      ],
      "bbox": {
        "x_min": 67,
        "y_min": 120,
        "x_max": 107,
        "y_max": 160
      }
    }
  ],
  "relations": [
    {
      "subject_id": 0,
      "object_id": 1,
      "relation": "below",
      "explicit": false
    },
    {
      "subject_id": 0,
      "object_id": 2,
      "relation": "below",
      "explicit": true
    },
    {
      "subject_id": 1,
      "object_id": 2,
      "relation": "left_of",
      "explicit": true
    }
  ]
}