{
  "image_id": 36,
  "image_filename": "image_00036.png",
  "num_entities": 3,
  "entities": [
    {
      "id": 0,
      "shape": "square",
      "size": "large",
      "color": "orange",
      "center": [
        130,
        88
      ],
      "bbox": {
        "x_min": 90,
        "y_min": 48,
        "x_max": 170,
        "y_max": 128
      }
    },
    {
      "id": 1,
      "shape": "square",
      "size": "small",
      "color": "red",
      "center": [
        86,
        154
      ],
      "bbox": {
        "x_min": 66,
        "y_min": 134,
        "x_max": 106,
        "y_max": 174
      }
    },
    {
      "id": 2,
      "shape": "rectangle",
      "size": "small",
      "color": "cyan",
      "center": [
        148,
        170
      ],
      "bbox": {
        "x_min": 138,
        "y_min": 155,
        "x_max": 158,
        "y_max": 185
      }
    }
  ],
  "relations": [
    {
      "subject_id": 0,
      "object_id": 1,
      "relation": "below",
      "explicit": true
    },
    {
      "subject_id": 0,
      "object_id": 2,
      "relation": "below",
      "explicit": true
    },
    {
      "subject_id": 1,
      "object_id": 2,
      "relation": "right_of",
      "explicit": false
    }
  ]
}