{
  "image_id": 887,
  "image_filename": "image_00887.png",
  "num_entities": 4,
  "entities": [
    {
      "id": 0,
      "shape": "rectangle",
      "size": "small",
      "color": "cyan",
      "center": [
        65,
        153
      ],
      "bbox": {
        "x_min": 55,
        "y_min": 138,
        "x_max": 75,
        "y_max": 168
      }
    },
    {
      "id": 1,
      "shape": "rectangle",
      "size": "small",
      "color": "yellow",
      "center": [
        169,
        91
      ],
      "bbox": {
        "x_min": 159,
        "y_min": 76,
        "x_max": 179,
        "y_max": 106
      }
    },
    {
      "id": 2,
      "shape": "square",
      "size": "large",
      "color": "orange",
      "center": [
        111,
        50
      ],
      "bbox": {
        "x_min": 71,
        "y_min": 10,
        "x_max": 151,
        "y_max": 90
      }
    },
    {
      "id": 3,
      "shape": "circle",
      "size": "small",
      "color": "cyan",
      "center": [
        154,
        152
      ],
      "bbox": {
        "x_min": 134,
        "y_min": 132,
        "x_max": 174,
        "y_max": 172
      }
    }
  ],
  "relations": [
    {
      "subject_id": 0,
      "object_id": 1,
      "relation": "right_of",
      "explicit": true
    },
    {
      "subject_id": 0,
      "object_id": 2,
      "relation": "above",
      "explicit": true
    },
    {
      "subject_id": 0,
      "object_id": 3,
      "relation": "right_of",
      "explicit": true
    },
    {
      "subject_id": 1,
      "object_id": 2,
      "relation": "left_of",
      "explicit": false
    },
    {
      "subject_id": 1,
      "object_id": 3,
      "relation": "below",
      "explicit": false
    },
    {
      "subject_id": 2,
      "object_id": 3,
      "relation": "below",
      "explicit": false
    }
  ]
}