{
  "image_id": 522,
  "image_filename": "image_00522.png",
  "num_entities": 3,
  "entities": [
    {
      "id": 0,
      "shape": "square",
      "size": "small",
      "color": "yellow",
      "center": [
        147,
        149
      ],
      "bbox": {
        "x_min": 127,
        "y_min": 129,
        "x_max": 167,
        "y_max": 169
      }
    },
    {
      "id": 1,
      "shape": "rectangle",
      "size": "medium",
      "color": "purple",
      "center": [
        69,
        148
      ],
      "bbox": {
        "x_min": 54,
        "y_min": 126,
        "x_max": 84,
        "y_max": 170
      }
    },
    {
      "id": 2,
      "shape": "square",
      "size": "large",
      "color": "purple",
      "center": [
        99,
        63
      ],
      "bbox": {
        "x_min": 59,
        "y_min": 23,
        "x_max": 139,
        "y_max": 103
      }
    }
  ],
  "relations": [
    {
      "subject_id": 0,
      "object_id": 1,
      "relation": "left_of",
      "explicit": true
    },
    {
      "subject_id": 0,
      "object_id": 2,
      "relation": "above",
      "explicit": true
    },
    {
      "subject_id": 1,
      "object_id": 2,
      "relation": "above",
      "explicit": false
    }
  ]
}