{
  "image_id": 539,
  "image_filename": "image_00539.png",
  "num_entities": 2,
  "entities": [
    {
      "id": 0,
      "shape": "rectangle",
      "size": "medium",
      "color": "blue",
      "center": [
        131,
        58
      ],
      "bbox": {
        "x_min": 116,
        "y_min": 36,
        "x_max": 146,
        "y_max": 80
      }
    },
    {
      "id": 1,
      "shape": "rectangle",
      "size": "small",
      "color": "blue",
      "center": [
        115,
        118
      ],
      "bbox": {
        "x_min": 105,
        "y_min": 103,
        "x_max": 125,
        "y_max": 133
      }
    }
  ],
  "relations": [
    {
      "subject_id": 0,
      "object_id": 1,
      "relation": "below",
      "explicit": true
    }
  ]
}