{
  "image_id": 27,
  "image_filename": "image_00027.png",
  "num_entities": 3,
  "entities": [
    {
      "id": 0,
      "shape": "rectangle",
      "size": "medium",
      "color": "orange",
      "center": [
        136,
        68
      ],
      "bbox": {
        "x_min": 121,
        "y_min": 46,
        "x_max": 151,
        "y_max": 90
      }
    },
    {
      "id": 1,
      "shape": "rectangle",
      "size": "medium",
      "color": "red",
      "center": [
        130,
        173
      ],
      "bbox": {
        "x_min": 115,
        "y_min": 151,
        "x_max": 145,
        "y_max": 195
      }
    },
    {
      "id": 2,
      "shape": "triangle",
      "size": "small",
      "color": "purple",
      "center": [
        72,
        126
      ],
      "bbox": {
        "x_min": 54,
        "y_min": 106,
        "x_max": 89,
        "y_max": 136
      }
    }
  ],
  "relations": [
    {
      "subject_id": 0,
      "object_id": 1,
      "relation": "below",
      "explicit": true
    },
    {
      "subject_id": 0,
      "object_id": 2,
      "relation": "left_of",
      "explicit": false
    },
    {
      "subject_id": 1,
      "object_id": 2,
      "relation": "left_of",
      "explicit": true
    }
  ]
}