{
  "image_id": 598,
  "image_filename": "image_00598.png",
  "num_entities": 4,
  "entities": [
    {
      "id": 0,
      "shape": "rectangle",
      "size": "large",
      "color": "red",
      "center": [
        150,
        83
      ],
      "bbox": {
        "x_min": 130,
        "y_min": 53,
        "x_max": 170,
        "y_max": 113
      }
    },
    {
      "id": 1,
      "shape": "triangle",
      "size": "small",
      "color": "cyan",
      "center": [
        141,
        169
      ],
      "bbox": {
        "x_min": 123,
        "y_min": 149,
        "x_max": 158,
        "y_max": 179
      }
    },
    {
      "id": 2,
      "shape": "circle",
      "size": "medium",
      "color": "orange",
      "center": [
        57,
        151
      ],
      "bbox": {
        "x_min": 27,
        "y_min": 121,
        "x_max": 87,
        "y_max": 181
      }
    },
    {
      "id": 3,
      "shape": "circle",
      "size": "small",
      "color": "red",
      "center": [
        68,
        80
      ],
      "bbox": {
        "x_min": 48,
        "y_min": 60,
        "x_max": 88,
        "y_max": 100
      }
    }
  ],
  "relations": [
    {
      "subject_id": 0,
      "object_id": 1,
      "relation": "below",
      "explicit": false
    },
    {
      "subject_id": 0,
      "object_id": 2,
      "relation": "left_of",
      "explicit": false
    },
    {
      "subject_id": 0,
      "object_id": 3,
      "relation": "left_of",
      "explicit": true
    },
    {
      "subject_id": 1,
      "object_id": 2,
      "relation": "left_of",
      "explicit": false
    },
    {
      "subject_id": 1,
      "object_id": 3,
      "relation": "above",
      "explicit": false
    },
    {
      "subject_id": 2,
      "object_id": 3,
      "relation": "above",
      "explicit": false
    }
  ]
}