{
  "image_id": 920,
  "image_filename": "image_00920.png",
  "num_entities": 3,
  "entities": [
    {
      "id": 0,
      "shape": "circle",
      "size": "large",
      "color": "orange",
      "center": [
        172,
        125
      ],
      "bbox": {
        "x_min": 132,
        "y_min": 85,
        "x_max": 212,
        "y_max": 165
      }
    },
    {
      "id": 1,
      "shape": "rectangle",
      "size": "large",
      "color": "blue",
      "center": [
        65,
        98
      ],
      "bbox": {
        "x_min": 45,
        "y_min": 68,
        "x_max": 85,
        "y_max": 128
      }
    },
    {
      "id": 2,
      "shape": "rectangle",
      "size": "small",
      "color": "blue",
      "center": [
        72,
        169
      ],
      "bbox": {
        "x_min": 62,
        "y_min": 154,
        "x_max": 82,
        "y_max": 184
      }
    }
  ],
  "relations": [
    {
      "subject_id": 0,
      "object_id": 1,
      "relation": "left_of",
      "explicit": true
    },
    {
      "subject_id": 0,
      "object_id": 2,
      "relation": "left_of",
      "explicit": false
    },
    {
      "subject_id": 1,
      "object_id": 2,
      "relation": "below",
      "explicit": true
    }
  ]
}