{
  "image_id": 931,
  "image_filename": "image_00931.png",
  "num_entities": 4,
  "entities": [
    {
      "id": 0,
      "shape": "rectangle",
      "size": "medium",
      "color": "cyan",
      "center": [
        102,
        131
      ],
      "bbox": {
        "x_min": 87,
        "y_min": 109,
        "x_max": 117,
        "y_max": 153
      }
    },
    {
      "id": 1,
      "shape": "circle",
      "size": "large",
      "color": "magenta",
      "center": [
        158,
        68
      ],
      "bbox": {
        "x_min": 118,
        "y_min": 28,
        "x_max": 198,
        "y_max": 108
      }
    },
    {
      "id": 2,
      "shape": "square",
      "size": "large",
      "color": "purple",
      "center": [
        65,
        60
      ],
      "bbox": {
        "x_min": 25,
        "y_min": 20,
        "x_max": 105,
        "y_max": 100
      }
    },
    {
      "id": 3,
      "shape": "square",
      "size": "small",
      "color": "green",
      "center": [
        167,
        157
      ],
      "bbox": {
        "x_min": 147,
        "y_min": 137,
        "x_max": 187,
        "y_max": 177
      }
    }
  ],
  "relations": [
    {
      "subject_id": 0,
      "object_id": 1,
      "relation": "above",
      "explicit": false
    },
    {
      "subject_id": 0,
      "object_id": 2,
      "relation": "above",
      "explicit": false
    },
    {
      "subject_id": 0,
      "object_id": 3,
      "relation": "right_of",
      "explicit": true
    },
    {
      "subject_id": 1,
      "object_id": 2,
      "relation": "left_of",
      "explicit": false
    },
    {
      "subject_id": 1,
      "object_id": 3,
      "relation": "below",
      "explicit": false
    },
    {
      "subject_id": 2,
      "object_id": 3,
      "relation": "right_of",
      "explicit": false
    }
  ]
}