{
  "image_id": 760,
  "image_filename": "image_00760.png",
  "num_entities": 2,
  "entities": [
    {
      "id": 0,
      "shape": "triangle",
      "size": "small",
      "color": "red",
      "center": [
        93,
        114
      ],
      "bbox": {
        "x_min": 75,
        "y_min": 94,
        "x_max": 110,
        "y_max": 124
      }
    },
    {
      "id": 1,
      "shape": "square",
      "size": "small",
      "color": "red",
      "center": [
        172,
        100
      ],
      "bbox": {
        "x_min": 152,
        "y_min": 80,
        "x_max": 192,
        "y_max": 120
      }
    }
  ],
  "relations": [
    {
      "subject_id": 0,
      "object_id": 1,
      "relation": "right_of",
      "explicit": false
    }
  ]
}