{
  "image_id": 758,
  "image_filename": "image_00758.png",
  "num_entities": 3,
  "entities": [
    {
      "id": 0,
      "shape": "circle",
      "size": "medium",
      "color": "red",
      "center": [
        172,
        54
      ],
      "bbox": {
        "x_min": 142,
        "y_min": 24,
        "x_max": 202,
        "y_max": 84
      }
    },
    {
      "id": 1,
      "shape": "rectangle",
      "size": "medium",
      "color": "orange",
      "center": [
        167,
        173
      ],
      "bbox": {
        "x_min": 152,
        "y_min": 151,
        "x_max": 182,
        "y_max": 195
      }
    },
    {
      "id": 2,
      "shape": "square",
      "size": "medium",
      "color": "green",
      "center": [
        55,
        150
      ],
      "bbox": {
        "x_min": 25,
        "y_min": 120,
        "x_max": 85,
        "y_max": 180
      }
    }
  ],
  "relations": [
    {
      "subject_id": 0,
      "object_id": 1,
      "relation": "below",
      "explicit": false
    },
    {
      "subject_id": 0,
      "object_id": 2,
      "relation": "left_of",
      "explicit": false
    },
    {
      "subject_id": 1,
      "object_id": 2,
      "relation": "left_of",
      "explicit": true
    }
  ]
}