{
  "image_id": 428,
  "image_filename": "image_00428.png",
  "num_entities": 3,
  "entities": [
    {
      "id": 0,
      "shape": "rectangle",
      "size": "large",
      "color": "orange",
      "center": [
        149,
        144
      ],
      "bbox": {
        "x_min": 129,
        "y_min": 114,
        "x_max": 169,
        "y_max": 174
      }
    },
    {
      "id": 1,
      "shape": "square",
      "size": "small",
      "color": "purple",
      "center": [
        57,
        81
      ],
      "bbox": {
        "x_min": 37,
        "y_min": 61,
        "x_max": 77,
        "y_max": 101
      }
    },
    {
      "id": 2,
      "shape": "rectangle",
      "size": "small",
      "color": "purple",
      "center": [
        170,
        69
      ],
      "bbox": {
        "x_min": 160,
        "y_min": 54,
        "x_max": 180,
        "y_max": 84
      }
    }
  ],
  "relations": [
    {
      "subject_id": 0,
      "object_id": 1,
      "relation": "left_of",
      "explicit": true
    },
    {
      "subject_id": 0,
      "object_id": 2,
      "relation": "above",
      "explicit": true
    },
    {
      "subject_id": 1,
      "object_id": 2,
      "relation": "right_of",
      "explicit": true
    }
  ]
}