{
  "image_id": 920,
  "image_filename": "image_00920.png",
  "num_entities": 2,
  "entities": [
    {
      "id": 0,
      "shape": "square",
      "size": "small",
      "color": "purple",
      "center": [
        55,
        116
      ],
      "bbox": {
        "x_min": 35,
        "y_min": 96,
        "x_max": 75,
        "y_max": 136
      }
    },
    {
      "id": 1,
      "shape": "circle",
      "size": "medium",
      "color": "magenta",
      "center": [
        123,
        55
      ],
      "bbox": {
        "x_min": 93,
        "y_min": 25,
        "x_max": 153,
        "y_max": 85
      }
    }
  ],
  "relations": [
    {
      "subject_id": 0,
      "object_id": 1,
      "relation": "right_of",
      "explicit": true
    }
  ]
}