{
  "image_id": 493,
  "image_filename": "image_00493.png",
  "num_entities": 4,
  "entities": [
    {
      "id": 0,
      "shape": "triangle",
      "size": "medium",
      "color": "blue",
      "center": [
        54,
        126
      ],
      "bbox": {
        "x_min": 28,
        "y_min": 96,
        "x_max": 79,
        "y_max": 141
      }
    },
    {
      "id": 1,
      "shape": "rectangle",
      "size": "small",
      "color": "purple",
      "center": [
        112,
        147
      ],
      "bbox": {
        "x_min": 102,
        "y_min": 132,
        "x_max": 122,
        "y_max": 162
      }
    },
    {
      "id": 2,
      "shape": "circle",
      "size": "small",
      "color": "blue",
      "center": [
        79,
        71
      ],
      "bbox": {
        "x_min": 59,
        "y_min": 51,
        "x_max": 99,
        "y_max": 91
      }
    },
    {
      "id": 3,
      "shape": "rectangle",
      "size": "large",
      "color": "orange",
      "center": [
        172,
        63
      ],
      "bbox": {
        "x_min": 152,
        "y_min": 33,
        "x_max": 192,
        "y_max": 93
      }
    }
  ],
  "relations": [
    {
      "subject_id": 0,
      "object_id": 1,
      "relation": "right_of",
      "explicit": true
    },
    {
      "subject_id": 0,
      "object_id": 2,
      "relation": "above",
      "explicit": true
    },
    {
      "subject_id": 0,
      "object_id": 3,
      "relation": "right_of",
      "explicit": true
    },
    {
      "subject_id": 1,
      "object_id": 2,
      "relation": "above",
      "explicit": false
    },
    {
      "subject_id": 1,
      "object_id": 3,
      "relation": "above",
      "explicit": true
    },
    {
      "subject_id": 2,
      "object_id": 3,
      "relation": "right_of",
      "explicit": false
    }
  ]
}