{
  "image_id": 567,
  "image_filename": "image_00567.png",
  "num_entities": 3,
  "entities": [
    {
      "id": 0,
      "shape": "rectangle",
      "size": "medium",
      "color": "purple",
      "center": [
        146,
        64
      ],
      "bbox": {
        "x_min": 131,
        "y_min": 42,
        "x_max": 161,
        "y_max": 86
      }
    },
    {
      "id": 1,
      "shape": "circle",
      "size": "large",
      "color": "cyan",
      "center": [
        120,
        152
      ],
      "bbox": {
        "x_min": 80,
        "y_min": 112,
        "x_max": 160,
        "y_max": 192
      }
    },
    {
      "id": 2,
      "shape": "rectangle",
      "size": "small",
      "color": "red",
      "center": [
        67,
        69
      ],
      "bbox": {
        "x_min": 57,
        "y_min": 54,
        "x_max": 77,
        "y_max": 84
      }
    }
  ],
  "relations": [
    {
      "subject_id": 0,
      "object_id": 1,
      "relation": "below",
      "explicit": false
    },
    {
      "subject_id": 0,
      "object_id": 2,
      "relation": "left_of",
      "explicit": false
    },
    {
      "subject_id": 1,
      "object_id": 2,
      "relation": "above",
      "explicit": false
    }
  ]
}