{
  "image_id": 460,
  "image_filename": "image_00460.png",
  "num_entities": 3,
  "entities": [
    {
      "id": 0,
      "shape": "circle",
      "size": "small",
      "color": "green",
      "center": [
        110,
        151
      ],
      "bbox": {
        "x_min": 90,
        "y_min": 131,
        "x_max": 130,
        "y_max": 171
      }
    },
    {
      "id": 1,
      "shape": "rectangle",
      "size": "small",
      "color": "green",
      "center": [
        60,
        168
      ],
      "bbox": {
        "x_min": 50,
        "y_min": 153,
        "x_max": 70,
        "y_max": 183
      }
    },
    {
      "id": 2,
      "shape": "circle",
      "size": "large",
      "color": "red",
      "center": [
        126,
        50
      ],
      "bbox": {
        "x_min": 86,
        "y_min": 10,
        "x_max": 166,
        "y_max": 90
      }
    }
  ],
  "relations": [
    {
      "subject_id": 0,
      "object_id": 1,
      "relation": "left_of",
      "explicit": true
    },
    {
      "subject_id": 0,
      "object_id": 2,
      "relation": "above",
      "explicit": true
    },
    {
      "subject_id": 1,
      "object_id": 2,
      "relation": "above",
      "explicit": true
    }
  ]
}