{
  "image_id": 280,
  "image_filename": "image_00280.png",
  "num_entities": 2,
  "entities": [
    {
      "id": 0,
      "shape": "rectangle",
      "size": "medium",
      "color": "cyan",
      "center": [
        86,
        126
      ],
      "bbox": {
        "x_min": 71,
        "y_min": 104,
        "x_max": 101,
        "y_max": 148
      }
    },
    {
      "id": 1,
      "shape": "triangle",
      "size": "large",
      "color": "blue",
      "center": [
        165,
        56
      ],
      "bbox": {
        "x_min": 130,
        "y_min": 16,
        "x_max": 199,
        "y_max": 76
      }
    }
  ],
  "relations": [
    {
      "subject_id": 0,
      "object_id": 1,
      "relation": "right_of",
      "explicit": false
    }
  ]
}