{
  "image_id": 746,
  "image_filename": "image_00746.png",
  "num_entities": 3,
  "entities": [
    {
      "id": 0,
      "shape": "circle",
      "size": "large",
      "color": "red",
      "center": [
        72,
        109
      ],
      "bbox": {
        "x_min": 32,
        "y_min": 69,
        "x_max": 112,
        "y_max": 149
      }
    },
    {
      "id": 1,
      "shape": "square",
      "size": "small",
      "color": "yellow",
      "center": [
        166,
        56
      ],
      "bbox": {
        "x_min": 146,
        "y_min": 36,
        "x_max": 186,
        "y_max": 76
      }
    },
    {
      "id": 2,
      "shape": "circle",
      "size": "medium",
      "color": "purple",
      "center": [
        135,
        174
      ],
      "bbox": {
        "x_min": 105,
        "y_min": 144,
        "x_max": 165,
        "y_max": 204
      }
    }
  ],
  "relations": [
    {
      "subject_id": 0,
      "object_id": 1,
      "relation": "right_of",
      "explicit": false
    },
    {
      "subject_id": 0,
      "object_id": 2,
      "relation": "below",
      "explicit": true
    },
    {
      "subject_id": 1,
      "object_id": 2,
      "relation": "below",
      "explicit": false
    }
  ]
}