{
  "image_id": 950,
  "image_filename": "image_00950.png",
  "num_entities": 3,
  "entities": [
    {
      "id": 0,
      "shape": "square",
      "size": "large",
      "color": "purple",
      "center": [
        65,
        170
      ],
      "bbox": {
        "x_min": 25,
        "y_min": 130,
        "x_max": 105,
        "y_max": 210
      }
    },
    {
      "id": 1,
      "shape": "circle",
      "size": "large",
      "color": "red",
      "center": [
        103,
        64
      ],
      "bbox": {
        "x_min": 63,
        "y_min": 24,
        "x_max": 143,
        "y_max": 104
      }
    },
    {
      "id": 2,
      "shape": "circle",
      "size": "medium",
      "color": "blue",
      "center": [
        154,
        168
      ],
      "bbox": {
        "x_min": 124,
        "y_min": 138,
        "x_max": 184,
        "y_max": 198
      }
    }
  ],
  "relations": [
    {
      "subject_id": 0,
      "object_id": 1,
      "relation": "above",
      "explicit": false
    },
    {
      "subject_id": 0,
      "object_id": 2,
      "relation": "right_of",
      "explicit": true
    },
    {
      "subject_id": 1,
      "object_id": 2,
      "relation": "below",
      "explicit": true
    }
  ]
}