{
  "image_id": 118,
  "image_filename": "image_00118.png",
  "num_entities": 3,
  "entities": [
    {
      "id": 0,
      "shape": "triangle",
      "size": "large",
      "color": "cyan",
      "center": [
        116,
        66
      ],
      "bbox": {
        "x_min": 81,
        "y_min": 26,
        "x_max": 150,
        "y_max": 86
      }
    },
    {
      "id": 1,
      "shape": "rectangle",
      "size": "medium",
      "color": "magenta",
      "center": [
        51,
        171
      ],
      "bbox": {
        "x_min": 36,
        "y_min": 149,
        "x_max": 66,
        "y_max": 193
      }
    },
    {
      "id": 2,
      "shape": "triangle",
      "size": "large",
      "color": "orange",
      "center": [
        148,
        155
      ],
      "bbox": {
        "x_min": 113,
        "y_min": 115,
        "x_max": 182,
        "y_max": 175
      }
    }
  ],
  "relations": [
    {
      "subject_id": 0,
      "object_id": 1,
      "relation": "below",
      "explicit": true
    },
    {
      "subject_id": 0,
      "object_id": 2,
      "relation": "below",
      "explicit": true
    },
    {
      "subject_id": 1,
      "object_id": 2,
      "relation": "right_of",
      "explicit": false
    }
  ]
}