{
  "image_id": 67,
  "image_filename": "image_00067.png",
  "num_entities": 4,
  "entities": [
    {
      "id": 0,
      "shape": "circle",
      "size": "large",
      "color": "cyan",
      "center": [
        92,
        144
      ],
      "bbox": {
        "x_min": 52,
        "y_min": 104,
        "x_max": 132,
        "y_max": 184
      }
    },
    {
      "id": 1,
      "shape": "circle",
      "size": "medium",
      "color": "red",
      "center": [
        79,
        57
      ],
      "bbox": {
        "x_min": 49,
        "y_min": 27,
        "x_max": 109,
        "y_max": 87
      }
    },
    {
      "id": 2,
      "shape": "circle",
      "size": "small",
      "color": "blue",
      "center": [
        160,
        120
      ],
      "bbox": {
        "x_min": 140,
        "y_min": 100,
        "x_max": 180,
        "y_max": 140
      }
    },
    {
      "id": 3,
      "shape": "rectangle",
      "size": "small",
      "color": "green",
      "center": [
        141,
        57
      ],
      "bbox": {
        "x_min": 131,
        "y_min": 42,
        "x_max": 151,
        "y_max": 72
      }
    }
  ],
  "relations": [
    {
      "subject_id": 0,
      "object_id": 1,
      "relation": "above",
      "explicit": true
    },
    {
      "subject_id": 0,
      "object_id": 2,
      "relation": "right_of",
      "explicit": false
    },
    {
      "subject_id": 0,
      "object_id": 3,
      "relation": "above",
      "explicit": false
    },
    {
      "subject_id": 1,
      "object_id": 2,
      "relation": "right_of",
      "explicit": false
    },
    {
      "subject_id": 1,
      "object_id": 3,
      "relation": "right_of",
      "explicit": false
    },
    {
      "subject_id": 2,
      "object_id": 3,
      "relation": "above",
      "explicit": true
    }
  ]
}