{
  "image_id": 650,
  "image_filename": "image_00650.png",
  "num_entities": 3,
  "entities": [
    {
      "id": 0,
      "shape": "square",
      "size": "medium",
      "color": "purple",
      "center": [
        107,
        139
      ],
      "bbox": {
        "x_min": 77,
        "y_min": 109,
        "x_max": 137,
        "y_max": 169
      }
    },
    {
      "id": 1,
      "shape": "circle",
      "size": "medium",
      "color": "purple",
      "center": [
        138,
        68
      ],
      "bbox": {
        "x_min": 108,
        "y_min": 38,
        "x_max": 168,
        "y_max": 98
      }
    },
    {
      "id": 2,
      "shape": "square",
      "size": "large",
      "color": "magenta",
      "center": [
        50,
        59
      ],
      "bbox": {
        "x_min": 10,
        "y_min": 19,
        "x_max": 90,
        "y_max": 99
      }
    }
  ],
  "relations": [
    {
      "subject_id": 0,
      "object_id": 1,
      "relation": "above",
      "explicit": true
    },
    {
      "subject_id": 0,
      "object_id": 2,
      "relation": "above",
      "explicit": false
    },
    {
      "subject_id": 1,
      "object_id": 2,
      "relation": "left_of",
      "explicit": true
    }
  ]
}