{
  "image_id": 207,
  "image_filename": "image_00207.png",
  "num_entities": 4,
  "entities": [
    {
      "id": 0,
      "shape": "triangle",
      "size": "large",
      "color": "magenta",
      "center": [
        50,
        63
      ],
      "bbox": {
        "x_min": 15,
        "y_min": 23,
        "x_max": 84,
        "y_max": 83
      }
    },
    {
      "id": 1,
      "shape": "square",
      "size": "small",
      "color": "green",
      "center": [
        67,
        167
      ],
      "bbox": {
        "x_min": 47,
        "y_min": 147,
        "x_max": 87,
        "y_max": 187
      }
    },
    {
      "id": 2,
      "shape": "rectangle",
      "size": "medium",
      "color": "cyan",
      "center": [
        166,
        121
      ],
      "bbox": {
        "x_min": 151,
        "y_min": 99,
        "x_max": 181,
        "y_max": 143
      }
    },
    {
      "id": 3,
      "shape": "triangle",
      "size": "small",
      "color": "purple",
      "center": [
        155,
        52
      ],
      "bbox": {
        "x_min": 137,
        "y_min": 32,
        "x_max": 172,
        "y_max": 62
      }
    }
  ],
  "relations": [
    {
      "subject_id": 0,
      "object_id": 1,
      "relation": "below",
      "explicit": false
    },
    {
      "subject_id": 0,
      "object_id": 2,
      "relation": "right_of",
      "explicit": false
    },
    {
      "subject_id": 0,
      "object_id": 3,
      "relation": "right_of",
      "explicit": false
    },
    {
      "subject_id": 1,
      "object_id": 2,
      "relation": "right_of",
      "explicit": false
    },
    {
      "subject_id": 1,
      "object_id": 3,
      "relation": "above",
      "explicit": false
    },
    {
      "subject_id": 2,
      "object_id": 3,
      "relation": "above",
      "explicit": false
    }
  ]
}