{
  "image_id": 843,
  "image_filename": "image_00843.png",
  "num_entities": 3,
  "entities": [
    {
      "id": 0,
      "shape": "circle",
      "size": "small",
      "color": "orange",
      "center": [
        115,
        83
      ],
      "bbox": {
        "x_min": 95,
        "y_min": 63,
        "x_max": 135,
        "y_max": 103
      }
    },
    {
      "id": 1,
      "shape": "rectangle",
      "size": "medium",
      "color": "red",
      "center": [
        167,
        140
      ],
      "bbox": {
        "x_min": 152,
        "y_min": 118,
        "x_max": 182,
        "y_max": 162
      }
    },
    {
      "id": 2,
      "shape": "triangle",
      "size": "small",
      "color": "green",
      "center": [
        77,
        130
      ],
      "bbox": {
        "x_min": 59,
        "y_min": 110,
        "x_max": 94,
        "y_max": 140
      }
    }
  ],
  "relations": [
    {
      "subject_id": 0,
      "object_id": 1,
      "relation": "below",
      "explicit": false
    },
    {
      "subject_id": 0,
      "object_id": 2,
      "relation": "below",
      "explicit": true
    },
    {
      "subject_id": 1,
      "object_id": 2,
      "relation": "left_of",
      "explicit": true
    }
  ]
}