{
  "image_id": 567,
  "image_filename": "image_00567.png",
  "num_entities": 2,
  "entities": [
    {
      "id": 0,
      "shape": "rectangle",
      "size": "medium",
      "color": "orange",
      "center": [
        122,
        56
      ],
      "bbox": {
        "x_min": 107,
        "y_min": 34,
        "x_max": 137,
        "y_max": 78
      }
    },
    {
      "id": 1,
      "shape": "triangle",
      "size": "medium",
      "color": "green",
      "center": [
        94,
        150
      ],
      "bbox": {
        "x_min": 68,
        "y_min": 120,
        "x_max": 119,
        "y_max": 165
      }
    }
  ],
  "relations": [
    {
      "subject_id": 0,
      "object_id": 1,
      "relation": "below",
      "explicit": false
    }
  ]
}