{
  "image_id": 821,
  "image_filename": "image_00821.png",
  "num_entities": 3,
  "entities": [
    {
      "id": 0,
      "shape": "circle",
      "size": "small",
      "color": "cyan",
      "center": [
        146,
        155
      ],
      "bbox": {
        "x_min": 126,
        "y_min": 135,
        "x_max": 166,
        "y_max": 175
      }
    },
    {
      "id": 1,
      "shape": "triangle",
      "size": "small",
      "color": "green",
      "center": [
        139,
        85
      ],
      "bbox": {
        "x_min": 121,
        "y_min": 65,
        "x_max": 156,
        "y_max": 95
      }
    },
    {
      "id": 2,
      "shape": "triangle",
      "size": "medium",
      "color": "green",
      "center": [
        59,
        115
      ],
      "bbox": {
        "x_min": 33,
        "y_min": 85,
        "x_max": 84,
        "y_max": 130
      }
    }
  ],
  "relations": [
    {
      "subject_id": 0,
      "object_id": 1,
      "relation": "above",
      "explicit": false
    },
    {
      "subject_id": 0,
      "object_id": 2,
      "relation": "left_of",
      "explicit": false
    },
    {
      "subject_id": 1,
      "object_id": 2,
      "relation": "left_of",
      "explicit": false
    }
  ]
}