{
  "image_id": 641,
  "image_filename": "image_00641.png",
  "num_entities": 2,
  "entities": [
    {
      "id": 0,
      "shape": "square",
      "size": "small",
      "color": "yellow",
      "center": [
        137,
        115
      ],
      "bbox": {
        "x_min": 117,
        "y_min": 95,
        "x_max": 157,
        "y_max": 135
      }
    },
    {
      "id": 1,
      "shape": "rectangle",
      "size": "medium",
      "color": "red",
      "center": [
        85,
        166
      ],
      "bbox": {
        "x_min": 70,
        "y_min": 144,
        "x_max": 100,
        "y_max": 188
      }
    }
  ],
  "relations": [
    {
      "subject_id": 0,
      "object_id": 1,
      "relation": "left_of",
      "explicit": true
    }
  ]
}