{
  "image_id": 738,
  "image_filename": "image_00738.png",
  "num_entities": 4,
  "entities": [
    {
      "id": 0,
      "shape": "square",
      "size": "small",
      "color": "purple",
      "center": [
        59,
        61
      ],
      "bbox": {
        "x_min": 39,
        "y_min": 41,
        "x_max": 79,
        "y_max": 81
      }
    },
    {
      "id": 1,
      "shape": "circle",
      "size": "large",
      "color": "purple",
      "center": [
        139,
        84
      ],
      "bbox": {
        "x_min": 99,
        "y_min": 44,
        "x_max": 179,
        "y_max": 124
      }
    },
    {
      "id": 2,
      "shape": "circle",
      "size": "medium",
      "color": "cyan",
      "center": [
        73,
        144
      ],
      "bbox": {
        "x_min": 43,
        "y_min": 114,
        "x_max": 103,
        "y_max": 174
      }
    },
    {
      "id": 3,
      "shape": "circle",
      "size": "medium",
      "color": "green",
      "center": [
        170,
        172
      ],
      "bbox": {
        "x_min": 140,
        "y_min": 142,
        "x_max": 200,
        "y_max": 202
      }
    }
  ],
  "relations": [
    {
      "subject_id": 0,
      "object_id": 1,
      "relation": "right_of",
      "explicit": true
    },
    {
      "subject_id": 0,
      "object_id": 2,
      "relation": "below",
      "explicit": false
    },
    {
      "subject_id": 0,
      "object_id": 3,
      "relation": "below",
      "explicit": true
    },
    {
      "subject_id": 1,
      "object_id": 2,
      "relation": "left_of",
      "explicit": false
    },
    {
      "subject_id": 1,
      "object_id": 3,
      "relation": "below",
      "explicit": true
    },
    {
      "subject_id": 2,
      "object_id": 3,
      "relation": "right_of",
      "explicit": true
    }
  ]
}