{
  "image_id": 150,
  "image_filename": "image_00150.png",
  "num_entities": 2,
  "entities": [
    {
      "id": 0,
      "shape": "triangle",
      "size": "medium",
      "color": "magenta",
      "center": [
        131,
        141
      ],
      "bbox": {
        "x_min": 105,
        "y_min": 111,
        "x_max": 156,
        "y_max": 156
      }
    },
    {
      "id": 1,
      "shape": "square",
      "size": "small",
      "color": "yellow",
      "center": [
        141,
        68
      ],
      "bbox": {
        "x_min": 121,
        "y_min": 48,
        "x_max": 161,
        "y_max": 88
      }
    }
  ],
  "relations": [
    {
      "subject_id": 0,
      "object_id": 1,
      "relation": "above",
      "explicit": false
    }
  ]
}