{
  "image_id": 281,
  "image_filename": "image_00281.png",
  "num_entities": 3,
  "entities": [
    {
      "id": 0,
      "shape": "square",
      "size": "small",
      "color": "cyan",
      "center": [
        127,
        78
      ],
      "bbox": {
        "x_min": 107,
        "y_min": 58,
        "x_max": 147,
        "y_max": 98
      }
    },
    {
      "id": 1,
      "shape": "rectangle",
      "size": "large",
      "color": "orange",
      "center": [
        57,
        136
      ],
      "bbox": {
        "x_min": 37,
        "y_min": 106,
        "x_max": 77,
        "y_max": 166
      }
    },
    {
      "id": 2,
      "shape": "rectangle",
      "size": "small",
      "color": "cyan",
      "center": [
        66,
        58
      ],
      "bbox": {
        "x_min": 56,
        "y_min": 43,
        "x_max": 76,
        "y_max": 73
      }
    }
  ],
  "relations": [
    {
      "subject_id": 0,
      "object_id": 1,
      "relation": "left_of",
      "explicit": true
    },
    {
      "subject_id": 0,
      "object_id": 2,
      "relation": "left_of",
      "explicit": true
    },
    {
      "subject_id": 1,
      "object_id": 2,
      "relation": "above",
      "explicit": true
    }
  ]
}