{
  "image_id": 357,
  "image_filename": "image_00357.png",
  "num_entities": 3,
  "entities": [
    {
      "id": 0,
      "shape": "triangle",
      "size": "medium",
      "color": "yellow",
      "center": [
        126,
        155
      ],
      "bbox": {
        "x_min": 100,
        "y_min": 125,
        "x_max": 151,
        "y_max": 170
      }
    },
    {
      "id": 1,
      "shape": "triangle",
      "size": "large",
      "color": "orange",
      "center": [
        80,
        89
      ],
      "bbox": {
        "x_min": 45,
        "y_min": 49,
        "x_max": 114,
        "y_max": 109
      }
    },
    {
      "id": 2,
      "shape": "circle",
      "size": "small",
      "color": "orange",
      "center": [
        157,
        82
      ],
      "bbox": {
        "x_min": 137,
        "y_min": 62,
        "x_max": 177,
        "y_max": 102
      }
    }
  ],
  "relations": [
    {
      "subject_id": 0,
      "object_id": 1,
      "relation": "above",
      "explicit": false
    },
    {
      "subject_id": 0,
      "object_id": 2,
      "relation": "above",
      "explicit": false
    },
    {
      "subject_id": 1,
      "object_id": 2,
      "relation": "right_of",
      "explicit": false
    }
  ]
}