{
  "image_id": 258,
  "image_filename": "image_00258.png",
  "num_entities": 4,
  "entities": [
    {
      "id": 0,
      "shape": "triangle",
      "size": "medium",
      "color": "cyan",
      "center": [
        152,
        96
      ],
      "bbox": {
        "x_min": 126,
        "y_min": 66,
        "x_max": 177,
        "y_max": 111
      }
    },
    {
      "id": 1,
      "shape": "rectangle",
      "size": "medium",
      "color": "magenta",
      "center": [
        96,
        161
      ],
      "bbox": {
        "x_min": 81,
        "y_min": 139,
        "x_max": 111,
        "y_max": 183
      }
    },
    {
      "id": 2,
      "shape": "square",
      "size": "medium",
      "color": "yellow",
      "center": [
        69,
        83
      ],
      "bbox": {
        "x_min": 39,
        "y_min": 53,
        "x_max": 99,
        "y_max": 113
      }
    },
    {
      "id": 3,
      "shape": "rectangle",
      "size": "small",
      "color": "orange",
      "center": [
        166,
        162
      ],
      "bbox": {
        "x_min": 156,
        "y_min": 147,
        "x_max": 176,
        "y_max": 177
      }
    }
  ],
  "relations": [
    {
      "subject_id": 0,
      "object_id": 1,
      "relation": "below",
      "explicit": false
    },
    {
      "subject_id": 0,
      "object_id": 2,
      "relation": "left_of",
      "explicit": false
    },
    {
      "subject_id": 0,
      "object_id": 3,
      "relation": "below",
      "explicit": true
    },
    {
      "subject_id": 1,
      "object_id": 2,
      "relation": "above",
      "explicit": false
    },
    {
      "subject_id": 1,
      "object_id": 3,
      "relation": "right_of",
      "explicit": false
    },
    {
      "subject_id": 2,
      "object_id": 3,
      "relation": "right_of",
      "explicit": true
    }
  ]
}