{
  "image_id": 71,
  "image_filename": "image_00071.png",
  "num_entities": 4,
  "entities": [
    {
      "id": 0,
      "shape": "square",
      "size": "large",
      "color": "blue",
      "center": [
        62,
        86
      ],
      "bbox": {
        "x_min": 22,
        "y_min": 46,
        "x_max": 102,
        "y_max": 126
      }
    },
    {
      "id": 1,
      "shape": "rectangle",
      "size": "small",
      "color": "purple",
      "center": [
        159,
        54
      ],
      "bbox": {
        "x_min": 149,
        "y_min": 39,
        "x_max": 169,
        "y_max": 69
      }
    },
    {
      "id": 2,
      "shape": "square",
      "size": "medium",
      "color": "purple",
      "center": [
        112,
        149
      ],
      "bbox": {
        "x_min": 82,
        "y_min": 119,
        "x_max": 142,
        "y_max": 179
      }
    },
    {
      "id": 3,
      "shape": "circle",
      "size": "small",
      "color": "magenta",
      "center": [
        157,
        106
      ],
      "bbox": {
        "x_min": 137,
        "y_min": 86,
        "x_max": 177,
        "y_max": 126
      }
    }
  ],
  "relations": [
    {
      "subject_id": 0,
      "object_id": 1,
      "relation": "right_of",
      "explicit": false
    },
    {
      "subject_id": 0,
      "object_id": 2,
      "relation": "below",
      "explicit": true
    },
    {
      "subject_id": 0,
      "object_id": 3,
      "relation": "right_of",
      "explicit": false
    },
    {
      "subject_id": 1,
      "object_id": 2,
      "relation": "below",
      "explicit": false
    },
    {
      "subject_id": 1,
      "object_id": 3,
      "relation": "below",
      "explicit": false
    },
    {
      "subject_id": 2,
      "object_id": 3,
      "relation": "right_of",
      "explicit": true
    }
  ]
}