{
  "image_id": 218,
  "image_filename": "image_00218.png",
  "num_entities": 2,
  "entities": [
    {
      "id": 0,
      "shape": "square",
      "size": "medium",
      "color": "magenta",
      "center": [
        117,
        162
      ],
      "bbox": {
        "x_min": 87,
        "y_min": 132,
        "x_max": 147,
        "y_max": 192
      }
    },
    {
      "id": 1,
      "shape": "triangle",
      "size": "small",
      "color": "cyan",
      "center": [
        61,
        76
      ],
      "bbox": {
        "x_min": 43,
        "y_min": 56,
        "x_max": 78,
        "y_max": 86
      }
    }
  ],
  "relations": [
    {
      "subject_id": 0,
      "object_id": 1,
      "relation": "above",
      "explicit": true
    }
  ]
}