{
  "image_id": 616,
  "image_filename": "image_00616.png",
  "num_entities": 4,
  "entities": [
    {
      "id": 0,
      "shape": "circle",
      "size": "small",
      "color": "orange",
      "center": [
        99,
        161
      ],
      "bbox": {
        "x_min": 79,
        "y_min": 141,
        "x_max": 119,
        "y_max": 181
      }
    },
    {
      "id": 1,
      "shape": "triangle",
      "size": "small",
      "color": "orange",
      "center": [
        171,
        161
      ],
      "bbox": {
        "x_min": 153,
        "y_min": 141,
        "x_max": 188,
        "y_max": 171
      }
    },
    {
      "id": 2,
      "shape": "square",
      "size": "small",
      "color": "blue",
      "center": [
        129,
        98
      ],
      "bbox": {
        "x_min": 109,
        "y_min": 78,
        "x_max": 149,
        "y_max": 118
      }
    },
    {
      "id": 3,
      "shape": "rectangle",
      "size": "large",
      "color": "purple",
      "center": [
        50,
        69
      ],
      "bbox": {
        "x_min": 30,
        "y_min": 39,
        "x_max": 70,
        "y_max": 99
      }
    }
  ],
  "relations": [
    {
      "subject_id": 0,
      "object_id": 1,
      "relation": "right_of",
      "explicit": false
    },
    {
      "subject_id": 0,
      "object_id": 2,
      "relation": "above",
      "explicit": true
    },
    {
      "subject_id": 0,
      "object_id": 3,
      "relation": "above",
      "explicit": true
    },
    {
      "subject_id": 1,
      "object_id": 2,
      "relation": "above",
      "explicit": true
    },
    {
      "subject_id": 1,
      "object_id": 3,
      "relation": "left_of",
      "explicit": false
    },
    {
      "subject_id": 2,
      "object_id": 3,
      "relation": "left_of",
      "explicit": true
    }
  ]
}