{
  "image_id": 628,
  "image_filename": "image_00628.png",
  "num_entities": 2,
  "entities": [
    {
      "id": 0,
      "shape": "rectangle",
      "size": "large",
      "color": "purple",
      "center": [
        120,
        59
      ],
      "bbox": {
        "x_min": 100,
        "y_min": 29,
        "x_max": 140,
        "y_max": 89
      }
    },
    {
      "id": 1,
      "shape": "rectangle",
      "size": "small",
      "color": "blue",
      "center": [
        54,
        121
      ],
      "bbox": {
        "x_min": 44,
        "y_min": 106,
        "x_max": 64,
        "y_max": 136
      }
    }
  ],
  "relations": [
    {
      "subject_id": 0,
      "object_id": 1,
      "relation": "left_of",
      "explicit": false
    }
  ]
}