{
  "image_id": 775,
  "image_filename": "image_00775.png",
  "num_entities": 4,
  "entities": [
    {
      "id": 0,
      "shape": "triangle",
      "size": "large",
      "color": "green",
      "center": [
        147,
        50
      ],
      "bbox": {
        "x_min": 112,
        "y_min": 10,
        "x_max": 181,
        "y_max": 70
      }
    },
    {
      "id": 1,
      "shape": "rectangle",
      "size": "large",
      "color": "magenta",
      "center": [
        97,
        132
      ],
      "bbox": {
        "x_min": 77,
        "y_min": 102,
        "x_max": 117,
        "y_max": 162
      }
    },
    {
      "id": 2,
      "shape": "square",
      "size": "small",
      "color": "red",
      "center": [
        60,
        55
      ],
      "bbox": {
        "x_min": 40,
        "y_min": 35,
        "x_max": 80,
        "y_max": 75
      }
    },
    {
      "id": 3,
      "shape": "triangle",
      "size": "small",
      "color": "red",
      "center": [
        167,
        132
      ],
      "bbox": {
        "x_min": 149,
        "y_min": 112,
        "x_max": 184,
        "y_max": 142
      }
    }
  ],
  "relations": [
    {
      "subject_id": 0,
      "object_id": 1,
      "relation": "below",
      "explicit": false
    },
    {
      "subject_id": 0,
      "object_id": 2,
      "relation": "left_of",
      "explicit": false
    },
    {
      "subject_id": 0,
      "object_id": 3,
      "relation": "below",
      "explicit": false
    },
    {
      "subject_id": 1,
      "object_id": 2,
      "relation": "above",
      "explicit": false
    },
    {
      "subject_id": 1,
      "object_id": 3,
      "relation": "right_of",
      "explicit": false
    },
    {
      "subject_id": 2,
      "object_id": 3,
      "relation": "right_of",
      "explicit": false
    }
  ]
}