{
  "image_id": 747,
  "image_filename": "image_00747.png",
  "num_entities": 3,
  "entities": [
    {
      "id": 0,
      "shape": "rectangle",
      "size": "large",
      "color": "orange",
      "center": [
        166,
        142
      ],
      "bbox": {
        "x_min": 146,
        "y_min": 112,
        "x_max": 186,
        "y_max": 172
      }
    },
    {
      "id": 1,
      "shape": "rectangle",
      "size": "small",
      "color": "magenta",
      "center": [
        62,
        162
      ],
      "bbox": {
        "x_min": 52,
        "y_min": 147,
        "x_max": 72,
        "y_max": 177
      }
    },
    {
      "id": 2,
      "shape": "rectangle",
      "size": "medium",
      "color": "blue",
      "center": [
        96,
        96
      ],
      "bbox": {
        "x_min": 81,
        "y_min": 74,
        "x_max": 111,
        "y_max": 118
      }
    }
  ],
  "relations": [
    {
      "subject_id": 0,
      "object_id": 1,
      "relation": "left_of",
      "explicit": true
    },
    {
      "subject_id": 0,
      "object_id": 2,
      "relation": "left_of",
      "explicit": false
    },
    {
      "subject_id": 1,
      "object_id": 2,
      "relation": "above",
      "explicit": false
    }
  ]
}