{
  "image_id": 835,
  "image_filename": "image_00835.png",
  "num_entities": 3,
  "entities": [
    {
      "id": 0,
      "shape": "triangle",
      "size": "medium",
      "color": "purple",
      "center": [
        126,
        169
      ],
      "bbox": {
        "x_min": 100,
        "y_min": 139,
        "x_max": 151,
        "y_max": 184
      }
    },
    {
      "id": 1,
      "shape": "square",
      "size": "medium",
      "color": "purple",
      "center": [
        105,
        89
      ],
      "bbox": {
        "x_min": 75,
        "y_min": 59,
        "x_max": 135,
        "y_max": 119
      }
    },
    {
      "id": 2,
      "shape": "circle",
      "size": "small",
      "color": "purple",
      "center": [
        52,
        161
      ],
      "bbox": {
        "x_min": 32,
        "y_min": 141,
        "x_max": 72,
        "y_max": 181
      }
    }
  ],
  "relations": [
    {
      "subject_id": 0,
      "object_id": 1,
      "relation": "above",
      "explicit": true
    },
    {
      "subject_id": 0,
      "object_id": 2,
      "relation": "left_of",
      "explicit": true
    },
    {
      "subject_id": 1,
      "object_id": 2,
      "relation": "below",
      "explicit": false
    }
  ]
}