{
  "image_id": 146,
  "image_filename": "image_00146.png",
  "num_entities": 4,
  "entities": [
    {
      "id": 0,
      "shape": "rectangle",
      "size": "medium",
      "color": "blue",
      "center": [
        125,
        62
      ],
      "bbox": {
        "x_min": 110,
        "y_min": 40,
        "x_max": 140,
        "y_max": 84
      }
    },
    {
      "id": 1,
      "shape": "triangle",
      "size": "medium",
      "color": "blue",
      "center": [
        65,
        171
      ],
      "bbox": {
        "x_min": 39,
        "y_min": 141,
        "x_max": 90,
        "y_max": 186
      }
    },
    {
      "id": 2,
      "shape": "rectangle",
      "size": "medium",
      "color": "purple",
      "center": [
        50,
        78
      ],
      "bbox": {
        "x_min": 35,
        "y_min": 56,
        "x_max": 65,
        "y_max": 100
      }
    },
    {
      "id": 3,
      "shape": "rectangle",
      "size": "large",
      "color": "cyan",
      "center": [
        171,
        169
      ],
      "bbox": {
        "x_min": 151,
        "y_min": 139,
        "x_max": 191,
        "y_max": 199
      }
    }
  ],
  "relations": [
    {
      "subject_id": 0,
      "object_id": 1,
      "relation": "below",
      "explicit": false
    },
    {
      "subject_id": 0,
      "object_id": 2,
      "relation": "left_of",
      "explicit": true
    },
    {
      "subject_id": 0,
      "object_id": 3,
      "relation": "below",
      "explicit": true
    },
    {
      "subject_id": 1,
      "object_id": 2,
      "relation": "above",
      "explicit": false
    },
    {
      "subject_id": 1,
      "object_id": 3,
      "relation": "right_of",
      "explicit": false
    },
    {
      "subject_id": 2,
      "object_id": 3,
      "relation": "right_of",
      "explicit": true
    }
  ]
}