{
  "image_id": 248,
  "image_filename": "image_00248.png",
  "num_entities": 4,
  "entities": [
    {
      "id": 0,
      "shape": "square",
      "size": "small",
      "color": "magenta",
      "center": [
        96,
        84
      ],
      "bbox": {
        "x_min": 76,
        "y_min": 64,
        "x_max": 116,
        "y_max": 104
      }
    },
    {
      "id": 1,
      "shape": "rectangle",
      "size": "large",
      "color": "orange",
      "center": [
        87,
        174
      ],
      "bbox": {
        "x_min": 67,
        "y_min": 144,
        "x_max": 107,
        "y_max": 204
      }
    },
    {
      "id": 2,
      "shape": "rectangle",
      "size": "large",
      "color": "magenta",
      "center": [
        170,
        69
      ],
      "bbox": {
        "x_min": 150,
        "y_min": 39,
        "x_max": 190,
        "y_max": 99
      }
    },
    {
      "id": 3,
      "shape": "triangle",
      "size": "small",
      "color": "orange",
      "center": [
        174,
        159
      ],
      "bbox": {
        "x_min": 156,
        "y_min": 139,
        "x_max": 191,
        "y_max": 169
      }
    }
  ],
  "relations": [
    {
      "subject_id": 0,
      "object_id": 1,
      "relation": "below",
      "explicit": false
    },
    {
      "subject_id": 0,
      "object_id": 2,
      "relation": "right_of",
      "explicit": true
    },
    {
      "subject_id": 0,
      "object_id": 3,
      "relation": "right_of",
      "explicit": false
    },
    {
      "subject_id": 1,
      "object_id": 2,
      "relation": "above",
      "explicit": false
    },
    {
      "subject_id": 1,
      "object_id": 3,
      "relation": "right_of",
      "explicit": true
    },
    {
      "subject_id": 2,
      "object_id": 3,
      "relation": "below",
      "explicit": false
    }
  ]
}