{
  "image_id": 345,
  "image_filename": "image_00345.png",
  "num_entities": 2,
  "entities": [
    {
      "id": 0,
      "shape": "square",
      "size": "small",
      "color": "green",
      "center": [
        111,
        118
      ],
      "bbox": {
        "x_min": 91,
        "y_min": 98,
        "x_max": 131,
        "y_max": 138
      }
    },
    {
      "id": 1,
      "shape": "square",
      "size": "large",
      "color": "yellow",
      "center": [
        161,
        52
      ],
      "bbox": {
        "x_min": 121,
        "y_min": 12,
        "x_max": 201,
        "y_max": 92
      }
    }
  ],
  "relations": [
    {
      "subject_id": 0,
      "object_id": 1,
      "relation": "above",
      "explicit": true
    }
  ]
}