{
  "image_id": 175,
  "image_filename": "image_00175.png",
  "num_entities": 2,
  "entities": [
    {
      "id": 0,
      "shape": "triangle",
      "size": "small",
      "color": "orange",
      "center": [
        85,
        119
      ],
      "bbox": {
        "x_min": 67,
        "y_min": 99,
        "x_max": 102,
        "y_max": 129
      }
    },
    {
      "id": 1,
      "shape": "circle",
      "size": "large",
      "color": "orange",
      "center": [
        173,
        51
      ],
      "bbox": {
        "x_min": 133,
        "y_min": 11,
        "x_max": 213,
        "y_max": 91
      }
    }
  ],
  "relations": [
    {
      "subject_id": 0,
      "object_id": 1,
      "relation": "right_of",
      "explicit": false
    }
  ]
}