{
  "image_id": 214,
  "image_filename": "image_00214.png",
  "num_entities": 5,
  "entities": [
    {
      "id": 0,
      "shape": "rectangle",
      "size": "small",
      "color": "purple",
      "center": [
        122,
        150
      ],
      "bbox": {
        "x_min": 112,
        "y_min": 135,
        "x_max": 132,
        "y_max": 165
      }
    },
    {
      "id": 1,
      "shape": "rectangle",
      "size": "small",
      "color": "cyan",
      "center": [
        171,
        131
      ],
      "bbox": {
        "x_min": 161,
        "y_min": 116,
        "x_max": 181,
        "y_max": 146
      }
    },
    {
      "id": 2,
      "shape": "triangle",
      "size": "small",
      "color": "orange",
      "center": [
        105,
        97
      ],
      "bbox": {
        "x_min": 87,
        "y_min": 77,
        "x_max": 122,
        "y_max": 107
      }
    },
    {
      "id": 3,
      "shape": "rectangle",
      "size": "medium",
      "color": "blue",
      "center": [
        50,
        131
      ],
      "bbox": {
        "x_min": 35,
        "y_min": 109,
        "x_max": 65,
        "y_max": 153
      }
    },
    {
      "id": 4,
      "shape": "circle",
      "size": "small",
      "color": "red",
      "center": [
        139,
        50
      ],
      "bbox": {
        "x_min": 119,
        "y_min": 30,
        "x_max": 159,
        "y_max": 70
      }
    }
  ],
  "relations": [
    {
      "subject_id": 0,
      "object_id": 1,
      "relation": "right_of",
      "explicit": false
    },
    {
      "subject_id": 0,
      "object_id": 2,
      "relation": "above",
      "explicit": true
    },
    {
      "subject_id": 0,
      "object_id": 3,
      "relation": "left_of",
      "explicit": true
    },
    {
      "subject_id": 0,
      "object_id": 4,
      "relation": "above",
      "explicit": true
    },
    {
      "subject_id": 1,
      "object_id": 2,
      "relation": "left_of",
      "explicit": false
    },
    {
      "subject_id": 1,
      "object_id": 3,
      "relation": "left_of",
      "explicit": true
    },
    {
      "subject_id": 1,
      "object_id": 4,
      "relation": "above",
      "explicit": true
    },
    {
      "subject_id": 2,
      "object_id": 3,
      "relation": "left_of",
      "explicit": false
    },
    {
      "subject_id": 2,
      "object_id": 4,
      "relation": "above",
      "explicit": false
    },
    {
      "subject_id": 3,
      "object_id": 4,
      "relation": "right_of",
      "explicit": true
    }
  ]
}