{
  "image_id": 307,
  "image_filename": "image_00307.png",
  "num_entities": 4,
  "entities": [
    {
      "id": 0,
      "shape": "square",
      "size": "medium",
      "color": "magenta",
      "center": [
        71,
        85
      ],
      "bbox": {
        "x_min": 41,
        "y_min": 55,
        "x_max": 101,
        "y_max": 115
      }
    },
    {
      "id": 1,
      "shape": "square",
      "size": "medium",
      "color": "purple",
      "center": [
        128,
        131
      ],
      "bbox": {
        "x_min": 98,
        "y_min": 101,
        "x_max": 158,
        "y_max": 161
      }
    },
    {
      "id": 2,
      "shape": "circle",
      "size": "large",
      "color": "magenta",
      "center": [
        57,
        172
      ],
      "bbox": {
        "x_min": 17,
        "y_min": 132,
        "x_max": 97,
        "y_max": 212
      }
    },
    {
      "id": 3,
      "shape": "circle",
      "size": "medium",
      "color": "purple",
      "center": [
        173,
        67
      ],
      "bbox": {
        "x_min": 143,
        "y_min": 37,
        "x_max": 203,
        "y_max": 97
      }
    }
  ],
  "relations": [
    {
      "subject_id": 0,
      "object_id": 1,
      "relation": "right_of",
      "explicit": true
    },
    {
      "subject_id": 0,
      "object_id": 2,
      "relation": "below",
      "explicit": true
    },
    {
      "subject_id": 0,
      "object_id": 3,
      "relation": "right_of",
      "explicit": false
    },
    {
      "subject_id": 1,
      "object_id": 2,
      "relation": "left_of",
      "explicit": true
    },
    {
      "subject_id": 1,
      "object_id": 3,
      "relation": "above",
      "explicit": true
    },
    {
      "subject_id": 2,
      "object_id": 3,
      "relation": "right_of",
      "explicit": false
    }
  ]
}