{
  "image_id": 480,
  "image_filename": "image_00480.png",
  "num_entities": 3,
  "entities": [
    {
      "id": 0,
      "shape": "rectangle",
      "size": "medium",
      "color": "cyan",
      "center": [
        125,
        97
      ],
      "bbox": {
        "x_min": 110,
        "y_min": 75,
        "x_max": 140,
        "y_max": 119
      }
    },
    {
      "id": 1,
      "shape": "circle",
      "size": "large",
      "color": "orange",
      "center": [
        54,
        146
      ],
      "bbox": {
        "x_min": 14,
        "y_min": 106,
        "x_max": 94,
        "y_max": 186
      }
    },
    {
      "id": 2,
      "shape": "rectangle",
      "size": "small",
      "color": "red",
      "center": [
        167,
        155
      ],
      "bbox": {
        "x_min": 157,
        "y_min": 140,
        "x_max": 177,
        "y_max": 170
      }
    }
  ],
  "relations": [
    {
      "subject_id": 0,
      "object_id": 1,
      "relation": "left_of",
      "explicit": false
    },
    {
      "subject_id": 0,
      "object_id": 2,
      "relation": "below",
      "explicit": true
    },
    {
      "subject_id": 1,
      "object_id": 2,
      "relation": "right_of",
      "explicit": true
    }
  ]
}