{
  "image_id": 557,
  "image_filename": "image_00557.png",
  "num_entities": 3,
  "entities": [
    {
      "id": 0,
      "shape": "circle",
      "size": "medium",
      "color": "green",
      "center": [
        83,
        76
      ],
      "bbox": {
        "x_min": 53,
        "y_min": 46,
        "x_max": 113,
        "y_max": 106
      }
    },
    {
      "id": 1,
      "shape": "triangle",
      "size": "large",
      "color": "green",
      "center": [
        118,
        154
      ],
      "bbox": {
        "x_min": 83,
        "y_min": 114,
        "x_max": 152,
        "y_max": 174
      }
    },
    {
      "id": 2,
      "shape": "circle",
      "size": "medium",
      "color": "yellow",
      "center": [
        158,
        57
      ],
      "bbox": {
        "x_min": 128,
        "y_min": 27,
        "x_max": 188,
        "y_max": 87
      }
    }
  ],
  "relations": [
    {
      "subject_id": 0,
      "object_id": 1,
      "relation": "below",
      "explicit": true
    },
    {
      "subject_id": 0,
      "object_id": 2,
      "relation": "right_of",
      "explicit": true
    },
    {
      "subject_id": 1,
      "object_id": 2,
      "relation": "above",
      "explicit": true
    }
  ]
}