{
  "image_id": 762,
  "image_filename": "image_00762.png",
  "num_entities": 2,
  "entities": [
    {
      "id": 0,
      "shape": "rectangle",
      "size": "large",
      "color": "blue",
      "center": [
        139,
        128
      ],
      "bbox": {
        "x_min": 119,
        "y_min": 98,
        "x_max": 159,
        "y_max": 158
      }
    },
    {
      "id": 1,
      "shape": "square",
      "size": "large",
      "color": "red",
      "center": [
        59,
        76
      ],
      "bbox": {
        "x_min": 19,
        "y_min": 36,
        "x_max": 99,
        "y_max": 116
      }
    }
  ],
  "relations": [
    {
      "subject_id": 0,
      "object_id": 1,
      "relation": "left_of",
      "explicit": false
    }
  ]
}