{
  "image_id": 336,
  "image_filename": "image_00336.png",
  "num_entities": 3,
  "entities": [
    {
      "id": 0,
      "shape": "rectangle",
      "size": "medium",
      "color": "purple",
      "center": [
        69,
        158
      ],
      "bbox": {
        "x_min": 54,
        "y_min": 136,
        "x_max": 84,
        "y_max": 180
      }
    },
    {
      "id": 1,
      "shape": "triangle",
      "size": "small",
      "color": "green",
      "center": [
        140,
        138
      ],
      "bbox": {
        "x_min": 122,
        "y_min": 118,
        "x_max": 157,
        "y_max": 148
      }
    },
    {
      "id": 2,
      "shape": "rectangle",
      "size": "medium",
      "color": "green",
      "center": [
        56,
        57
      ],
      "bbox": {
        "x_min": 41,
        "y_min": 35,
        "x_max": 71,
        "y_max": 79
      }
    }
  ],
  "relations": [
    {
      "subject_id": 0,
      "object_id": 1,
      "relation": "right_of",
      "explicit": true
    },
    {
      "subject_id": 0,
      "object_id": 2,
      "relation": "above",
      "explicit": true
    },
    {
      "subject_id": 1,
      "object_id": 2,
      "relation": "left_of",
      "explicit": false
    }
  ]
}