{
  "image_id": 342,
  "image_filename": "image_00342.png",
  "num_entities": 4,
  "entities": [
    {
      "id": 0,
      "shape": "square",
      "size": "small",
      "color": "magenta",
      "center": [
        82,
        118
      ],
      "bbox": {
        "x_min": 62,
        "y_min": 98,
        "x_max": 102,
        "y_max": 138
      }
    },
    {
      "id": 1,
      "shape": "rectangle",
      "size": "small",
      "color": "orange",
      "center": [
        144,
        109
      ],
      "bbox": {
        "x_min": 134,
        "y_min": 94,
        "x_max": 154,
        "y_max": 124
      }
    },
    {
      "id": 2,
      "shape": "circle",
      "size": "small",
      "color": "green",
      "center": [
        133,
        160
      ],
      "bbox": {
        "x_min": 113,
        "y_min": 140,
        "x_max": 153,
        "y_max": 180
      }
    },
    {
      "id": 3,
      "shape": "triangle",
      "size": "medium",
      "color": "cyan",
      "center": [
        82,
        50
      ],
      "bbox": {
        "x_min": 56,
        "y_min": 20,
        "x_max": 107,
        "y_max": 65
      }
    }
  ],
  "relations": [
    {
      "subject_id": 0,
      "object_id": 1,
      "relation": "right_of",
      "explicit": false
    },
    {
      "subject_id": 0,
      "object_id": 2,
      "relation": "right_of",
      "explicit": false
    },
    {
      "subject_id": 0,
      "object_id": 3,
      "relation": "above",
      "explicit": true
    },
    {
      "subject_id": 1,
      "object_id": 2,
      "relation": "below",
      "explicit": false
    },
    {
      "subject_id": 1,
      "object_id": 3,
      "relation": "left_of",
      "explicit": true
    },
    {
      "subject_id": 2,
      "object_id": 3,
      "relation": "above",
      "explicit": true
    }
  ]
}