{
  "image_id": 438,
  "image_filename": "image_00438.png",
  "num_entities": 3,
  "entities": [
    {
      "id": 0,
      "shape": "square",
      "size": "large",
      "color": "blue",
      "center": [
        55,
        168
      ],
      "bbox": {
        "x_min": 15,
        "y_min": 128,
        "x_max": 95,
        "y_max": 208
      }
    },
    {
      "id": 1,
      "shape": "circle",
      "size": "large",
      "color": "purple",
      "center": [
        112,
        61
      ],
      "bbox": {
        "x_min": 72,
        "y_min": 21,
        "x_max": 152,
        "y_max": 101
      }
    },
    {
      "id": 2,
      "shape": "circle",
      "size": "large",
      "color": "magenta",
      "center": [
        169,
        141
      ],
      "bbox": {
        "x_min": 129,
        "y_min": 101,
        "x_max": 209,
        "y_max": 181
      }
    }
  ],
  "relations": [
    {
      "subject_id": 0,
      "object_id": 1,
      "relation": "above",
      "explicit": false
    },
    {
      "subject_id": 0,
      "object_id": 2,
      "relation": "right_of",
      "explicit": true
    },
    {
      "subject_id": 1,
      "object_id": 2,
      "relation": "below",
      "explicit": false
    }
  ]
}