{
  "image_id": 477,
  "image_filename": "image_00477.png",
  "num_entities": 2,
  "entities": [
    {
      "id": 0,
      "shape": "triangle",
      "size": "large",
      "color": "orange",
      "center": [
        123,
        94
      ],
      "bbox": {
        "x_min": 88,
        "y_min": 54,
        "x_max": 157,
        "y_max": 114
      }
    },
    {
      "id": 1,
      "shape": "rectangle",
      "size": "medium",
      "color": "magenta",
      "center": [
        52,
        162
      ],
      "bbox": {
        "x_min": 37,
        "y_min": 140,
        "x_max": 67,
        "y_max": 184
      }
    }
  ],
  "relations": [
    {
      "subject_id": 0,
      "object_id": 1,
      "relation": "left_of",
      "explicit": false
    }
  ]
}