{
  "image_id": 525,
  "image_filename": "image_00525.png",
  "num_entities": 2,
  "entities": [
    {
      "id": 0,
      "shape": "triangle",
      "size": "small",
      "color": "magenta",
      "center": [
        141,
        73
      ],
      "bbox": {
        "x_min": 123,
        "y_min": 53,
        "x_max": 158,
        "y_max": 83
      }
    },
    {
      "id": 1,
      "shape": "circle",
      "size": "medium",
      "color": "yellow",
      "center": [
        87,
        152
      ],
      "bbox": {
        "x_min": 57,
        "y_min": 122,
        "x_max": 117,
        "y_max": 182
      }
    }
  ],
  "relations": [
    {
      "subject_id": 0,
      "object_id": 1,
      "relation": "below",
      "explicit": false
    }
  ]
}