{
  "image_id": 653,
  "image_filename": "image_00653.png",
  "num_entities": 4,
  "entities": [
    {
      "id": 0,
      "shape": "triangle",
      "size": "medium",
      "color": "green",
      "center": [
        97,
        52
      ],
      "bbox": {
        "x_min": 71,
        "y_min": 22,
        "x_max": 122,
        "y_max": 67
      }
    },
    {
      "id": 1,
      "shape": "triangle",
      "size": "small",
      "color": "cyan",
      "center": [
        117,
        114
      ],
      "bbox": {
        "x_min": 99,
        "y_min": 94,
        "x_max": 134,
        "y_max": 124
      }
    },
    {
      "id": 2,
      "shape": "circle",
      "size": "large",
      "color": "green",
      "center": [
        70,
        173
      ],
      "bbox": {
        "x_min": 30,
        "y_min": 133,
        "x_max": 110,
        "y_max": 213
      }
    },
    {
      "id": 3,
      "shape": "square",
      "size": "small",
      "color": "blue",
      "center": [
        172,
        165
      ],
      "bbox": {
        "x_min": 152,
        "y_min": 145,
        "x_max": 192,
        "y_max": 185
      }
    }
  ],
  "relations": [
    {
      "subject_id": 0,
      "object_id": 1,
      "relation": "below",
      "explicit": false
    },
    {
      "subject_id": 0,
      "object_id": 2,
      "relation": "below",
      "explicit": true
    },
    {
      "subject_id": 0,
      "object_id": 3,
      "relation": "below",
      "explicit": true
    },
    {
      "subject_id": 1,
      "object_id": 2,
      "relation": "below",
      "explicit": false
    },
    {
      "subject_id": 1,
      "object_id": 3,
      "relation": "right_of",
      "explicit": false
    },
    {
      "subject_id": 2,
      "object_id": 3,
      "relation": "right_of",
      "explicit": false
    }
  ]
}