{
  "image_id": 392,
  "image_filename": "image_00392.png",
  "num_entities": 3,
  "entities": [
    {
      "id": 0,
      "shape": "square",
      "size": "medium",
      "color": "yellow",
      "center": [
        130,
        127
      ],
      "bbox": {
        "x_min": 100,
        "y_min": 97,
        "x_max": 160,
        "y_max": 157
      }
    },
    {
      "id": 1,
      "shape": "triangle",
      "size": "large",
      "color": "blue",
      "center": [
        65,
        57
      ],
      "bbox": {
        "x_min": 30,
        "y_min": 17,
        "x_max": 99,
        "y_max": 77
      }
    },
    {
      "id": 2,
      "shape": "square",
      "size": "medium",
      "color": "orange",
      "center": [
        57,
        163
      ],
      "bbox": {
        "x_min": 27,
        "y_min": 133,
        "x_max": 87,
        "y_max": 193
      }
    }
  ],
  "relations": [
    {
      "subject_id": 0,
      "object_id": 1,
      "relation": "above",
      "explicit": false
    },
    {
      "subject_id": 0,
      "object_id": 2,
      "relation": "left_of",
      "explicit": false
    },
    {
      "subject_id": 1,
      "object_id": 2,
      "relation": "below",
      "explicit": true
    }
  ]
}