{
  "image_id": 867,
  "image_filename": "image_00867.png",
  "num_entities": 3,
  "entities": [
    {
      "id": 0,
      "shape": "triangle",
      "size": "medium",
      "color": "orange",
      "center": [
        159,
        165
      ],
      "bbox": {
        "x_min": 133,
        "y_min": 135,
        "x_max": 184,
        "y_max": 180
      }
    },
    {
      "id": 1,
      "shape": "square",
      "size": "medium",
      "color": "green",
      "center": [
        86,
        101
      ],
      "bbox": {
        "x_min": 56,
        "y_min": 71,
        "x_max": 116,
        "y_max": 131
      }
    },
    {
      "id": 2,
      "shape": "circle",
      "size": "large",
      "color": "cyan",
      "center": [
        174,
        62
      ],
      "bbox": {
        "x_min": 134,
        "y_min": 22,
        "x_max": 214,
        "y_max": 102
      }
    }
  ],
  "relations": [
    {
      "subject_id": 0,
      "object_id": 1,
      "relation": "left_of",
      "explicit": false
    },
    {
      "subject_id": 0,
      "object_id": 2,
      "relation": "above",
      "explicit": true
    },
    {
      "subject_id": 1,
      "object_id": 2,
      "relation": "right_of",
      "explicit": true
    }
  ]
}