{
  "image_id": 452,
  "image_filename": "image_00452.png",
  "num_entities": 2,
  "entities": [
    {
      "id": 0,
      "shape": "triangle",
      "size": "medium",
      "color": "yellow",
      "center": [
        59,
        73
      ],
      "bbox": {
        "x_min": 33,
        "y_min": 43,
        "x_max": 84,
        "y_max": 88
      }
    },
    {
      "id": 1,
      "shape": "circle",
      "size": "large",
      "color": "orange",
      "center": [
        137,
        139
      ],
      "bbox": {
        "x_min": 97,
        "y_min": 99,
        "x_max": 177,
        "y_max": 179
      }
    }
  ],
  "relations": [
    {
      "subject_id": 0,
      "object_id": 1,
      "relation": "right_of",
      "explicit": true
    }
  ]
}