{
  "image_id": 174,
  "image_filename": "image_00174.png",
  "num_entities": 2,
  "entities": [
    {
      "id": 0,
      "shape": "circle",
      "size": "small",
      "color": "cyan",
      "center": [
        108,
        174
      ],
      "bbox": {
        "x_min": 88,
        "y_min": 154,
        "x_max": 128,
        "y_max": 194
      }
    },
    {
      "id": 1,
      "shape": "rectangle",
      "size": "medium",
      "color": "red",
      "center": [
        164,
        63
      ],
      "bbox": {
        "x_min": 149,
        "y_min": 41,
        "x_max": 179,
        "y_max": 85
      }
    }
  ],
  "relations": [
    {
      "subject_id": 0,
      "object_id": 1,
      "relation": "above",
      "explicit": false
    }
  ]
}