{
  "image_id": 967,
  "image_filename": "image_00967.png",
  "num_entities": 2,
  "entities": [
    {
      "id": 0,
      "shape": "square",
      "size": "small",
      "color": "blue",
      "center": [
        50,
        88
      ],
      "bbox": {
        "x_min": 30,
        "y_min": 68,
        "x_max": 70,
        "y_max": 108
      }
    },
    {
      "id": 1,
      "shape": "rectangle",
      "size": "large",
      "color": "red",
      "center": [
        168,
        73
      ],
      "bbox": {
        "x_min": 148,
        "y_min": 43,
        "x_max": 188,
        "y_max": 103
      }
    }
  ],
  "relations": [
    {
      "subject_id": 0,
      "object_id": 1,
      "relation": "right_of",
      "explicit": true
    }
  ]
}