{
  "image_id": 317,
  "image_filename": "image_00317.png",
  "num_entities": 3,
  "entities": [
    {
      "id": 0,
      "shape": "rectangle",
      "size": "medium",
      "color": "red",
      "center": [
        80,
        132
      ],
      "bbox": {
        "x_min": 65,
        "y_min": 110,
        "x_max": 95,
        "y_max": 154
      }
    },
    {
      "id": 1,
      "shape": "square",
      "size": "small",
      "color": "magenta",
      "center": [
        153,
        151
      ],
      "bbox": {
        "x_min": 133,
        "y_min": 131,
        "x_max": 173,
        "y_max": 171
      }
    },
    {
      "id": 2,
      "shape": "rectangle",
      "size": "large",
      "color": "blue",
      "center": [
        161,
        68
      ],
      "bbox": {
        "x_min": 141,
        "y_min": 38,
        "x_max": 181,
        "y_max": 98
      }
    }
  ],
  "relations": [
    {
      "subject_id": 0,
      "object_id": 1,
      "relation": "right_of",
      "explicit": false
    },
    {
      "subject_id": 0,
      "object_id": 2,
      "relation": "right_of",
      "explicit": false
    },
    {
      "subject_id": 1,
      "object_id": 2,
      "relation": "above",
      "explicit": true
    }
  ]
}