{
  "image_id": 925,
  "image_filename": "image_00925.png",
  "num_entities": 4,
  "entities": [
    {
      "id": 0,
      "shape": "triangle",
      "size": "small",
      "color": "red",
      "center": [
        73,
        152
      ],
      "bbox": {
        "x_min": 55,
        "y_min": 132,
        "x_max": 90,
        "y_max": 162
      }
    },
    {
      "id": 1,
      "shape": "circle",
      "size": "large",
      "color": "cyan",
      "center": [
        172,
        52
      ],
      "bbox": {
        "x_min": 132,
        "y_min": 12,
        "x_max": 212,
        "y_max": 92
      }
    },
    {
      "id": 2,
      "shape": "square",
      "size": "small",
      "color": "magenta",
      "center": [
        121,
        127
      ],
      "bbox": {
        "x_min": 101,
        "y_min": 107,
        "x_max": 141,
        "y_max": 147
      }
    },
    {
      "id": 3,
      "shape": "circle",
      "size": "medium",
      "color": "yellow",
      "center": [
        85,
        66
      ],
      "bbox": {
        "x_min": 55,
        "y_min": 36,
        "x_max": 115,
        "y_max": 96
      }
    }
  ],
  "relations": [
    {
      "subject_id": 0,
      "object_id": 1,
      "relation": "above",
      "explicit": false
    },
    {
      "subject_id": 0,
      "object_id": 2,
      "relation": "right_of",
      "explicit": false
    },
    {
      "subject_id": 0,
      "object_id": 3,
      "relation": "above",
      "explicit": false
    },
    {
      "subject_id": 1,
      "object_id": 2,
      "relation": "below",
      "explicit": false
    },
    {
      "subject_id": 1,
      "object_id": 3,
      "relation": "left_of",
      "explicit": false
    },
    {
      "subject_id": 2,
      "object_id": 3,
      "relation": "above",
      "explicit": false
    }
  ]
}