{
  "image_id": 789,
  "image_filename": "image_00789.png",
  "num_entities": 2,
  "entities": [
    {
      "id": 0,
      "shape": "circle",
      "size": "large",
      "color": "cyan",
      "center": [
        140,
        168
      ],
      "bbox": {
        "x_min": 100,
        "y_min": 128,
        "x_max": 180,
        "y_max": 208
      }
    },
    {
      "id": 1,
      "shape": "triangle",
      "size": "small",
      "color": "blue",
      "center": [
        147,
        87
      ],
      "bbox": {
        "x_min": 129,
        "y_min": 67,
        "x_max": 164,
        "y_max": 97
      }
    }
  ],
  "relations": [
    {
      "subject_id": 0,
      "object_id": 1,
      "relation": "above",
      "explicit": true
    }
  ]
}