{
  "image_id": 277,
  "image_filename": "image_00277.png",
  "num_entities": 4,
  "entities": [
    {
      "id": 0,
      "shape": "square",
      "size": "small",
      "color": "orange",
      "center": [
        170,
        50
      ],
      "bbox": {
        "x_min": 150,
        "y_min": 30,
        "x_max": 190,
        "y_max": 70
      }
    },
    {
      "id": 1,
      "shape": "square",
      "size": "large",
      "color": "blue",
      "center": [
        156,
        142
      ],
      "bbox": {
        "x_min": 116,
        "y_min": 102,
        "x_max": 196,
        "y_max": 182
      }
    },
    {
      "id": 2,
      "shape": "triangle",
      "size": "large",
      "color": "magenta",
      "center": [
        50,
        133
      ],
      "bbox": {
        "x_min": 15,
        "y_min": 93,
        "x_max": 84,
        "y_max": 153
      }
    },
    {
      "id": 3,
      "shape": "rectangle",
      "size": "medium",
      "color": "orange",
      "center": [
        88,
        60
      ],
      "bbox": {
        "x_min": 73,
        "y_min": 38,
        "x_max": 103,
        "y_max": 82
      }
    }
  ],
  "relations": [
    {
      "subject_id": 0,
      "object_id": 1,
      "relation": "below",
      "explicit": false
    },
    {
      "subject_id": 0,
      "object_id": 2,
      "relation": "left_of",
      "explicit": true
    },
    {
      "subject_id": 0,
      "object_id": 3,
      "relation": "left_of",
      "explicit": true
    },
    {
      "subject_id": 1,
      "object_id": 2,
      "relation": "left_of",
      "explicit": false
    },
    {
      "subject_id": 1,
      "object_id": 3,
      "relation": "above",
      "explicit": false
    },
    {
      "subject_id": 2,
      "object_id": 3,
      "relation": "above",
      "explicit": true
    }
  ]
}