{
  "image_id": 702,
  "image_filename": "image_00702.png",
  "num_entities": 2,
  "entities": [
    {
      "id": 0,
      "shape": "square",
      "size": "small",
      "color": "yellow",
      "center": [
        77,
        134
      ],
      "bbox": {
        "x_min": 57,
        "y_min": 114,
        "x_max": 97,
        "y_max": 154
      }
    },
    {
      "id": 1,
      "shape": "triangle",
      "size": "medium",
      "color": "purple",
      "center": [
        157,
        57
      ],
      "bbox": {
        "x_min": 131,
        "y_min": 27,
        "x_max": 182,
        "y_max": 72
      }
    }
  ],
  "relations": [
    {
      "subject_id": 0,
      "object_id": 1,
      "relation": "right_of",
      "explicit": false
    }
  ]
}