{
  "image_id": 261,
  "image_filename": "image_00261.png",
  "num_entities": 3,
  "entities": [
    {
      "id": 0,
      "shape": "circle",
      "size": "large",
      "color": "magenta",
      "center": [
        131,
        69
      ],
      "bbox": {
        "x_min": 91,
        "y_min": 29,
        "x_max": 171,
        "y_max": 109
      }
    },
    {
      "id": 1,
      "shape": "triangle",
      "size": "large",
      "color": "blue",
      "center": [
        53,
        144
      ],
      "bbox": {
        "x_min": 18,
        "y_min": 104,
        "x_max": 87,
        "y_max": 164
      }
    },
    {
      "id": 2,
      "shape": "triangle",
      "size": "medium",
      "color": "yellow",
      "center": [
        157,
        162
      ],
      "bbox": {
        "x_min": 131,
        "y_min": 132,
        "x_max": 182,
        "y_max": 177
      }
    }
  ],
  "relations": [
    {
      "subject_id": 0,
      "object_id": 1,
      "relation": "left_of",
      "explicit": false
    },
    {
      "subject_id": 0,
      "object_id": 2,
      "relation": "below",
      "explicit": false
    },
    {
      "subject_id": 1,
      "object_id": 2,
      "relation": "right_of",
      "explicit": false
    }
  ]
}