{
  "image_id": 925,
  "image_filename": "image_00925.png",
  "num_entities": 2,
  "entities": [
    {
      "id": 0,
      "shape": "triangle",
      "size": "medium",
      "color": "green",
      "center": [
        101,
        86
      ],
      "bbox": {
        "x_min": 75,
        "y_min": 56,
        "x_max": 126,
        "y_max": 101
      }
    },
    {
      "id": 1,
      "shape": "rectangle",
      "size": "small",
      "color": "orange",
      "center": [
        128,
        144
      ],
      "bbox": {
        "x_min": 118,
        "y_min": 129,
        "x_max": 138,
        "y_max": 159
      }
    }
  ],
  "relations": [
    {
      "subject_id": 0,
      "object_id": 1,
      "relation": "below",
      "explicit": false
    }
  ]
}