{
  "image_id": 666,
  "image_filename": "image_00666.png",
  "num_entities": 2,
  "entities": [
    {
      "id": 0,
      "shape": "circle",
      "size": "small",
      "color": "purple",
      "center": [
        59,
        132
      ],
      "bbox": {
        "x_min": 39,
        "y_min": 112,
        "x_max": 79,
        "y_max": 152
      }
    },
    {
      "id": 1,
      "shape": "circle",
      "size": "large",
      "color": "magenta",
      "center": [
        131,
        54
      ],
      "bbox": {
        "x_min": 91,
        "y_min": 14,
        "x_max": 171,
        "y_max": 94
      }
    }
  ],
  "relations": [
    {
      "subject_id": 0,
      "object_id": 1,
      "relation": "above",
      "explicit": false
    }
  ]
}