{
  "image_id": 944,
  "image_filename": "image_00944.png",
  "num_entities": 4,
  "entities": [
    {
      "id": 0,
      "shape": "square",
      "size": "medium",
      "color": "blue",
      "center": [
        76,
        65
      ],
      "bbox": {
        "x_min": 46,
        "y_min": 35,
        "x_max": 106,
        "y_max": 95
      }
    },
    {
      "id": 1,
      "shape": "circle",
      "size": "medium",
      "color": "purple",
      "center": [
        111,
        170
      ],
      "bbox": {
        "x_min": 81,
        "y_min": 140,
        "x_max": 141,
        "y_max": 200
      }
    },
    {
      "id": 2,
      "shape": "square",
      "size": "small",
      "color": "green",
      "center": [
        173,
        171
      ],
      "bbox": {
        "x_min": 153,
        "y_min": 151,
        "x_max": 193,
        "y_max": 191
      }
    },
    {
      "id": 3,
      "shape": "rectangle",
      "size": "large",
      "color": "magenta",
      "center": [
        172,
        91
      ],
      "bbox": {
        "x_min": 152,
        "y_min": 61,
        "x_max": 192,
        "y_max": 121
      }
    }
  ],
  "relations": [
    {
      "subject_id": 0,
      "object_id": 1,
      "relation": "below",
      "explicit": true
    },
    {
      "subject_id": 0,
      "object_id": 2,
      "relation": "below",
      "explicit": true
    },
    {
      "subject_id": 0,
      "object_id": 3,
      "relation": "right_of",
      "explicit": false
    },
    {
      "subject_id": 1,
      "object_id": 2,
      "relation": "right_of",
      "explicit": false
    },
    {
      "subject_id": 1,
      "object_id": 3,
      "relation": "above",
      "explicit": true
    },
    {
      "subject_id": 2,
      "object_id": 3,
      "relation": "above",
      "explicit": false
    }
  ]
}