{
  "image_id": 379,
  "image_filename": "image_00379.png",
  "num_entities": 4,
  "entities": [
    {
      "id": 0,
      "shape": "square",
      "size": "medium",
      "color": "yellow",
      "center": [
        133,
        143
      ],
      "bbox": {
        "x_min": 103,
        "y_min": 113,
        "x_max": 163,
        "y_max": 173
      }
    },
    {
      "id": 1,
      "shape": "circle",
      "size": "large",
      "color": "purple",
      "center": [
        74,
        60
      ],
      "bbox": {
        "x_min": 34,
        "y_min": 20,
        "x_max": 114,
        "y_max": 100
      }
    },
    {
      "id": 2,
      "shape": "circle",
      "size": "large",
      "color": "yellow",
      "center": [
        53,
        169
      ],
      "bbox": {
        "x_min": 13,
        "y_min": 129,
        "x_max": 93,
        "y_max": 209
      }
    },
    {
      "id": 3,
      "shape": "circle",
      "size": "small",
      "color": "cyan",
      "center": [
        152,
        71
      ],
      "bbox": {
        "x_min": 132,
        "y_min": 51,
        "x_max": 172,
        "y_max": 91
      }
    }
  ],
  "relations": [
    {
      "subject_id": 0,
      "object_id": 1,
      "relation": "above",
      "explicit": true
    },
    {
      "subject_id": 0,
      "object_id": 2,
      "relation": "left_of",
      "explicit": true
    },
    {
      "subject_id": 0,
      "object_id": 3,
      "relation": "above",
      "explicit": false
    },
    {
      "subject_id": 1,
      "object_id": 2,
      "relation": "below",
      "explicit": false
    },
    {
      "subject_id": 1,
      "object_id": 3,
      "relation": "right_of",
      "explicit": false
    },
    {
      "subject_id": 2,
      "object_id": 3,
      "relation": "right_of",
      "explicit": true
    }
  ]
}