{
  "image_id": 128,
  "image_filename": "image_00128.png",
  "num_entities": 3,
  "entities": [
    {
      "id": 0,
      "shape": "triangle",
      "size": "small",
      "color": "blue",
      "center": [
        53,
        66
      ],
      "bbox": {
        "x_min": 35,
        "y_min": 46,
        "x_max": 70,
        "y_max": 76
      }
    },
    {
      "id": 1,
      "shape": "circle",
      "size": "medium",
      "color": "blue",
      "center": [
        88,
        120
      ],
      "bbox": {
        "x_min": 58,
        "y_min": 90,
        "x_max": 118,
        "y_max": 150
      }
    },
    {
      "id": 2,
      "shape": "rectangle",
      "size": "large",
      "color": "blue",
      "center": [
        165,
        52
      ],
      "bbox": {
        "x_min": 145,
        "y_min": 22,
        "x_max": 185,
        "y_max": 82
      }
    }
  ],
  "relations": [
    {
      "subject_id": 0,
      "object_id": 1,
      "relation": "below",
      "explicit": true
    },
    {
      "subject_id": 0,
      "object_id": 2,
      "relation": "right_of",
      "explicit": true
    },
    {
      "subject_id": 1,
      "object_id": 2,
      "relation": "right_of",
      "explicit": false
    }
  ]
}