{
  "image_id": 854,
  "image_filename": "image_00854.png",
  "num_entities": 4,
  "entities": [
    {
      "id": 0,
      "shape": "square",
      "size": "small",
      "color": "magenta",
      "center": [
        112,
        153
      ],
      "bbox": {
        "x_min": 92,
        "y_min": 133,
        "x_max": 132,
        "y_max": 173
      }
    },
    {
      "id": 1,
      "shape": "square",
      "size": "medium",
      "color": "yellow",
      "center": [
        173,
        122
      ],
      "bbox": {
        "x_min": 143,
        "y_min": 92,
        "x_max": 203,
        "y_max": 152
      }
    },
    {
      "id": 2,
      "shape": "rectangle",
      "size": "small",
      "color": "red",
      "center": [
        65,
        125
      ],
      "bbox": {
        "x_min": 55,
        "y_min": 110,
        "x_max": 75,
        "y_max": 140
      }
    },
    {
      "id": 3,
      "shape": "circle",
      "size": "large",
      "color": "purple",
      "center": [
        55,
        51
      ],
      "bbox": {
        "x_min": 15,
        "y_min": 11,
        "x_max": 95,
        "y_max": 91
      }
    }
  ],
  "relations": [
    {
      "subject_id": 0,
      "object_id": 1,
      "relation": "right_of",
      "explicit": false
    },
    {
      "subject_id": 0,
      "object_id": 2,
      "relation": "left_of",
      "explicit": true
    },
    {
      "subject_id": 0,
      "object_id": 3,
      "relation": "above",
      "explicit": true
    },
    {
      "subject_id": 1,
      "object_id": 2,
      "relation": "left_of",
      "explicit": false
    },
    {
      "subject_id": 1,
      "object_id": 3,
      "relation": "left_of",
      "explicit": true
    },
    {
      "subject_id": 2,
      "object_id": 3,
      "relation": "above",
      "explicit": true
    }
  ]
}