{
  "image_id": 213,
  "image_filename": "image_00213.png",
  "num_entities": 2,
  "entities": [
    {
      "id": 0,
      "shape": "triangle",
      "size": "small",
      "color": "red",
      "center": [
        81,
        144
      ],
      "bbox": {
        "x_min": 63,
        "y_min": 124,
        "x_max": 98,
        "y_max": 154
      }
    },
    {
      "id": 1,
      "shape": "triangle",
      "size": "medium",
      "color": "cyan",
      "center": [
        99,
        56
      ],
      "bbox": {
        "x_min": 73,
        "y_min": 26,
        "x_max": 124,
        "y_max": 71
      }
    }
  ],
  "relations": [
    {
      "subject_id": 0,
      "object_id": 1,
      "relation": "above",
      "explicit": true
    }
  ]
}