{
  "image_id": 218,
  "image_filename": "image_00218.png",
  "num_entities": 2,
  "entities": [
    {
      "id": 0,
      "shape": "triangle",
      "size": "small",
      "color": "yellow",
      "center": [
        164,
        170
      ],
      "bbox": {
        "x_min": 146,
        "y_min": 150,
        "x_max": 181,
        "y_max": 180
      }
    },
    {
      "id": 1,
      "shape": "square",
      "size": "small",
      "color": "purple",
      "center": [
        131,
        93
      ],
      "bbox": {
        "x_min": 111,
        "y_min": 73,
        "x_max": 151,
        "y_max": 113
      }
    }
  ],
  "relations": [
    {
      "subject_id": 0,
      "object_id": 1,
      "relation": "above",
      "explicit": true
    }
  ]
}