{
  "image_id": 905,
  "image_filename": "image_00905.png",
  "num_entities": 3,
  "entities": [
    {
      "id": 0,
      "shape": "triangle",
      "size": "medium",
      "color": "blue",
      "center": [
        64,
        67
      ],
      "bbox": {
        "x_min": 38,
        "y_min": 37,
        "x_max": 89,
        "y_max": 82
      }
    },
    {
      "id": 1,
      "shape": "circle",
      "size": "small",
      "color": "magenta",
      "center": [
        83,
        166
      ],
      "bbox": {
        "x_min": 63,
        "y_min": 146,
        "x_max": 103,
        "y_max": 186
      }
    },
    {
      "id": 2,
      "shape": "rectangle",
      "size": "medium",
      "color": "cyan",
      "center": [
        166,
        83
      ],
      "bbox": {
        "x_min": 151,
        "y_min": 61,
        "x_max": 181,
        "y_max": 105
      }
    }
  ],
  "relations": [
    {
      "subject_id": 0,
      "object_id": 1,
      "relation": "below",
      "explicit": true
    },
    {
      "subject_id": 0,
      "object_id": 2,
      "relation": "right_of",
      "explicit": true
    },
    {
      "subject_id": 1,
      "object_id": 2,
      "relation": "above",
      "explicit": false
    }
  ]
}