{
  "image_id": 121,
  "image_filename": "image_00121.png",
  "num_entities": 3,
  "entities": [
    {
      "id": 0,
      "shape": "square",
      "size": "large",
      "color": "orange",
      "center": [
        107,
        65
      ],
      "bbox": {
        "x_min": 67,
        "y_min": 25,
        "x_max": 147,
        "y_max": 105
      }
    },
    {
      "id": 1,
      "shape": "rectangle",
      "size": "large",
      "color": "orange",
      "center": [
        169,
        141
      ],
      "bbox": {
        "x_min": 149,
        "y_min": 111,
        "x_max": 189,
        "y_max": 171
      }
    },
    {
      "id": 2,
      "shape": "circle",
      "size": "small",
      "color": "cyan",
      "center": [
        52,
        162
      ],
      "bbox": {
        "x_min": 32,
        "y_min": 142,
        "x_max": 72,
        "y_max": 182
      }
    }
  ],
  "relations": [
    {
      "subject_id": 0,
      "object_id": 1,
      "relation": "below",
      "explicit": false
    },
    {
      "subject_id": 0,
      "object_id": 2,
      "relation": "below",
      "explicit": true
    },
    {
      "subject_id": 1,
      "object_id": 2,
      "relation": "left_of",
      "explicit": true
    }
  ]
}