{
  "image_id": 171,
  "image_filename": "image_00171.png",
  "num_entities": 2,
  "entities": [
    {
      "id": 0,
      "shape": "circle",
      "size": "medium",
      "color": "blue",
      "center": [
        52,
        75
      ],
      "bbox": {
        "x_min": 22,
        "y_min": 45,
        "x_max": 82,
        "y_max": 105
      }
    },
    {
      "id": 1,
      "shape": "triangle",
      "size": "medium",
      "color": "cyan",
      "center": [
        126,
        60
      ],
      "bbox": {
        "x_min": 100,
        "y_min": 30,
        "x_max": 151,
        "y_max": 75
      }
    }
  ],
  "relations": [
    {
      "subject_id": 0,
      "object_id": 1,
      "relation": "right_of",
      "explicit": false
    }
  ]
}