{
  "image_id": 132,
  "image_filename": "image_00132.png",
  "num_entities": 4,
  "entities": [
    {
      "id": 0,
      "shape": "rectangle",
      "size": "large",
      "color": "cyan",
      "center": [
        140,
        161
      ],
      "bbox": {
        "x_min": 120,
        "y_min": 131,
        "x_max": 160,
        "y_max": 191
      }
    },
    {
      "id": 1,
      "shape": "triangle",
      "size": "medium",
      "color": "red",
      "center": [
        116,
        54
      ],
      "bbox": {
        "x_min": 90,
        "y_min": 24,
        "x_max": 141,
        "y_max": 69
      }
    },
    {
      "id": 2,
      "shape": "square",
      "size": "medium",
      "color": "blue",
      "center": [
        58,
        141
      ],
      "bbox": {
        "x_min": 28,
        "y_min": 111,
        "x_max": 88,
        "y_max": 171
      }
    },
    {
      "id": 3,
      "shape": "square",
      "size": "small",
      "color": "blue",
      "center": [
        173,
        74
      ],
      "bbox": {
        "x_min": 153,
        "y_min": 54,
        "x_max": 193,
        "y_max": 94
      }
    }
  ],
  "relations": [
    {
      "subject_id": 0,
      "object_id": 1,
      "relation": "above",
      "explicit": false
    },
    {
      "subject_id": 0,
      "object_id": 2,
      "relation": "left_of",
      "explicit": false
    },
    {
      "subject_id": 0,
      "object_id": 3,
      "relation": "above",
      "explicit": false
    },
    {
      "subject_id": 1,
      "object_id": 2,
      "relation": "below",
      "explicit": true
    },
    {
      "subject_id": 1,
      "object_id": 3,
      "relation": "right_of",
      "explicit": true
    },
    {
      "subject_id": 2,
      "object_id": 3,
      "relation": "right_of",
      "explicit": true
    }
  ]
}