{
  "image_id": 929,
  "image_filename": "image_00929.png",
  "num_entities": 4,
  "entities": [
    {
      "id": 0,
      "shape": "triangle",
      "size": "small",
      "color": "orange",
      "center": [
        57,
        109
      ],
      "bbox": {
        "x_min": 39,
        "y_min": 89,
        "x_max": 74,
        "y_max": 119
      }
    },
    {
      "id": 1,
      "shape": "triangle",
      "size": "large",
      "color": "purple",
      "center": [
        134,
        152
      ],
      "bbox": {
        "x_min": 99,
        "y_min": 112,
        "x_max": 168,
        "y_max": 172
      }
    },
    {
      "id": 2,
      "shape": "circle",
      "size": "medium",
      "color": "yellow",
      "center": [
        151,
        50
      ],
      "bbox": {
        "x_min": 121,
        "y_min": 20,
        "x_max": 181,
        "y_max": 80
      }
    },
    {
      "id": 3,
      "shape": "rectangle",
      "size": "small",
      "color": "magenta",
      "center": [
        54,
        51
      ],
      "bbox": {
        "x_min": 44,
        "y_min": 36,
        "x_max": 64,
        "y_max": 66
      }
    }
  ],
  "relations": [
    {
      "subject_id": 0,
      "object_id": 1,
      "relation": "right_of",
      "explicit": true
    },
    {
      "subject_id": 0,
      "object_id": 2,
      "relation": "right_of",
      "explicit": false
    },
    {
      "subject_id": 0,
      "object_id": 3,
      "relation": "above",
      "explicit": true
    },
    {
      "subject_id": 1,
      "object_id": 2,
      "relation": "above",
      "explicit": true
    },
    {
      "subject_id": 1,
      "object_id": 3,
      "relation": "above",
      "explicit": true
    },
    {
      "subject_id": 2,
      "object_id": 3,
      "relation": "left_of",
      "explicit": false
    }
  ]
}