{
  "image_id": 190,
  "image_filename": "image_00190.png",
  "num_entities": 2,
  "entities": [
    {
      "id": 0,
      "shape": "triangle",
      "size": "large",
      "color": "magenta",
      "center": [
        102,
        121
      ],
      "bbox": {
        "x_min": 67,
        "y_min": 81,
        "x_max": 136,
        "y_max": 141
      }
    },
    {
      "id": 1,
      "shape": "square",
      "size": "medium",
      "color": "magenta",
      "center": [
        171,
        59
      ],
      "bbox": {
        "x_min": 141,
        "y_min": 29,
        "x_max": 201,
        "y_max": 89
      }
    }
  ],
  "relations": [
    {
      "subject_id": 0,
      "object_id": 1,
      "relation": "right_of",
      "explicit": true
    }
  ]
}