{
  "image_id": 664,
  "image_filename": "image_00664.png",
  "num_entities": 4,
  "entities": [
    {
      "id": 0,
      "shape": "rectangle",
      "size": "small",
      "color": "red",
      "center": [
        92,
        62
      ],
      "bbox": {
        "x_min": 82,
        "y_min": 47,
        "x_max": 102,
        "y_max": 77
      }
    },
    {
      "id": 1,
      "shape": "square",
      "size": "medium",
      "color": "green",
      "center": [
        146,
        124
      ],
      "bbox": {
        "x_min": 116,
        "y_min": 94,
        "x_max": 176,
        "y_max": 154
      }
    },
    {
      "id": 2,
      "shape": "square",
      "size": "large",
      "color": "purple",
      "center": [
        76,
        167
      ],
      "bbox": {
        "x_min": 36,
        "y_min": 127,
        "x_max": 116,
        "y_max": 207
      }
    },
    {
      "id": 3,
      "shape": "rectangle",
      "size": "medium",
      "color": "red",
      "center": [
        162,
        50
      ],
      "bbox": {
        "x_min": 147,
        "y_min": 28,
        "x_max": 177,
        "y_max": 72
      }
    }
  ],
  "relations": [
    {
      "subject_id": 0,
      "object_id": 1,
      "relation": "below",
      "explicit": false
    },
    {
      "subject_id": 0,
      "object_id": 2,
      "relation": "below",
      "explicit": true
    },
    {
      "subject_id": 0,
      "object_id": 3,
      "relation": "right_of",
      "explicit": true
    },
    {
      "subject_id": 1,
      "object_id": 2,
      "relation": "left_of",
      "explicit": true
    },
    {
      "subject_id": 1,
      "object_id": 3,
      "relation": "above",
      "explicit": false
    },
    {
      "subject_id": 2,
      "object_id": 3,
      "relation": "above",
      "explicit": true
    }
  ]
}