{
  "image_id": 890,
  "image_filename": "image_00890.png",
  "num_entities": 5,
  "entities": [
    {
      "id": 0,
      "shape": "circle",
      "size": "medium",
      "color": "green",
      "center": [
        91,
        59
      ],
      "bbox": {
        "x_min": 61,
        "y_min": 29,
        "x_max": 121,
        "y_max": 89
      }
    },
    {
      "id": 1,
      "shape": "rectangle",
      "size": "large",
      "color": "blue",
      "center": [
        54,
        153
      ],
      "bbox": {
        "x_min": 34,
        "y_min": 123,
        "x_max": 74,
        "y_max": 183
      }
    },
    {
      "id": 2,
      "shape": "square",
      "size": "small",
      "color": "orange",
      "center": [
        169,
        169
      ],
      "bbox": {
        "x_min": 149,
        "y_min": 149,
        "x_max": 189,
        "y_max": 189
      }
    },
    {
      "id": 3,
      "shape": "triangle",
      "size": "small",
      "color": "yellow",
      "center": [
        129,
        114
      ],
      "bbox": {
        "x_min": 111,
        "y_min": 94,
        "x_max": 146,
        "y_max": 124
      }
    },
    {
      "id": 4,
      "shape": "circle",
      "size": "small",
      "color": "purple",
      "center": [
        167,
        50
      ],
      "bbox": {
        "x_min": 147,
        "y_min": 30,
        "x_max": 187,
        "y_max": 70
      }
    }
  ],
  "relations": [
    {
      "subject_id": 0,
      "object_id": 1,
      "relation": "below",
      "explicit": false
    },
    {
      "subject_id": 0,
      "object_id": 2,
      "relation": "below",
      "explicit": true
    },
    {
      "subject_id": 0,
      "object_id": 3,
      "relation": "below",
      "explicit": true
    },
    {
      "subject_id": 0,
      "object_id": 4,
      "relation": "right_of",
      "explicit": false
    },
    {
      "subject_id": 1,
      "object_id": 2,
      "relation": "right_of",
      "explicit": false
    },
    {
      "subject_id": 1,
      "object_id": 3,
      "relation": "right_of",
      "explicit": false
    },
    {
      "subject_id": 1,
      "object_id": 4,
      "relation": "right_of",
      "explicit": true
    },
    {
      "subject_id": 2,
      "object_id": 3,
      "relation": "above",
      "explicit": false
    },
    {
      "subject_id": 2,
      "object_id": 4,
      "relation": "above",
      "explicit": true
    },
    {
      "subject_id": 3,
      "object_id": 4,
      "relation": "above",
      "explicit": false
    }
  ]
}