{
  "image_id": 841,
  "image_filename": "image_00841.png",
  "num_entities": 2,
  "entities": [
    {
      "id": 0,
      "shape": "square",
      "size": "large",
      "color": "red",
      "center": [
        61,
        130
      ],
      "bbox": {
        "x_min": 21,
        "y_min": 90,
        "x_max": 101,
        "y_max": 170
      }
    },
    {
      "id": 1,
      "shape": "triangle",
      "size": "large",
      "color": "yellow",
      "center": [
        157,
        112
      ],
      "bbox": {
        "x_min": 122,
        "y_min": 72,
        "x_max": 191,
        "y_max": 132
      }
    }
  ],
  "relations": [
    {
      "subject_id": 0,
      "object_id": 1,
      "relation": "right_of",
      "explicit": true
    }
  ]
}