{
  "image_id": 675,
  "image_filename": "image_00675.png",
  "num_entities": 2,
  "entities": [
    {
      "id": 0,
      "shape": "triangle",
      "size": "medium",
      "color": "yellow",
      "center": [
        63,
        77
      ],
      "bbox": {
        "x_min": 37,
        "y_min": 47,
        "x_max": 88,
        "y_max": 92
      }
    },
    {
      "id": 1,
      "shape": "triangle",
      "size": "large",
      "color": "purple",
      "center": [
        130,
        129
      ],
      "bbox": {
        "x_min": 95,
        "y_min": 89,
        "x_max": 164,
        "y_max": 149
      }
    }
  ],
  "relations": [
    {
      "subject_id": 0,
      "object_id": 1,
      "relation": "right_of",
      "explicit": false
    }
  ]
}