{
  "image_id": 607,
  "image_filename": "image_00607.png",
  "num_entities": 3,
  "entities": [
    {
      "id": 0,
      "shape": "circle",
      "size": "medium",
      "color": "purple",
      "center": [
        53,
        84
      ],
      "bbox": {
        "x_min": 23,
        "y_min": 54,
        "x_max": 83,
        "y_max": 114
      }
    },
    {
      "id": 1,
      "shape": "circle",
      "size": "medium",
      "color": "blue",
      "center": [
        167,
        68
      ],
      "bbox": {
        "x_min": 137,
        "y_min": 38,
        "x_max": 197,
        "y_max": 98
      }
    },
    {
      "id": 2,
      "shape": "rectangle",
      "size": "small",
      "color": "purple",
      "center": [
        127,
        146
      ],
      "bbox": {
        "x_min": 117,
        "y_min": 131,
        "x_max": 137,
        "y_max": 161
      }
    }
  ],
  "relations": [
    {
      "subject_id": 0,
      "object_id": 1,
      "relation": "right_of",
      "explicit": true
    },
    {
      "subject_id": 0,
      "object_id": 2,
      "relation": "right_of",
      "explicit": true
    },
    {
      "subject_id": 1,
      "object_id": 2,
      "relation": "below",
      "explicit": false
    }
  ]
}