{
  "image_id": 262,
  "image_filename": "image_00262.png",
  "num_entities": 2,
  "entities": [
    {
      "id": 0,
      "shape": "square",
      "size": "medium",
      "color": "red",
      "center": [
        151,
        104
      ],
      "bbox": {
        "x_min": 121,
        "y_min": 74,
        "x_max": 181,
        "y_max": 134
      }
    },
    {
      "id": 1,
      "shape": "circle",
      "size": "small",
      "color": "orange",
      "center": [
        59,
        106
      ],
      "bbox": {
        "x_min": 39,
        "y_min": 86,
        "x_max": 79,
        "y_max": 126
      }
    }
  ],
  "relations": [
    {
      "subject_id": 0,
      "object_id": 1,
      "relation": "left_of",
      "explicit": true
    }
  ]
}