{
  "image_id": 912,
  "image_filename": "image_00912.png",
  "num_entities": 4,
  "entities": [
    {
      "id": 0,
      "shape": "triangle",
      "size": "small",
      "color": "green",
      "center": [
        103,
        148
      ],
      "bbox": {
        "x_min": 85,
        "y_min": 128,
        "x_max": 120,
        "y_max": 158
      }
    },
    {
      "id": 1,
      "shape": "square",
      "size": "large",
      "color": "yellow",
      "center": [
        172,
        62
      ],
      "bbox": {
        "x_min": 132,
        "y_min": 22,
        "x_max": 212,
        "y_max": 102
      }
    },
    {
      "id": 2,
      "shape": "square",
      "size": "small",
      "color": "orange",
      "center": [
        53,
        72
      ],
      "bbox": {
        "x_min": 33,
        "y_min": 52,
        "x_max": 73,
        "y_max": 92
      }
    },
    {
      "id": 3,
      "shape": "rectangle",
      "size": "medium",
      "color": "red",
      "center": [
        166,
        169
      ],
      "bbox": {
        "x_min": 151,
        "y_min": 147,
        "x_max": 181,
        "y_max": 191
      }
    }
  ],
  "relations": [
    {
      "subject_id": 0,
      "object_id": 1,
      "relation": "above",
      "explicit": true
    },
    {
      "subject_id": 0,
      "object_id": 2,
      "relation": "above",
      "explicit": false
    },
    {
      "subject_id": 0,
      "object_id": 3,
      "relation": "right_of",
      "explicit": false
    },
    {
      "subject_id": 1,
      "object_id": 2,
      "relation": "left_of",
      "explicit": true
    },
    {
      "subject_id": 1,
      "object_id": 3,
      "relation": "below",
      "explicit": false
    },
    {
      "subject_id": 2,
      "object_id": 3,
      "relation": "right_of",
      "explicit": false
    }
  ]
}