{
  "image_id": 443,
  "image_filename": "image_00443.png",
  "num_entities": 4,
  "entities": [
    {
      "id": 0,
      "shape": "rectangle",
      "size": "small",
      "color": "magenta",
      "center": [
        78,
        71
      ],
      "bbox": {
        "x_min": 68,
        "y_min": 56,
        "x_max": 88,
        "y_max": 86
      }
    },
    {
      "id": 1,
      "shape": "rectangle",
      "size": "large",
      "color": "blue",
      "center": [
        150,
        153
      ],
      "bbox": {
        "x_min": 130,
        "y_min": 123,
        "x_max": 170,
        "y_max": 183
      }
    },
    {
      "id": 2,
      "shape": "rectangle",
      "size": "small",
      "color": "cyan",
      "center": [
        61,
        141
      ],
      "bbox": {
        "x_min": 51,
        "y_min": 126,
        "x_max": 71,
        "y_max": 156
      }
    },
    {
      "id": 3,
      "shape": "rectangle",
      "size": "small",
      "color": "green",
      "center": [
        128,
        60
      ],
      "bbox": {
        "x_min": 118,
        "y_min": 45,
        "x_max": 138,
        "y_max": 75
      }
    }
  ],
  "relations": [
    {
      "subject_id": 0,
      "object_id": 1,
      "relation": "below",
      "explicit": true
    },
    {
      "subject_id": 0,
      "object_id": 2,
      "relation": "below",
      "explicit": false
    },
    {
      "subject_id": 0,
      "object_id": 3,
      "relation": "right_of",
      "explicit": false
    },
    {
      "subject_id": 1,
      "object_id": 2,
      "relation": "left_of",
      "explicit": false
    },
    {
      "subject_id": 1,
      "object_id": 3,
      "relation": "above",
      "explicit": false
    },
    {
      "subject_id": 2,
      "object_id": 3,
      "relation": "above",
      "explicit": false
    }
  ]
}