{
  "image_id": 358,
  "image_filename": "image_00358.png",
  "num_entities": 2,
  "entities": [
    {
      "id": 0,
      "shape": "circle",
      "size": "small",
      "color": "cyan",
      "center": [
        117,
        124
      ],
      "bbox": {
        "x_min": 97,
        "y_min": 104,
        "x_max": 137,
        "y_max": 144
      }
    },
    {
      "id": 1,
      "shape": "circle",
      "size": "small",
      "color": "purple",
      "center": [
        56,
        50
      ],
      "bbox": {
        "x_min": 36,
        "y_min": 30,
        "x_max": 76,
        "y_max": 70
      }
    }
  ],
  "relations": [
    {
      "subject_id": 0,
      "object_id": 1,
      "relation": "above",
      "explicit": false
    }
  ]
}