{
  "image_id": 802,
  "image_filename": "image_00802.png",
  "num_entities": 3,
  "entities": [
    {
      "id": 0,
      "shape": "rectangle",
      "size": "large",
      "color": "purple",
      "center": [
        150,
        129
      ],
      "bbox": {
        "x_min": 130,
        "y_min": 99,
        "x_max": 170,
        "y_max": 159
      }
    },
    {
      "id": 1,
      "shape": "square",
      "size": "small",
      "color": "orange",
      "center": [
        105,
        74
      ],
      "bbox": {
        "x_min": 85,
        "y_min": 54,
        "x_max": 125,
        "y_max": 94
      }
    },
    {
      "id": 2,
      "shape": "triangle",
      "size": "large",
      "color": "yellow",
      "center": [
        58,
        174
      ],
      "bbox": {
        "x_min": 23,
        "y_min": 134,
        "x_max": 92,
        "y_max": 194
      }
    }
  ],
  "relations": [
    {
      "subject_id": 0,
      "object_id": 1,
      "relation": "above",
      "explicit": true
    },
    {
      "subject_id": 0,
      "object_id": 2,
      "relation": "left_of",
      "explicit": false
    },
    {
      "subject_id": 1,
      "object_id": 2,
      "relation": "below",
      "explicit": true
    }
  ]
}