{
  "image_id": 897,
  "image_filename": "image_00897.png",
  "num_entities": 4,
  "entities": [
    {
      "id": 0,
      "shape": "triangle",
      "size": "medium",
      "color": "green",
      "center": [
        169,
        145
      ],
      "bbox": {
        "x_min": 143,
        "y_min": 115,
        "x_max": 194,
        "y_max": 160
      }
    },
    {
      "id": 1,
      "shape": "triangle",
      "size": "small",
      "color": "magenta",
      "center": [
        88,
        50
      ],
      "bbox": {
        "x_min": 70,
        "y_min": 30,
        "x_max": 105,
        "y_max": 60
      }
    },
    {
      "id": 2,
      "shape": "rectangle",
      "size": "large",
      "color": "yellow",
      "center": [
        83,
        128
      ],
      "bbox": {
        "x_min": 63,
        "y_min": 98,
        "x_max": 103,
        "y_max": 158
      }
    },
    {
      "id": 3,
      "shape": "rectangle",
      "size": "small",
      "color": "orange",
      "center": [
        132,
        76
      ],
      "bbox": {
        "x_min": 122,
        "y_min": 61,
        "x_max": 142,
        "y_max": 91
      }
    }
  ],
  "relations": [
    {
      "subject_id": 0,
      "object_id": 1,
      "relation": "above",
      "explicit": true
    },
    {
      "subject_id": 0,
      "object_id": 2,
      "relation": "left_of",
      "explicit": true
    },
    {
      "subject_id": 0,
      "object_id": 3,
      "relation": "above",
      "explicit": true
    },
    {
      "subject_id": 1,
      "object_id": 2,
      "relation": "below",
      "explicit": false
    },
    {
      "subject_id": 1,
      "object_id": 3,
      "relation": "right_of",
      "explicit": false
    },
    {
      "subject_id": 2,
      "object_id": 3,
      "relation": "above",
      "explicit": false
    }
  ]
}