{
  "image_id": 180,
  "image_filename": "image_00180.png",
  "num_entities": 4,
  "entities": [
    {
      "id": 0,
      "shape": "circle",
      "size": "small",
      "color": "blue",
      "center": [
        113,
        110
      ],
      "bbox": {
        "x_min": 93,
        "y_min": 90,
        "x_max": 133,
        "y_max": 130
      }
    },
    {
      "id": 1,
      "shape": "triangle",
      "size": "medium",
      "color": "magenta",
      "center": [
        168,
        61
      ],
      "bbox": {
        "x_min": 142,
        "y_min": 31,
        "x_max": 193,
        "y_max": 76
      }
    },
    {
      "id": 2,
      "shape": "circle",
      "size": "large",
      "color": "blue",
      "center": [
        65,
        52
      ],
      "bbox": {
        "x_min": 25,
        "y_min": 12,
        "x_max": 105,
        "y_max": 92
      }
    },
    {
      "id": 3,
      "shape": "rectangle",
      "size": "medium",
      "color": "magenta",
      "center": [
        133,
        168
      ],
      "bbox": {
        "x_min": 118,
        "y_min": 146,
        "x_max": 148,
        "y_max": 190
      }
    }
  ],
  "relations": [
    {
      "subject_id": 0,
      "object_id": 1,
      "relation": "right_of",
      "explicit": true
    },
    {
      "subject_id": 0,
      "object_id": 2,
      "relation": "above",
      "explicit": false
    },
    {
      "subject_id": 0,
      "object_id": 3,
      "relation": "below",
      "explicit": false
    },
    {
      "subject_id": 1,
      "object_id": 2,
      "relation": "left_of",
      "explicit": false
    },
    {
      "subject_id": 1,
      "object_id": 3,
      "relation": "below",
      "explicit": true
    },
    {
      "subject_id": 2,
      "object_id": 3,
      "relation": "below",
      "explicit": true
    }
  ]
}