{
  "image_id": 975,
  "image_filename": "image_00975.png",
  "num_entities": 3,
  "entities": [
    {
      "id": 0,
      "shape": "rectangle",
      "size": "large",
      "color": "blue",
      "center": [
        64,
        119
      ],
      "bbox": {
        "x_min": 44,
        "y_min": 89,
        "x_max": 84,
        "y_max": 149
      }
    },
    {
      "id": 1,
      "shape": "circle",
      "size": "small",
      "color": "magenta",
      "center": [
        131,
        78
      ],
      "bbox": {
        "x_min": 111,
        "y_min": 58,
        "x_max": 151,
        "y_max": 98
      }
    },
    {
      "id": 2,
      "shape": "triangle",
      "size": "medium",
      "color": "cyan",
      "center": [
        143,
        143
      ],
      "bbox": {
        "x_min": 117,
        "y_min": 113,
        "x_max": 168,
        "y_max": 158
      }
    }
  ],
  "relations": [
    {
      "subject_id": 0,
      "object_id": 1,
      "relation": "right_of",
      "explicit": true
    },
    {
      "subject_id": 0,
      "object_id": 2,
      "relation": "right_of",
      "explicit": false
    },
    {
      "subject_id": 1,
      "object_id": 2,
      "relation": "below",
      "explicit": true
    }
  ]
}