{
  "image_id": 414,
  "image_filename": "image_00414.png",
  "num_entities": 2,
  "entities": [
    {
      "id": 0,
      "shape": "square",
      "size": "large",
      "color": "red",
      "center": [
        89,
        128
      ],
      "bbox": {
        "x_min": 49,
        "y_min": 88,
        "x_max": 129,
        "y_max": 168
      }
    },
    {
      "id": 1,
      "shape": "rectangle",
      "size": "medium",
      "color": "purple",
      "center": [
        165,
        174
      ],
      "bbox": {
        "x_min": 150,
        "y_min": 152,
        "x_max": 180,
        "y_max": 196
      }
    }
  ],
  "relations": [
    {
      "subject_id": 0,
      "object_id": 1,
      "relation": "right_of",
      "explicit": true
    }
  ]
}