{
  "image_id": 762,
  "image_filename": "image_00762.png",
  "num_entities": 4,
  "entities": [
    {
      "id": 0,
      "shape": "triangle",
      "size": "small",
      "color": "yellow",
      "center": [
        159,
        120
      ],
      "bbox": {
        "x_min": 141,
        "y_min": 100,
        "x_max": 176,
        "y_max": 130
      }
    },
    {
      "id": 1,
      "shape": "triangle",
      "size": "medium",
      "color": "red",
      "center": [
        69,
        124
      ],
      "bbox": {
        "x_min": 43,
        "y_min": 94,
        "x_max": 94,
        "y_max": 139
      }
    },
    {
      "id": 2,
      "shape": "rectangle",
      "size": "medium",
      "color": "yellow",
      "center": [
        106,
        63
      ],
      "bbox": {
        "x_min": 91,
        "y_min": 41,
        "x_max": 121,
        "y_max": 85
      }
    },
    {
      "id": 3,
      "shape": "triangle",
      "size": "small",
      "color": "purple",
      "center": [
        167,
        173
      ],
      "bbox": {
        "x_min": 149,
        "y_min": 153,
        "x_max": 184,
        "y_max": 183
      }
    }
  ],
  "relations": [
    {
      "subject_id": 0,
      "object_id": 1,
      "relation": "left_of",
      "explicit": false
    },
    {
      "subject_id": 0,
      "object_id": 2,
      "relation": "above",
      "explicit": true
    },
    {
      "subject_id": 0,
      "object_id": 3,
      "relation": "below",
      "explicit": false
    },
    {
      "subject_id": 1,
      "object_id": 2,
      "relation": "above",
      "explicit": true
    },
    {
      "subject_id": 1,
      "object_id": 3,
      "relation": "right_of",
      "explicit": true
    },
    {
      "subject_id": 2,
      "object_id": 3,
      "relation": "below",
      "explicit": false
    }
  ]
}