{
  "image_id": 81,
  "image_filename": "image_00081.png",
  "num_entities": 3,
  "entities": [
    {
      "id": 0,
      "shape": "circle",
      "size": "small",
      "color": "blue",
      "center": [
        120,
        153
      ],
      "bbox": {
        "x_min": 100,
        "y_min": 133,
        "x_max": 140,
        "y_max": 173
      }
    },
    {
      "id": 1,
      "shape": "triangle",
      "size": "large",
      "color": "yellow",
      "center": [
        138,
        52
      ],
      "bbox": {
        "x_min": 103,
        "y_min": 12,
        "x_max": 172,
        "y_max": 72
      }
    },
    {
      "id": 2,
      "shape": "circle",
      "size": "small",
      "color": "yellow",
      "center": [
        167,
        173
      ],
      "bbox": {
        "x_min": 147,
        "y_min": 153,
        "x_max": 187,
        "y_max": 193
      }
    }
  ],
  "relations": [
    {
      "subject_id": 0,
      "object_id": 1,
      "relation": "above",
      "explicit": true
    },
    {
      "subject_id": 0,
      "object_id": 2,
      "relation": "right_of",
      "explicit": true
    },
    {
      "subject_id": 1,
      "object_id": 2,
      "relation": "below",
      "explicit": true
    }
  ]
}