{
  "image_id": 202,
  "image_filename": "image_00202.png",
  "num_entities": 3,
  "entities": [
    {
      "id": 0,
      "shape": "square",
      "size": "small",
      "color": "green",
      "center": [
        144,
        154
      ],
      "bbox": {
        "x_min": 124,
        "y_min": 134,
        "x_max": 164,
        "y_max": 174
      }
    },
    {
      "id": 1,
      "shape": "triangle",
      "size": "large",
      "color": "cyan",
      "center": [
        158,
        50
      ],
      "bbox": {
        "x_min": 123,
        "y_min": 10,
        "x_max": 192,
        "y_max": 70
      }
    },
    {
      "id": 2,
      "shape": "circle",
      "size": "medium",
      "color": "yellow",
      "center": [
        63,
        69
      ],
      "bbox": {
        "x_min": 33,
        "y_min": 39,
        "x_max": 93,
        "y_max": 99
      }
    }
  ],
  "relations": [
    {
      "subject_id": 0,
      "object_id": 1,
      "relation": "above",
      "explicit": true
    },
    {
      "subject_id": 0,
      "object_id": 2,
      "relation": "above",
      "explicit": true
    },
    {
      "subject_id": 1,
      "object_id": 2,
      "relation": "left_of",
      "explicit": false
    }
  ]
}