{
  "image_id": 652,
  "image_filename": "image_00652.png",
  "num_entities": 3,
  "entities": [
    {
      "id": 0,
      "shape": "circle",
      "size": "large",
      "color": "red",
      "center": [
        51,
        123
      ],
      "bbox": {
        "x_min": 11,
        "y_min": 83,
        "x_max": 91,
        "y_max": 163
      }
    },
    {
      "id": 1,
      "shape": "circle",
      "size": "large",
      "color": "cyan",
      "center": [
        172,
        169
      ],
      "bbox": {
        "x_min": 132,
        "y_min": 129,
        "x_max": 212,
        "y_max": 209
      }
    },
    {
      "id": 2,
      "shape": "square",
      "size": "small",
      "color": "blue",
      "center": [
        165,
        98
      ],
      "bbox": {
        "x_min": 145,
        "y_min": 78,
        "x_max": 185,
        "y_max": 118
      }
    }
  ],
  "relations": [
    {
      "subject_id": 0,
      "object_id": 1,
      "relation": "right_of",
      "explicit": true
    },
    {
      "subject_id": 0,
      "object_id": 2,
      "relation": "right_of",
      "explicit": false
    },
    {
      "subject_id": 1,
      "object_id": 2,
      "relation": "above",
      "explicit": false
    }
  ]
}