{
  "image_id": 817,
  "image_filename": "image_00817.png",
  "num_entities": 4,
  "entities": [
    {
      "id": 0,
      "shape": "square",
      "size": "small",
      "color": "orange",
      "center": [
        157,
        148
      ],
      "bbox": {
        "x_min": 137,
        "y_min": 128,
        "x_max": 177,
        "y_max": 168
      }
    },
    {
      "id": 1,
      "shape": "circle",
      "size": "small",
      "color": "blue",
      "center": [
        112,
        68
      ],
      "bbox": {
        "x_min": 92,
        "y_min": 48,
        "x_max": 132,
        "y_max": 88
      }
    },
    {
      "id": 2,
      "shape": "triangle",
      "size": "large",
      "color": "purple",
      "center": [
        63,
        128
      ],
      "bbox": {
        "x_min": 28,
        "y_min": 88,
        "x_max": 97,
        "y_max": 148
      }
    },
    {
      "id": 3,
      "shape": "rectangle",
      "size": "small",
      "color": "red",
      "center": [
        54,
        50
      ],
      "bbox": {
        "x_min": 44,
        "y_min": 35,
        "x_max": 64,
        "y_max": 65
      }
    }
  ],
  "relations": [
    {
      "subject_id": 0,
      "object_id": 1,
      "relation": "above",
      "explicit": true
    },
    {
      "subject_id": 0,
      "object_id": 2,
      "relation": "left_of",
      "explicit": false
    },
    {
      "subject_id": 0,
      "object_id": 3,
      "relation": "left_of",
      "explicit": true
    },
    {
      "subject_id": 1,
      "object_id": 2,
      "relation": "below",
      "explicit": true
    },
    {
      "subject_id": 1,
      "object_id": 3,
      "relation": "left_of",
      "explicit": false
    },
    {
      "subject_id": 2,
      "object_id": 3,
      "relation": "above",
      "explicit": false
    }
  ]
}