{
  "image_id": 415,
  "image_filename": "image_00415.png",
  "num_entities": 4,
  "entities": [
    {
      "id": 0,
      "shape": "triangle",
      "size": "small",
      "color": "red",
      "center": [
        83,
        143
      ],
      "bbox": {
        "x_min": 65,
        "y_min": 123,
        "x_max": 100,
        "y_max": 153
      }
    },
    {
      "id": 1,
      "shape": "circle",
      "size": "large",
      "color": "yellow",
      "center": [
        112,
        54
      ],
      "bbox": {
        "x_min": 72,
        "y_min": 14,
        "x_max": 152,
        "y_max": 94
      }
    },
    {
      "id": 2,
      "shape": "circle",
      "size": "medium",
      "color": "magenta",
      "center": [
        152,
        131
      ],
      "bbox": {
        "x_min": 122,
        "y_min": 101,
        "x_max": 182,
        "y_max": 161
      }
    },
    {
      "id": 3,
      "shape": "circle",
      "size": "small",
      "color": "cyan",
      "center": [
        55,
        99
      ],
      "bbox": {
        "x_min": 35,
        "y_min": 79,
        "x_max": 75,
        "y_max": 119
      }
    }
  ],
  "relations": [
    {
      "subject_id": 0,
      "object_id": 1,
      "relation": "above",
      "explicit": false
    },
    {
      "subject_id": 0,
      "object_id": 2,
      "relation": "right_of",
      "explicit": true
    },
    {
      "subject_id": 0,
      "object_id": 3,
      "relation": "above",
      "explicit": false
    },
    {
      "subject_id": 1,
      "object_id": 2,
      "relation": "below",
      "explicit": true
    },
    {
      "subject_id": 1,
      "object_id": 3,
      "relation": "left_of",
      "explicit": false
    },
    {
      "subject_id": 2,
      "object_id": 3,
      "relation": "left_of",
      "explicit": true
    }
  ]
}