{
  "image_id": 344,
  "image_filename": "image_00344.png",
  "num_entities": 3,
  "entities": [
    {
      "id": 0,
      "shape": "square",
      "size": "large",
      "color": "purple",
      "center": [
        172,
        62
      ],
      "bbox": {
        "x_min": 132,
        "y_min": 22,
        "x_max": 212,
        "y_max": 102
      }
    },
    {
      "id": 1,
      "shape": "rectangle",
      "size": "small",
      "color": "magenta",
      "center": [
        50,
        118
      ],
      "bbox": {
        "x_min": 40,
        "y_min": 103,
        "x_max": 60,
        "y_max": 133
      }
    },
    {
      "id": 2,
      "shape": "square",
      "size": "large",
      "color": "cyan",
      "center": [
        117,
        151
      ],
      "bbox": {
        "x_min": 77,
        "y_min": 111,
        "x_max": 157,
        "y_max": 191
      }
    }
  ],
  "relations": [
    {
      "subject_id": 0,
      "object_id": 1,
      "relation": "left_of",
      "explicit": false
    },
    {
      "subject_id": 0,
      "object_id": 2,
      "relation": "below",
      "explicit": false
    },
    {
      "subject_id": 1,
      "object_id": 2,
      "relation": "right_of",
      "explicit": false
    }
  ]
}