{
  "image_id": 435,
  "image_filename": "image_00435.png",
  "num_entities": 2,
  "entities": [
    {
      "id": 0,
      "shape": "triangle",
      "size": "large",
      "color": "cyan",
      "center": [
        132,
        86
      ],
      "bbox": {
        "x_min": 97,
        "y_min": 46,
        "x_max": 166,
        "y_max": 106
      }
    },
    {
      "id": 1,
      "shape": "circle",
      "size": "medium",
      "color": "orange",
      "center": [
        106,
        173
      ],
      "bbox": {
        "x_min": 76,
        "y_min": 143,
        "x_max": 136,
        "y_max": 203
      }
    }
  ],
  "relations": [
    {
      "subject_id": 0,
      "object_id": 1,
      "relation": "below",
      "explicit": true
    }
  ]
}