{
  "image_id": 875,
  "image_filename": "image_00875.png",
  "num_entities": 4,
  "entities": [
    {
      "id": 0,
      "shape": "rectangle",
      "size": "medium",
      "color": "purple",
      "center": [
        74,
        139
      ],
      "bbox": {
        "x_min": 59,
        "y_min": 117,
        "x_max": 89,
        "y_max": 161
      }
    },
    {
      "id": 1,
      "shape": "square",
      "size": "small",
      "color": "yellow",
      "center": [
        68,
        56
      ],
      "bbox": {
        "x_min": 48,
        "y_min": 36,
        "x_max": 88,
        "y_max": 76
      }
    },
    {
      "id": 2,
      "shape": "triangle",
      "size": "medium",
      "color": "orange",
      "center": [
        150,
        153
      ],
      "bbox": {
        "x_min": 124,
        "y_min": 123,
        "x_max": 175,
        "y_max": 168
      }
    },
    {
      "id": 3,
      "shape": "square",
      "size": "large",
      "color": "red",
      "center": [
        164,
        72
      ],
      "bbox": {
        "x_min": 124,
        "y_min": 32,
        "x_max": 204,
        "y_max": 112
      }
    }
  ],
  "relations": [
    {
      "subject_id": 0,
      "object_id": 1,
      "relation": "above",
      "explicit": true
    },
    {
      "subject_id": 0,
      "object_id": 2,
      "relation": "right_of",
      "explicit": true
    },
    {
      "subject_id": 0,
      "object_id": 3,
      "relation": "right_of",
      "explicit": false
    },
    {
      "subject_id": 1,
      "object_id": 2,
      "relation": "below",
      "explicit": false
    },
    {
      "subject_id": 1,
      "object_id": 3,
      "relation": "right_of",
      "explicit": true
    },
    {
      "subject_id": 2,
      "object_id": 3,
      "relation": "above",
      "explicit": false
    }
  ]
}