{
  "image_id": 499,
  "image_filename": "image_00499.png",
  "num_entities": 5,
  "entities": [
    {
      "id": 0,
      "shape": "triangle",
      "size": "medium",
      "color": "orange",
      "center": [
        119,
        103
      ],
      "bbox": {
        "x_min": 93,
        "y_min": 73,
        "x_max": 144,
        "y_max": 118
      }
    },
    {
      "id": 1,
      "shape": "circle",
      "size": "medium",
      "color": "yellow",
      "center": [
        77,
        168
      ],
      "bbox": {
        "x_min": 47,
        "y_min": 138,
        "x_max": 107,
        "y_max": 198
      }
    },
    {
      "id": 2,
      "shape": "rectangle",
      "size": "medium",
      "color": "green",
      "center": [
        53,
        74
      ],
      "bbox": {
        "x_min": 38,
        "y_min": 52,
        "x_max": 68,
        "y_max": 96
      }
    },
    {
      "id": 3,
      "shape": "rectangle",
      "size": "small",
      "color": "blue",
      "center": [
        158,
        53
      ],
      "bbox": {
        "x_min": 148,
        "y_min": 38,
        "x_max": 168,
        "y_max": 68
      }
    },
    {
      "id": 4,
      "shape": "triangle",
      "size": "small",
      "color": "blue",
      "center": [
        172,
        141
      ],
      "bbox": {
        "x_min": 154,
        "y_min": 121,
        "x_max": 189,
        "y_max": 151
      }
    }
  ],
  "relations": [
    {
      "subject_id": 0,
      "object_id": 1,
      "relation": "below",
      "explicit": false
    },
    {
      "subject_id": 0,
      "object_id": 2,
      "relation": "left_of",
      "explicit": false
    },
    {
      "subject_id": 0,
      "object_id": 3,
      "relation": "above",
      "explicit": false
    },
    {
      "subject_id": 0,
      "object_id": 4,
      "relation": "right_of",
      "explicit": true
    },
    {
      "subject_id": 1,
      "object_id": 2,
      "relation": "above",
      "explicit": true
    },
    {
      "subject_id": 1,
      "object_id": 3,
      "relation": "above",
      "explicit": true
    },
    {
      "subject_id": 1,
      "object_id": 4,
      "relation": "right_of",
      "explicit": true
    },
    {
      "subject_id": 2,
      "object_id": 3,
      "relation": "right_of",
      "explicit": false
    },
    {
      "subject_id": 2,
      "object_id": 4,
      "relation": "right_of",
      "explicit": true
    },
    {
      "subject_id": 3,
      "object_id": 4,
      "relation": "below",
      "explicit": false
    }
  ]
}