{
  "image_id": 247,
  "image_filename": "image_00247.png",
  "num_entities": 3,
  "entities": [
    {
      "id": 0,
      "shape": "rectangle",
      "size": "large",
      "color": "blue",
      "center": [
        151,
        135
      ],
      "bbox": {
        "x_min": 131,
        "y_min": 105,
        "x_max": 171,
        "y_max": 165
      }
    },
    {
      "id": 1,
      "shape": "square",
      "size": "large",
      "color": "cyan",
      "center": [
        66,
        102
      ],
      "bbox": {
        "x_min": 26,
        "y_min": 62,
        "x_max": 106,
        "y_max": 142
      }
    },
    {
      "id": 2,
      "shape": "square",
      "size": "small",
      "color": "purple",
      "center": [
        130,
        62
      ],
      "bbox": {
        "x_min": 110,
        "y_min": 42,
        "x_max": 150,
        "y_max": 82
      }
    }
  ],
  "relations": [
    {
      "subject_id": 0,
      "object_id": 1,
      "relation": "left_of",
      "explicit": false
    },
    {
      "subject_id": 0,
      "object_id": 2,
      "relation": "above",
      "explicit": true
    },
    {
      "subject_id": 1,
      "object_id": 2,
      "relation": "right_of",
      "explicit": true
    }
  ]
}