{
  "image_id": 556,
  "image_filename": "image_00556.png",
  "num_entities": 2,
  "entities": [
    {
      "id": 0,
      "shape": "triangle",
      "size": "small",
      "color": "yellow",
      "center": [
        85,
        153
      ],
      "bbox": {
        "x_min": 67,
        "y_min": 133,
        "x_max": 102,
        "y_max": 163
      }
    },
    {
      "id": 1,
      "shape": "square",
      "size": "large",
      "color": "orange",
      "center": [
        153,
        135
      ],
      "bbox": {
        "x_min": 113,
        "y_min": 95,
        "x_max": 193,
        "y_max": 175
      }
    }
  ],
  "relations": [
    {
      "subject_id": 0,
      "object_id": 1,
      "relation": "right_of",
      "explicit": false
    }
  ]
}