{
  "image_id": 344,
  "image_filename": "image_00344.png",
  "num_entities": 4,
  "entities": [
    {
      "id": 0,
      "shape": "rectangle",
      "size": "large",
      "color": "cyan",
      "center": [
        55,
        124
      ],
      "bbox": {
        "x_min": 35,
        "y_min": 94,
        "x_max": 75,
        "y_max": 154
      }
    },
    {
      "id": 1,
      "shape": "triangle",
      "size": "large",
      "color": "red",
      "center": [
        164,
        74
      ],
      "bbox": {
        "x_min": 129,
        "y_min": 34,
        "x_max": 198,
        "y_max": 94
      }
    },
    {
      "id": 2,
      "shape": "triangle",
      "size": "medium",
      "color": "magenta",
      "center": [
        173,
        168
      ],
      "bbox": {
        "x_min": 147,
        "y_min": 138,
        "x_max": 198,
        "y_max": 183
      }
    },
    {
      "id": 3,
      "shape": "triangle",
      "size": "small",
      "color": "cyan",
      "center": [
        79,
        50
      ],
      "bbox": {
        "x_min": 61,
        "y_min": 30,
        "x_max": 96,
        "y_max": 60
      }
    }
  ],
  "relations": [
    {
      "subject_id": 0,
      "object_id": 1,
      "relation": "right_of",
      "explicit": false
    },
    {
      "subject_id": 0,
      "object_id": 2,
      "relation": "right_of",
      "explicit": true
    },
    {
      "subject_id": 0,
      "object_id": 3,
      "relation": "above",
      "explicit": true
    },
    {
      "subject_id": 1,
      "object_id": 2,
      "relation": "below",
      "explicit": false
    },
    {
      "subject_id": 1,
      "object_id": 3,
      "relation": "left_of",
      "explicit": false
    },
    {
      "subject_id": 2,
      "object_id": 3,
      "relation": "above",
      "explicit": false
    }
  ]
}