{
  "image_id": 855,
  "image_filename": "image_00855.png",
  "num_entities": 3,
  "entities": [
    {
      "id": 0,
      "shape": "rectangle",
      "size": "large",
      "color": "magenta",
      "center": [
        146,
        86
      ],
      "bbox": {
        "x_min": 126,
        "y_min": 56,
        "x_max": 166,
        "y_max": 116
      }
    },
    {
      "id": 1,
      "shape": "rectangle",
      "size": "small",
      "color": "cyan",
      "center": [
        55,
        134
      ],
      "bbox": {
        "x_min": 45,
        "y_min": 119,
        "x_max": 65,
        "y_max": 149
      }
    },
    {
      "id": 2,
      "shape": "square",
      "size": "large",
      "color": "purple",
      "center": [
        56,
        60
      ],
      "bbox": {
        "x_min": 16,
        "y_min": 20,
        "x_max": 96,
        "y_max": 100
      }
    }
  ],
  "relations": [
    {
      "subject_id": 0,
      "object_id": 1,
      "relation": "left_of",
      "explicit": false
    },
    {
      "subject_id": 0,
      "object_id": 2,
      "relation": "left_of",
      "explicit": true
    },
    {
      "subject_id": 1,
      "object_id": 2,
      "relation": "above",
      "explicit": true
    }
  ]
}