{
  "image_id": 74,
  "image_filename": "image_00074.png",
  "num_entities": 3,
  "entities": [
    {
      "id": 0,
      "shape": "circle",
      "size": "large",
      "color": "yellow",
      "center": [
        119,
        113
      ],
      "bbox": {
        "x_min": 79,
        "y_min": 73,
        "x_max": 159,
        "y_max": 153
      }
    },
    {
      "id": 1,
      "shape": "triangle",
      "size": "small",
      "color": "cyan",
      "center": [
        67,
        160
      ],
      "bbox": {
        "x_min": 49,
        "y_min": 140,
        "x_max": 84,
        "y_max": 170
      }
    },
    {
      "id": 2,
      "shape": "triangle",
      "size": "medium",
      "color": "yellow",
      "center": [
        60,
        50
      ],
      "bbox": {
        "x_min": 34,
        "y_min": 20,
        "x_max": 85,
        "y_max": 65
      }
    }
  ],
  "relations": [
    {
      "subject_id": 0,
      "object_id": 1,
      "relation": "left_of",
      "explicit": false
    },
    {
      "subject_id": 0,
      "object_id": 2,
      "relation": "above",
      "explicit": true
    },
    {
      "subject_id": 1,
      "object_id": 2,
      "relation": "above",
      "explicit": false
    }
  ]
}