{
  "image_id": 397,
  "image_filename": "image_00397.png",
  "num_entities": 3,
  "entities": [
    {
      "id": 0,
      "shape": "circle",
      "size": "medium",
      "color": "green",
      "center": [
        116,
        160
      ],
      "bbox": {
        "x_min": 86,
        "y_min": 130,
        "x_max": 146,
        "y_max": 190
      }
    },
    {
      "id": 1,
      "shape": "square",
      "size": "large",
      "color": "orange",
      "center": [
        145,
        66
      ],
      "bbox": {
        "x_min": 105,
        "y_min": 26,
        "x_max": 185,
        "y_max": 106
      }
    },
    {
      "id": 2,
      "shape": "triangle",
      "size": "small",
      "color": "cyan",
      "center": [
        60,
        122
      ],
      "bbox": {
        "x_min": 42,
        "y_min": 102,
        "x_max": 77,
        "y_max": 132
      }
    }
  ],
  "relations": [
    {
      "subject_id": 0,
      "object_id": 1,
      "relation": "above",
      "explicit": false
    },
    {
      "subject_id": 0,
      "object_id": 2,
      "relation": "left_of",
      "explicit": true
    },
    {
      "subject_id": 1,
      "object_id": 2,
      "relation": "left_of",
      "explicit": false
    }
  ]
}