{
  "image_id": 573,
  "image_filename": "image_00573.png",
  "num_entities": 3,
  "entities": [
    {
      "id": 0,
      "shape": "triangle",
      "size": "large",
      "color": "cyan",
      "center": [
        122,
        94
      ],
      "bbox": {
        "x_min": 87,
        "y_min": 54,
        "x_max": 156,
        "y_max": 114
      }
    },
    {
      "id": 1,
      "shape": "rectangle",
      "size": "small",
      "color": "blue",
      "center": [
        123,
        166
      ],
      "bbox": {
        "x_min": 113,
        "y_min": 151,
        "x_max": 133,
        "y_max": 181
      }
    },
    {
      "id": 2,
      "shape": "square",
      "size": "small",
      "color": "green",
      "center": [
        56,
        160
      ],
      "bbox": {
        "x_min": 36,
        "y_min": 140,
        "x_max": 76,
        "y_max": 180
      }
    }
  ],
  "relations": [
    {
      "subject_id": 0,
      "object_id": 1,
      "relation": "below",
      "explicit": true
    },
    {
      "subject_id": 0,
      "object_id": 2,
      "relation": "below",
      "explicit": true
    },
    {
      "subject_id": 1,
      "object_id": 2,
      "relation": "left_of",
      "explicit": true
    }
  ]
}