{
  "image_id": 126,
  "image_filename": "image_00126.png",
  "num_entities": 4,
  "entities": [
    {
      "id": 0,
      "shape": "rectangle",
      "size": "large",
      "color": "red",
      "center": [
        71,
        82
      ],
      "bbox": {
        "x_min": 51,
        "y_min": 52,
        "x_max": 91,
        "y_max": 112
      }
    },
    {
      "id": 1,
      "shape": "square",
      "size": "small",
      "color": "red",
      "center": [
        134,
        125
      ],
      "bbox": {
        "x_min": 114,
        "y_min": 105,
        "x_max": 154,
        "y_max": 145
      }
    },
    {
      "id": 2,
      "shape": "rectangle",
      "size": "medium",
      "color": "magenta",
      "center": [
        88,
        169
      ],
      "bbox": {
        "x_min": 73,
        "y_min": 147,
        "x_max": 103,
        "y_max": 191
      }
    },
    {
      "id": 3,
      "shape": "rectangle",
      "size": "small",
      "color": "green",
      "center": [
        156,
        79
      ],
      "bbox": {
        "x_min": 146,
        "y_min": 64,
        "x_max": 166,
        "y_max": 94
      }
    }
  ],
  "relations": [
    {
      "subject_id": 0,
      "object_id": 1,
      "relation": "right_of",
      "explicit": false
    },
    {
      "subject_id": 0,
      "object_id": 2,
      "relation": "below",
      "explicit": true
    },
    {
      "subject_id": 0,
      "object_id": 3,
      "relation": "right_of",
      "explicit": false
    },
    {
      "subject_id": 1,
      "object_id": 2,
      "relation": "left_of",
      "explicit": false
    },
    {
      "subject_id": 1,
      "object_id": 3,
      "relation": "above",
      "explicit": true
    },
    {
      "subject_id": 2,
      "object_id": 3,
      "relation": "above",
      "explicit": true
    }
  ]
}