{
  "image_id": 178,
  "image_filename": "image_00178.png",
  "num_entities": 3,
  "entities": [
    {
      "id": 0,
      "shape": "square",
      "size": "medium",
      "color": "cyan",
      "center": [
        93,
        136
      ],
      "bbox": {
        "x_min": 63,
        "y_min": 106,
        "x_max": 123,
        "y_max": 166
      }
    },
    {
      "id": 1,
      "shape": "square",
      "size": "medium",
      "color": "blue",
      "center": [
        149,
        90
      ],
      "bbox": {
        "x_min": 119,
        "y_min": 60,
        "x_max": 179,
        "y_max": 120
      }
    },
    {
      "id": 2,
      "shape": "square",
      "size": "small",
      "color": "blue",
      "center": [
        156,
        166
      ],
      "bbox": {
        "x_min": 136,
        "y_min": 146,
        "x_max": 176,
        "y_max": 186
      }
    }
  ],
  "relations": [
    {
      "subject_id": 0,
      "object_id": 1,
      "relation": "right_of",
      "explicit": false
    },
    {
      "subject_id": 0,
      "object_id": 2,
      "relation": "right_of",
      "explicit": false
    },
    {
      "subject_id": 1,
      "object_id": 2,
      "relation": "below",
      "explicit": false
    }
  ]
}