{
  "image_id": 206,
  "image_filename": "image_00206.png",
  "num_entities": 2,
  "entities": [
    {
      "id": 0,
      "shape": "circle",
      "size": "small",
      "color": "purple",
      "center": [
        133,
        139
      ],
      "bbox": {
        "x_min": 113,
        "y_min": 119,
        "x_max": 153,
        "y_max": 159
      }
    },
    {
      "id": 1,
      "shape": "circle",
      "size": "medium",
      "color": "red",
      "center": [
        52,
        82
      ],
      "bbox": {
        "x_min": 22,
        "y_min": 52,
        "x_max": 82,
        "y_max": 112
      }
    }
  ],
  "relations": [
    {
      "subject_id": 0,
      "object_id": 1,
      "relation": "left_of",
      "explicit": true
    }
  ]
}