{
  "image_id": 710,
  "image_filename": "image_00710.png",
  "num_entities": 5,
  "entities": [
    {
      "id": 0,
      "shape": "rectangle",
      "size": "medium",
      "color": "yellow",
      "center": [
        90,
        166
      ],
      "bbox": {
        "x_min": 75,
        "y_min": 144,
        "x_max": 105,
        "y_max": 188
      }
    },
    {
      "id": 1,
      "shape": "circle",
      "size": "small",
      "color": "red",
      "center": [
        112,
        96
      ],
      "bbox": {
        "x_min": 92,
        "y_min": 76,
        "x_max": 132,
        "y_max": 116
      }
    },
    {
      "id": 2,
      "shape": "circle",
      "size": "medium",
      "color": "green",
      "center": [
        63,
        54
      ],
      "bbox": {
        "x_min": 33,
        "y_min": 24,
        "x_max": 93,
        "y_max": 84
      }
    },
    {
      "id": 3,
      "shape": "circle",
      "size": "medium",
      "color": "orange",
      "center": [
        173,
        52
      ],
      "bbox": {
        "x_min": 143,
        "y_min": 22,
        "x_max": 203,
        "y_max": 82
      }
    },
    {
      "id": 4,
      "shape": "square",
      "size": "large",
      "color": "purple",
      "center": [
        172,
        158
      ],
      "bbox": {
        "x_min": 132,
        "y_min": 118,
        "x_max": 212,
        "y_max": 198
      }
    }
  ],
  "relations": [
    {
      "subject_id": 0,
      "object_id": 1,
      "relation": "above",
      "explicit": true
    },
    {
      "subject_id": 0,
      "object_id": 2,
      "relation": "above",
      "explicit": true
    },
    {
      "subject_id": 0,
      "object_id": 3,
      "relation": "above",
      "explicit": false
    },
    {
      "subject_id": 0,
      "object_id": 4,
      "relation": "right_of",
      "explicit": false
    },
    {
      "subject_id": 1,
      "object_id": 2,
      "relation": "left_of",
      "explicit": true
    },
    {
      "subject_id": 1,
      "object_id": 3,
      "relation": "right_of",
      "explicit": true
    },
    {
      "subject_id": 1,
      "object_id": 4,
      "relation": "below",
      "explicit": false
    },
    {
      "subject_id": 2,
      "object_id": 3,
      "relation": "right_of",
      "explicit": true
    },
    {
      "subject_id": 2,
      "object_id": 4,
      "relation": "right_of",
      "explicit": true
    },
    {
      "subject_id": 3,
      "object_id": 4,
      "relation": "below",
      "explicit": true
    }
  ]
}