{
  "image_id": 437,
  "image_filename": "image_00437.png",
  "num_entities": 2,
  "entities": [
    {
      "id": 0,
      "shape": "circle",
      "size": "large",
      "color": "yellow",
      "center": [
        76,
        50
      ],
      "bbox": {
        "x_min": 36,
        "y_min": 10,
        "x_max": 116,
        "y_max": 90
      }
    },
    {
      "id": 1,
      "shape": "rectangle",
      "size": "large",
      "color": "orange",
      "center": [
        161,
        88
      ],
      "bbox": {
        "x_min": 141,
        "y_min": 58,
        "x_max": 181,
        "y_max": 118
      }
    }
  ],
  "relations": [
    {
      "subject_id": 0,
      "object_id": 1,
      "relation": "right_of",
      "explicit": false
    }
  ]
}