{
  "image_id": 242,
  "image_filename": "image_00242.png",
  "num_entities": 3,
  "entities": [
    {
      "id": 0,
      "shape": "square",
      "size": "large",
      "color": "cyan",
      "center": [
        112,
        160
      ],
      "bbox": {
        "x_min": 72,
        "y_min": 120,
        "x_max": 152,
        "y_max": 200
      }
    },
    {
      "id": 1,
      "shape": "rectangle",
      "size": "medium",
      "color": "red",
      "center": [
        56,
        68
      ],
      "bbox": {
        "x_min": 41,
        "y_min": 46,
        "x_max": 71,
        "y_max": 90
      }
    },
    {
      "id": 2,
      "shape": "triangle",
      "size": "large",
      "color": "magenta",
      "center": [
        137,
        52
      ],
      "bbox": {
        "x_min": 102,
        "y_min": 12,
        "x_max": 171,
        "y_max": 72
      }
    }
  ],
  "relations": [
    {
      "subject_id": 0,
      "object_id": 1,
      "relation": "above",
      "explicit": false
    },
    {
      "subject_id": 0,
      "object_id": 2,
      "relation": "above",
      "explicit": false
    },
    {
      "subject_id": 1,
      "object_id": 2,
      "relation": "right_of",
      "explicit": false
    }
  ]
}