{
  "image_id": 1,
  "image_filename": "image_00001.png",
  "num_entities": 4,
  "entities": [
    {
      "id": 0,
      "shape": "triangle",
      "size": "large",
      "color": "yellow",
      "center": [
        135,
        157
      ],
      "bbox": {
        "x_min": 100,
        "y_min": 117,
        "x_max": 169,
        "y_max": 177
      }
    },
    {
      "id": 1,
      "shape": "rectangle",
      "size": "small",
      "color": "purple",
      "center": [
        97,
        78
      ],
      "bbox": {
        "x_min": 87,
        "y_min": 63,
        "x_max": 107,
        "y_max": 93
      }
    },
    {
      "id": 2,
      "shape": "circle",
      "size": "small",
      "color": "cyan",
      "center": [
        150,
        85
      ],
      "bbox": {
        "x_min": 130,
        "y_min": 65,
        "x_max": 170,
        "y_max": 105
      }
    },
    {
      "id": 3,
      "shape": "triangle",
      "size": "small",
      "color": "blue",
      "center": [
        57,
        140
      ],
      "bbox": {
        "x_min": 39,
        "y_min": 120,
        "x_max": 74,
        "y_max": 150
      }
    }
  ],
  "relations": [
    {
      "subject_id": 0,
      "object_id": 1,
      "relation": "above",
      "explicit": false
    },
    {
      "subject_id": 0,
      "object_id": 2,
      "relation": "above",
      "explicit": true
    },
    {
      "subject_id": 0,
      "object_id": 3,
      "relation": "left_of",
      "explicit": false
    },
    {
      "subject_id": 1,
      "object_id": 2,
      "relation": "right_of",
      "explicit": false
    },
    {
      "subject_id": 1,
      "object_id": 3,
      "relation": "below",
      "explicit": true
    },
    {
      "subject_id": 2,
      "object_id": 3,
      "relation": "left_of",
      "explicit": false
    }
  ]
}