{
  "image_id": 570,
  "image_filename": "image_00570.png",
  "num_entities": 3,
  "entities": [
    {
      "id": 0,
      "shape": "rectangle",
      "size": "large",
      "color": "blue",
      "center": [
        69,
        64
      ],
      "bbox": {
        "x_min": 49,
        "y_min": 34,
        "x_max": 89,
        "y_max": 94
      }
    },
    {
      "id": 1,
      "shape": "circle",
      "size": "large",
      "color": "yellow",
      "center": [
        85,
        159
      ],
      "bbox": {
        "x_min": 45,
        "y_min": 119,
        "x_max": 125,
        "y_max": 199
      }
    },
    {
      "id": 2,
      "shape": "triangle",
      "size": "medium",
      "color": "red",
      "center": [
        172,
        89
      ],
      "bbox": {
        "x_min": 146,
        "y_min": 59,
        "x_max": 197,
        "y_max": 104
      }
    }
  ],
  "relations": [
    {
      "subject_id": 0,
      "object_id": 1,
      "relation": "below",
      "explicit": true
    },
    {
      "subject_id": 0,
      "object_id": 2,
      "relation": "right_of",
      "explicit": false
    },
    {
      "subject_id": 1,
      "object_id": 2,
      "relation": "right_of",
      "explicit": false
    }
  ]
}