{
  "image_id": 929,
  "image_filename": "image_00929.png",
  "num_entities": 4,
  "entities": [
    {
      "id": 0,
      "shape": "rectangle",
      "size": "small",
      "color": "orange",
      "center": [
        140,
        146
      ],
      "bbox": {
        "x_min": 130,
        "y_min": 131,
        "x_max": 150,
        "y_max": 161
      }
    },
    {
      "id": 1,
      "shape": "triangle",
      "size": "small",
      "color": "yellow",
      "center": [
        54,
        80
      ],
      "bbox": {
        "x_min": 36,
        "y_min": 60,
        "x_max": 71,
        "y_max": 90
      }
    },
    {
      "id": 2,
      "shape": "triangle",
      "size": "large",
      "color": "cyan",
      "center": [
        154,
        51
      ],
      "bbox": {
        "x_min": 119,
        "y_min": 11,
        "x_max": 188,
        "y_max": 71
      }
    },
    {
      "id": 3,
      "shape": "circle",
      "size": "small",
      "color": "cyan",
      "center": [
        91,
        159
      ],
      "bbox": {
        "x_min": 71,
        "y_min": 139,
        "x_max": 111,
        "y_max": 179
      }
    }
  ],
  "relations": [
    {
      "subject_id": 0,
      "object_id": 1,
      "relation": "left_of",
      "explicit": true
    },
    {
      "subject_id": 0,
      "object_id": 2,
      "relation": "above",
      "explicit": true
    },
    {
      "subject_id": 0,
      "object_id": 3,
      "relation": "left_of",
      "explicit": false
    },
    {
      "subject_id": 1,
      "object_id": 2,
      "relation": "right_of",
      "explicit": true
    },
    {
      "subject_id": 1,
      "object_id": 3,
      "relation": "below",
      "explicit": false
    },
    {
      "subject_id": 2,
      "object_id": 3,
      "relation": "below",
      "explicit": false
    }
  ]
}