{
  "image_id": 706,
  "image_filename": "image_00706.png",
  "num_entities": 2,
  "entities": [
    {
      "id": 0,
      "shape": "circle",
      "size": "small",
      "color": "magenta",
      "center": [
        81,
        91
      ],
      "bbox": {
        "x_min": 61,
        "y_min": 71,
        "x_max": 101,
        "y_max": 111
      }
    },
    {
      "id": 1,
      "shape": "circle",
      "size": "large",
      "color": "cyan",
      "center": [
        153,
        102
      ],
      "bbox": {
        "x_min": 113,
        "y_min": 62,
        "x_max": 193,
        "y_max": 142
      }
    }
  ],
  "relations": [
    {
      "subject_id": 0,
      "object_id": 1,
      "relation": "right_of",
      "explicit": false
    }
  ]
}