{
  "image_id": 625,
  "image_filename": "image_00625.png",
  "num_entities": 2,
  "entities": [
    {
      "id": 0,
      "shape": "square",
      "size": "small",
      "color": "green",
      "center": [
        117,
        145
      ],
      "bbox": {
        "x_min": 97,
        "y_min": 125,
        "x_max": 137,
        "y_max": 165
      }
    },
    {
      "id": 1,
      "shape": "circle",
      "size": "medium",
      "color": "cyan",
      "center": [
        130,
        66
      ],
      "bbox": {
        "x_min": 100,
        "y_min": 36,
        "x_max": 160,
        "y_max": 96
      }
    }
  ],
  "relations": [
    {
      "subject_id": 0,
      "object_id": 1,
      "relation": "above",
      "explicit": false
    }
  ]
}