{
  "image_id": 124,
  "image_filename": "image_00124.png",
  "num_entities": 2,
  "entities": [
    {
      "id": 0,
      "shape": "triangle",
      "size": "small",
      "color": "blue",
      "center": [
        154,
        136
      ],
      "bbox": {
        "x_min": 136,
        "y_min": 116,
        "x_max": 171,
        "y_max": 146
      }
    },
    {
      "id": 1,
      "shape": "square",
      "size": "medium",
      "color": "yellow",
      "center": [
        59,
        104
      ],
      "bbox": {
        "x_min": 29,
        "y_min": 74,
        "x_max": 89,
        "y_max": 134
      }
    }
  ],
  "relations": [
    {
      "subject_id": 0,
      "object_id": 1,
      "relation": "left_of",
      "explicit": false
    }
  ]
}