{
  "image_id": 894,
  "image_filename": "image_00894.png",
  "num_entities": 3,
  "entities": [
    {
      "id": 0,
      "shape": "square",
      "size": "medium",
      "color": "purple",
      "center": [
        156,
        157
      ],
      "bbox": {
        "x_min": 126,
        "y_min": 127,
        "x_max": 186,
        "y_max": 187
      }
    },
    {
      "id": 1,
      "shape": "circle",
      "size": "small",
      "color": "blue",
      "center": [
        71,
        137
      ],
      "bbox": {
        "x_min": 51,
        "y_min": 117,
        "x_max": 91,
        "y_max": 157
      }
    },
    {
      "id": 2,
      "shape": "square",
      "size": "large",
      "color": "orange",
      "center": [
        143,
        62
      ],
      "bbox": {
        "x_min": 103,
        "y_min": 22,
        "x_max": 183,
        "y_max": 102
      }
    }
  ],
  "relations": [
    {
      "subject_id": 0,
      "object_id": 1,
      "relation": "left_of",
      "explicit": false
    },
    {
      "subject_id": 0,
      "object_id": 2,
      "relation": "above",
      "explicit": false
    },
    {
      "subject_id": 1,
      "object_id": 2,
      "relation": "above",
      "explicit": true
    }
  ]
}