{
  "image_id": 642,
  "image_filename": "image_00642.png",
  "num_entities": 4,
  "entities": [
    {
      "id": 0,
      "shape": "triangle",
      "size": "medium",
      "color": "blue",
      "center": [
        90,
        115
      ],
      "bbox": {
        "x_min": 64,
        "y_min": 85,
        "x_max": 115,
        "y_max": 130
      }
    },
    {
      "id": 1,
      "shape": "circle",
      "size": "large",
      "color": "green",
      "center": [
        162,
        64
      ],
      "bbox": {
        "x_min": 122,
        "y_min": 24,
        "x_max": 202,
        "y_max": 104
      }
    },
    {
      "id": 2,
      "shape": "rectangle",
      "size": "medium",
      "color": "green",
      "center": [
        172,
        168
      ],
      "bbox": {
        "x_min": 157,
        "y_min": 146,
        "x_max": 187,
        "y_max": 190
      }
    },
    {
      "id": 3,
      "shape": "triangle",
      "size": "medium",
      "color": "yellow",
      "center": [
        52,
        174
      ],
      "bbox": {
        "x_min": 26,
        "y_min": 144,
        "x_max": 77,
        "y_max": 189
      }
    }
  ],
  "relations": [
    {
      "subject_id": 0,
      "object_id": 1,
      "relation": "right_of",
      "explicit": false
    },
    {
      "subject_id": 0,
      "object_id": 2,
      "relation": "right_of",
      "explicit": true
    },
    {
      "subject_id": 0,
      "object_id": 3,
      "relation": "below",
      "explicit": true
    },
    {
      "subject_id": 1,
      "object_id": 2,
      "relation": "below",
      "explicit": false
    },
    {
      "subject_id": 1,
      "object_id": 3,
      "relation": "below",
      "explicit": true
    },
    {
      "subject_id": 2,
      "object_id": 3,
      "relation": "left_of",
      "explicit": false
    }
  ]
}