{
  "image_id": 915,
  "image_filename": "image_00915.png",
  "num_entities": 2,
  "entities": [
    {
      "id": 0,
      "shape": "circle",
      "size": "small",
      "color": "blue",
      "center": [
        131,
        88
      ],
      "bbox": {
        "x_min": 111,
        "y_min": 68,
        "x_max": 151,
        "y_max": 108
      }
    },
    {
      "id": 1,
      "shape": "square",
      "size": "large",
      "color": "cyan",
      "center": [
        87,
        162
      ],
      "bbox": {
        "x_min": 47,
        "y_min": 122,
        "x_max": 127,
        "y_max": 202
      }
    }
  ],
  "relations": [
    {
      "subject_id": 0,
      "object_id": 1,
      "relation": "below",
      "explicit": false
    }
  ]
}