{
  "image_id": 916,
  "image_filename": "image_00916.png",
  "num_entities": 4,
  "entities": [
    {
      "id": 0,
      "shape": "rectangle",
      "size": "large",
      "color": "cyan",
      "center": [
        98,
        147
      ],
      "bbox": {
        "x_min": 78,
        "y_min": 117,
        "x_max": 118,
        "y_max": 177
      }
    },
    {
      "id": 1,
      "shape": "triangle",
      "size": "small",
      "color": "magenta",
      "center": [
        131,
        72
      ],
      "bbox": {
        "x_min": 113,
        "y_min": 52,
        "x_max": 148,
        "y_max": 82
      }
    },
    {
      "id": 2,
      "shape": "triangle",
      "size": "medium",
      "color": "magenta",
      "center": [
        63,
        74
      ],
      "bbox": {
        "x_min": 37,
        "y_min": 44,
        "x_max": 88,
        "y_max": 89
      }
    },
    {
      "id": 3,
      "shape": "square",
      "size": "small",
      "color": "cyan",
      "center": [
        170,
        129
      ],
      "bbox": {
        "x_min": 150,
        "y_min": 109,
        "x_max": 190,
        "y_max": 149
      }
    }
  ],
  "relations": [
    {
      "subject_id": 0,
      "object_id": 1,
      "relation": "above",
      "explicit": false
    },
    {
      "subject_id": 0,
      "object_id": 2,
      "relation": "above",
      "explicit": false
    },
    {
      "subject_id": 0,
      "object_id": 3,
      "relation": "right_of",
      "explicit": true
    },
    {
      "subject_id": 1,
      "object_id": 2,
      "relation": "left_of",
      "explicit": false
    },
    {
      "subject_id": 1,
      "object_id": 3,
      "relation": "below",
      "explicit": true
    },
    {
      "subject_id": 2,
      "object_id": 3,
      "relation": "right_of",
      "explicit": false
    }
  ]
}