{
  "image_id": 473,
  "image_filename": "image_00473.png",
  "num_entities": 2,
  "entities": [
    {
      "id": 0,
      "shape": "rectangle",
      "size": "large",
      "color": "red",
      "center": [
        88,
        99
      ],
      "bbox": {
        "x_min": 68,
        "y_min": 69,
        "x_max": 108,
        "y_max": 129
      }
    },
    {
      "id": 1,
      "shape": "square",
      "size": "small",
      "color": "blue",
      "center": [
        159,
        72
      ],
      "bbox": {
        "x_min": 139,
        "y_min": 52,
        "x_max": 179,
        "y_max": 92
      }
    }
  ],
  "relations": [
    {
      "subject_id": 0,
      "object_id": 1,
      "relation": "right_of",
      "explicit": false
    }
  ]
}