{
  "image_id": 305,
  "image_filename": "image_00305.png",
  "num_entities": 4,
  "entities": [
    {
      "id": 0,
      "shape": "triangle",
      "size": "medium",
      "color": "orange",
      "center": [
        173,
        133
      ],
      "bbox": {
        "x_min": 147,
        "y_min": 103,
        "x_max": 198,
        "y_max": 148
      }
    },
    {
      "id": 1,
      "shape": "triangle",
      "size": "small",
      "color": "cyan",
      "center": [
        84,
        84
      ],
      "bbox": {
        "x_min": 66,
        "y_min": 64,
        "x_max": 101,
        "y_max": 94
      }
    },
    {
      "id": 2,
      "shape": "triangle",
      "size": "medium",
      "color": "yellow",
      "center": [
        81,
        153
      ],
      "bbox": {
        "x_min": 55,
        "y_min": 123,
        "x_max": 106,
        "y_max": 168
      }
    },
    {
      "id": 3,
      "shape": "square",
      "size": "small",
      "color": "cyan",
      "center": [
        142,
        80
      ],
      "bbox": {
        "x_min": 122,
        "y_min": 60,
        "x_max": 162,
        "y_max": 100
      }
    }
  ],
  "relations": [
    {
      "subject_id": 0,
      "object_id": 1,
      "relation": "left_of",
      "explicit": true
    },
    {
      "subject_id": 0,
      "object_id": 2,
      "relation": "left_of",
      "explicit": true
    },
    {
      "subject_id": 0,
      "object_id": 3,
      "relation": "above",
      "explicit": false
    },
    {
      "subject_id": 1,
      "object_id": 2,
      "relation": "below",
      "explicit": true
    },
    {
      "subject_id": 1,
      "object_id": 3,
      "relation": "right_of",
      "explicit": true
    },
    {
      "subject_id": 2,
      "object_id": 3,
      "relation": "above",
      "explicit": false
    }
  ]
}