{
  "image_id": 81,
  "image_filename": "image_00081.png",
  "num_entities": 3,
  "entities": [
    {
      "id": 0,
      "shape": "circle",
      "size": "medium",
      "color": "red",
      "center": [
        150,
        50
      ],
      "bbox": {
        "x_min": 120,
        "y_min": 20,
        "x_max": 180,
        "y_max": 80
      }
    },
    {
      "id": 1,
      "shape": "triangle",
      "size": "small",
      "color": "red",
      "center": [
        59,
        80
      ],
      "bbox": {
        "x_min": 41,
        "y_min": 60,
        "x_max": 76,
        "y_max": 90
      }
    },
    {
      "id": 2,
      "shape": "triangle",
      "size": "large",
      "color": "red",
      "center": [
        167,
        147
      ],
      "bbox": {
        "x_min": 132,
        "y_min": 107,
        "x_max": 201,
        "y_max": 167
      }
    }
  ],
  "relations": [
    {
      "subject_id": 0,
      "object_id": 1,
      "relation": "left_of",
      "explicit": false
    },
    {
      "subject_id": 0,
      "object_id": 2,
      "relation": "below",
      "explicit": false
    },
    {
      "subject_id": 1,
      "object_id": 2,
      "relation": "right_of",
      "explicit": true
    }
  ]
}