{
  "image_id": 294,
  "image_filename": "image_00294.png",
  "num_entities": 2,
  "entities": [
    {
      "id": 0,
      "shape": "rectangle",
      "size": "medium",
      "color": "magenta",
      "center": [
        93,
        123
      ],
      "bbox": {
        "x_min": 78,
        "y_min": 101,
        "x_max": 108,
        "y_max": 145
      }
    },
    {
      "id": 1,
      "shape": "rectangle",
      "size": "medium",
      "color": "blue",
      "center": [
        165,
        101
      ],
      "bbox": {
        "x_min": 150,
        "y_min": 79,
        "x_max": 180,
        "y_max": 123
      }
    }
  ],
  "relations": [
    {
      "subject_id": 0,
      "object_id": 1,
      "relation": "right_of",
      "explicit": false
    }
  ]
}