{
  "image_id": 187,
  "image_filename": "image_00187.png",
  "num_entities": 3,
  "entities": [
    {
      "id": 0,
      "shape": "triangle",
      "size": "medium",
      "color": "orange",
      "center": [
        55,
        157
      ],
      "bbox": {
        "x_min": 29,
        "y_min": 127,
        "x_max": 80,
        "y_max": 172
      }
    },
    {
      "id": 1,
      "shape": "triangle",
      "size": "medium",
      "color": "magenta",
      "center": [
        119,
        68
      ],
      "bbox": {
        "x_min": 93,
        "y_min": 38,
        "x_max": 144,
        "y_max": 83
      }
    },
    {
      "id": 2,
      "shape": "circle",
      "size": "large",
      "color": "magenta",
      "center": [
        140,
        151
      ],
      "bbox": {
        "x_min": 100,
        "y_min": 111,
        "x_max": 180,
        "y_max": 191
      }
    }
  ],
  "relations": [
    {
      "subject_id": 0,
      "object_id": 1,
      "relation": "above",
      "explicit": false
    },
    {
      "subject_id": 0,
      "object_id": 2,
      "relation": "right_of",
      "explicit": true
    },
    {
      "subject_id": 1,
      "object_id": 2,
      "relation": "below",
      "explicit": true
    }
  ]
}