{
  "image_id": 5,
  "image_filename": "image_00005.png",
  "num_entities": 4,
  "entities": [
    {
      "id": 0,
      "shape": "rectangle",
      "size": "large",
      "color": "cyan",
      "center": [
        124,
        85
      ],
      "bbox": {
        "x_min": 104,
        "y_min": 55,
        "x_max": 144,
        "y_max": 115
      }
    },
    {
      "id": 1,
      "shape": "rectangle",
      "size": "medium",
      "color": "red",
      "center": [
        60,
        156
      ],
      "bbox": {
        "x_min": 45,
        "y_min": 134,
        "x_max": 75,
        "y_max": 178
      }
    },
    {
      "id": 2,
      "shape": "circle",
      "size": "small",
      "color": "yellow",
      "center": [
        163,
        161
      ],
      "bbox": {
        "x_min": 143,
        "y_min": 141,
        "x_max": 183,
        "y_max": 181
      }
    },
    {
      "id": 3,
      "shape": "square",
      "size": "small",
      "color": "blue",
      "center": [
        54,
        52
      ],
      "bbox": {
        "x_min": 34,
        "y_min": 32,
        "x_max": 74,
        "y_max": 72
      }
    }
  ],
  "relations": [
    {
      "subject_id": 0,
      "object_id": 1,
      "relation": "below",
      "explicit": true
    },
    {
      "subject_id": 0,
      "object_id": 2,
      "relation": "below",
      "explicit": true
    },
    {
      "subject_id": 0,
      "object_id": 3,
      "relation": "left_of",
      "explicit": true
    },
    {
      "subject_id": 1,
      "object_id": 2,
      "relation": "right_of",
      "explicit": true
    },
    {
      "subject_id": 1,
      "object_id": 3,
      "relation": "above",
      "explicit": false
    },
    {
      "subject_id": 2,
      "object_id": 3,
      "relation": "above",
      "explicit": true
    }
  ]
}