{
  "image_id": 284,
  "image_filename": "image_00284.png",
  "num_entities": 2,
  "entities": [
    {
      "id": 0,
      "shape": "triangle",
      "size": "medium",
      "color": "red",
      "center": [
        106,
        52
      ],
      "bbox": {
        "x_min": 80,
        "y_min": 22,
        "x_max": 131,
        "y_max": 67
      }
    },
    {
      "id": 1,
      "shape": "triangle",
      "size": "small",
      "color": "green",
      "center": [
        132,
        138
      ],
      "bbox": {
        "x_min": 114,
        "y_min": 118,
        "x_max": 149,
        "y_max": 148
      }
    }
  ],
  "relations": [
    {
      "subject_id": 0,
      "object_id": 1,
      "relation": "below",
      "explicit": true
    }
  ]
}