{
  "image_id": 606,
  "image_filename": "image_00606.png",
  "num_entities": 4,
  "entities": [
    {
      "id": 0,
      "shape": "rectangle",
      "size": "medium",
      "color": "orange",
      "center": [
        96,
        150
      ],
      "bbox": {
        "x_min": 81,
        "y_min": 128,
        "x_max": 111,
        "y_max": 172
      }
    },
    {
      "id": 1,
      "shape": "square",
      "size": "small",
      "color": "green",
      "center": [
        50,
        90
      ],
      "bbox": {
        "x_min": 30,
        "y_min": 70,
        "x_max": 70,
        "y_max": 110
      }
    },
    {
      "id": 2,
      "shape": "square",
      "size": "medium",
      "color": "cyan",
      "center": [
        173,
        74
      ],
      "bbox": {
        "x_min": 143,
        "y_min": 44,
        "x_max": 203,
        "y_max": 104
      }
    },
    {
      "id": 3,
      "shape": "square",
      "size": "small",
      "color": "yellow",
      "center": [
        113,
        76
      ],
      "bbox": {
        "x_min": 93,
        "y_min": 56,
        "x_max": 133,
        "y_max": 96
      }
    }
  ],
  "relations": [
    {
      "subject_id": 0,
      "object_id": 1,
      "relation": "above",
      "explicit": true
    },
    {
      "subject_id": 0,
      "object_id": 2,
      "relation": "right_of",
      "explicit": false
    },
    {
      "subject_id": 0,
      "object_id": 3,
      "relation": "above",
      "explicit": false
    },
    {
      "subject_id": 1,
      "object_id": 2,
      "relation": "right_of",
      "explicit": true
    },
    {
      "subject_id": 1,
      "object_id": 3,
      "relation": "right_of",
      "explicit": false
    },
    {
      "subject_id": 2,
      "object_id": 3,
      "relation": "left_of",
      "explicit": true
    }
  ]
}