{
  "image_id": 280,
  "image_filename": "image_00280.png",
  "num_entities": 2,
  "entities": [
    {
      "id": 0,
      "shape": "square",
      "size": "large",
      "color": "red",
      "center": [
        60,
        86
      ],
      "bbox": {
        "x_min": 20,
        "y_min": 46,
        "x_max": 100,
        "y_max": 126
      }
    },
    {
      "id": 1,
      "shape": "circle",
      "size": "medium",
      "color": "yellow",
      "center": [
        144,
        129
      ],
      "bbox": {
        "x_min": 114,
        "y_min": 99,
        "x_max": 174,
        "y_max": 159
      }
    }
  ],
  "relations": [
    {
      "subject_id": 0,
      "object_id": 1,
      "relation": "right_of",
      "explicit": false
    }
  ]
}