{
  "image_id": 31,
  "image_filename": "image_00031.png",
  "num_entities": 3,
  "entities": [
    {
      "id": 0,
      "shape": "circle",
      "size": "medium",
      "color": "magenta",
      "center": [
        134,
        164
      ],
      "bbox": {
        "x_min": 104,
        "y_min": 134,
        "x_max": 164,
        "y_max": 194
      }
    },
    {
      "id": 1,
      "shape": "circle",
      "size": "large",
      "color": "purple",
      "center": [
        55,
        148
      ],
      "bbox": {
        "x_min": 15,
        "y_min": 108,
        "x_max": 95,
        "y_max": 188
      }
    },
    {
      "id": 2,
      "shape": "triangle",
      "size": "large",
      "color": "green",
      "center": [
        127,
        66
      ],
      "bbox": {
        "x_min": 92,
        "y_min": 26,
        "x_max": 161,
        "y_max": 86
      }
    }
  ],
  "relations": [
    {
      "subject_id": 0,
      "object_id": 1,
      "relation": "left_of",
      "explicit": false
    },
    {
      "subject_id": 0,
      "object_id": 2,
      "relation": "above",
      "explicit": false
    },
    {
      "subject_id": 1,
      "object_id": 2,
      "relation": "above",
      "explicit": false
    }
  ]
}