{
  "image_id": 686,
  "image_filename": "image_00686.png",
  "num_entities": 4,
  "entities": [
    {
      "id": 0,
      "shape": "square",
      "size": "medium",
      "color": "orange",
      "center": [
        130,
        116
      ],
      "bbox": {
        "x_min": 100,
        "y_min": 86,
        "x_max": 160,
        "y_max": 146
      }
    },
    {
      "id": 1,
      "shape": "triangle",
      "size": "large",
      "color": "yellow",
      "center": [
        50,
        148
      ],
      "bbox": {
        "x_min": 15,
        "y_min": 108,
        "x_max": 84,
        "y_max": 168
      }
    },
    {
      "id": 2,
      "shape": "rectangle",
      "size": "small",
      "color": "magenta",
      "center": [
        160,
        64
      ],
      "bbox": {
        "x_min": 150,
        "y_min": 49,
        "x_max": 170,
        "y_max": 79
      }
    },
    {
      "id": 3,
      "shape": "square",
      "size": "small",
      "color": "green",
      "center": [
        94,
        52
      ],
      "bbox": {
        "x_min": 74,
        "y_min": 32,
        "x_max": 114,
        "y_max": 72
      }
    }
  ],
  "relations": [
    {
      "subject_id": 0,
      "object_id": 1,
      "relation": "left_of",
      "explicit": false
    },
    {
      "subject_id": 0,
      "object_id": 2,
      "relation": "above",
      "explicit": true
    },
    {
      "subject_id": 0,
      "object_id": 3,
      "relation": "above",
      "explicit": true
    },
    {
      "subject_id": 1,
      "object_id": 2,
      "relation": "right_of",
      "explicit": true
    },
    {
      "subject_id": 1,
      "object_id": 3,
      "relation": "above",
      "explicit": true
    },
    {
      "subject_id": 2,
      "object_id": 3,
      "relation": "left_of",
      "explicit": false
    }
  ]
}