{
  "image_id": 375,
  "image_filename": "image_00375.png",
  "num_entities": 4,
  "entities": [
    {
      "id": 0,
      "shape": "square",
      "size": "medium",
      "color": "blue",
      "center": [
        153,
        172
      ],
      "bbox": {
        "x_min": 123,
        "y_min": 142,
        "x_max": 183,
        "y_max": 202
      }
    },
    {
      "id": 1,
      "shape": "rectangle",
      "size": "large",
      "color": "yellow",
      "center": [
        154,
        50
      ],
      "bbox": {
        "x_min": 134,
        "y_min": 20,
        "x_max": 174,
        "y_max": 80
      }
    },
    {
      "id": 2,
      "shape": "square",
      "size": "small",
      "color": "magenta",
      "center": [
        74,
        85
      ],
      "bbox": {
        "x_min": 54,
        "y_min": 65,
        "x_max": 94,
        "y_max": 105
      }
    },
    {
      "id": 3,
      "shape": "rectangle",
      "size": "medium",
      "color": "yellow",
      "center": [
        77,
        158
      ],
      "bbox": {
        "x_min": 62,
        "y_min": 136,
        "x_max": 92,
        "y_max": 180
      }
    }
  ],
  "relations": [
    {
      "subject_id": 0,
      "object_id": 1,
      "relation": "above",
      "explicit": true
    },
    {
      "subject_id": 0,
      "object_id": 2,
      "relation": "above",
      "explicit": true
    },
    {
      "subject_id": 0,
      "object_id": 3,
      "relation": "left_of",
      "explicit": false
    },
    {
      "subject_id": 1,
      "object_id": 2,
      "relation": "left_of",
      "explicit": false
    },
    {
      "subject_id": 1,
      "object_id": 3,
      "relation": "below",
      "explicit": false
    },
    {
      "subject_id": 2,
      "object_id": 3,
      "relation": "below",
      "explicit": false
    }
  ]
}