{
  "image_id": 222,
  "image_filename": "image_00222.png",
  "num_entities": 3,
  "entities": [
    {
      "id": 0,
      "shape": "rectangle",
      "size": "small",
      "color": "purple",
      "center": [
        54,
        59
      ],
      "bbox": {
        "x_min": 44,
        "y_min": 44,
        "x_max": 64,
        "y_max": 74
      }
    },
    {
      "id": 1,
      "shape": "rectangle",
      "size": "large",
      "color": "orange",
      "center": [
        158,
        140
      ],
      "bbox": {
        "x_min": 138,
        "y_min": 110,
        "x_max": 178,
        "y_max": 170
      }
    },
    {
      "id": 2,
      "shape": "square",
      "size": "small",
      "color": "cyan",
      "center": [
        64,
        148
      ],
      "bbox": {
        "x_min": 44,
        "y_min": 128,
        "x_max": 84,
        "y_max": 168
      }
    }
  ],
  "relations": [
    {
      "subject_id": 0,
      "object_id": 1,
      "relation": "right_of",
      "explicit": false
    },
    {
      "subject_id": 0,
      "object_id": 2,
      "relation": "below",
      "explicit": false
    },
    {
      "subject_id": 1,
      "object_id": 2,
      "relation": "left_of",
      "explicit": false
    }
  ]
}