{
  "image_id": 134,
  "image_filename": "image_00134.png",
  "num_entities": 4,
  "entities": [
    {
      "id": 0,
      "shape": "triangle",
      "size": "medium",
      "color": "green",
      "center": [
        79,
        89
      ],
      "bbox": {
        "x_min": 53,
        "y_min": 59,
        "x_max": 104,
        "y_max": 104
      }
    },
    {
      "id": 1,
      "shape": "square",
      "size": "small",
      "color": "orange",
      "center": [
        93,
        168
      ],
      "bbox": {
        "x_min": 73,
        "y_min": 148,
        "x_max": 113,
        "y_max": 188
      }
    },
    {
      "id": 2,
      "shape": "triangle",
      "size": "small",
      "color": "purple",
      "center": [
        140,
        134
      ],
      "bbox": {
        "x_min": 122,
        "y_min": 114,
        "x_max": 157,
        "y_max": 144
      }
    },
    {
      "id": 3,
      "shape": "triangle",
      "size": "medium",
      "color": "red",
      "center": [
        163,
        77
      ],
      "bbox": {
        "x_min": 137,
        "y_min": 47,
        "x_max": 188,
        "y_max": 92
      }
    }
  ],
  "relations": [
    {
      "subject_id": 0,
      "object_id": 1,
      "relation": "below",
      "explicit": false
    },
    {
      "subject_id": 0,
      "object_id": 2,
      "relation": "right_of",
      "explicit": false
    },
    {
      "subject_id": 0,
      "object_id": 3,
      "relation": "right_of",
      "explicit": false
    },
    {
      "subject_id": 1,
      "object_id": 2,
      "relation": "right_of",
      "explicit": false
    },
    {
      "subject_id": 1,
      "object_id": 3,
      "relation": "above",
      "explicit": false
    },
    {
      "subject_id": 2,
      "object_id": 3,
      "relation": "above",
      "explicit": false
    }
  ]
}