{
  "image_id": 2,
  "image_filename": "image_00002.png",
  "num_entities": 2,
  "entities": [
    {
      "id": 0,
      "shape": "triangle",
      "size": "small",
      "color": "green",
      "center": [
        168,
        120
      ],
      "bbox": {
        "x_min": 150,
        "y_min": 100,
        "x_max": 185,
        "y_max": 130
      }
    },
    {
      "id": 1,
      "shape": "circle",
      "size": "medium",
      "color": "red",
      "center": [
        63,
        172
      ],
      "bbox": {
        "x_min": 33,
        "y_min": 142,
        "x_max": 93,
        "y_max": 202
      }
    }
  ],
  "relations": [
    {
      "subject_id": 0,
      "object_id": 1,
      "relation": "left_of",
      "explicit": true
    }
  ]
}