{
  "image_id": 436,
  "image_filename": "image_00436.png",
  "num_entities": 4,
  "entities": [
    {
      "id": 0,
      "shape": "triangle",
      "size": "large",
      "color": "purple",
      "center": [
        119,
        160
      ],
      "bbox": {
        "x_min": 84,
        "y_min": 120,
        "x_max": 153,
        "y_max": 180
      }
    },
    {
      "id": 1,
      "shape": "circle",
      "size": "small",
      "color": "red",
      "center": [
        55,
        130
      ],
      "bbox": {
        "x_min": 35,
        "y_min": 110,
        "x_max": 75,
        "y_max": 150
      }
    },
    {
      "id": 2,
      "shape": "square",
      "size": "small",
      "color": "red",
      "center": [
        153,
        61
      ],
      "bbox": {
        "x_min": 133,
        "y_min": 41,
        "x_max": 173,
        "y_max": 81
      }
    },
    {
      "id": 3,
      "shape": "square",
      "size": "medium",
      "color": "yellow",
      "center": [
        83,
        73
      ],
      "bbox": {
        "x_min": 53,
        "y_min": 43,
        "x_max": 113,
        "y_max": 103
      }
    }
  ],
  "relations": [
    {
      "subject_id": 0,
      "object_id": 1,
      "relation": "left_of",
      "explicit": true
    },
    {
      "subject_id": 0,
      "object_id": 2,
      "relation": "above",
      "explicit": false
    },
    {
      "subject_id": 0,
      "object_id": 3,
      "relation": "above",
      "explicit": false
    },
    {
      "subject_id": 1,
      "object_id": 2,
      "relation": "right_of",
      "explicit": false
    },
    {
      "subject_id": 1,
      "object_id": 3,
      "relation": "above",
      "explicit": true
    },
    {
      "subject_id": 2,
      "object_id": 3,
      "relation": "left_of",
      "explicit": true
    }
  ]
}