{
  "image_id": 357,
  "image_filename": "image_00357.png",
  "num_entities": 2,
  "entities": [
    {
      "id": 0,
      "shape": "triangle",
      "size": "medium",
      "color": "orange",
      "center": [
        121,
        118
      ],
      "bbox": {
        "x_min": 95,
        "y_min": 88,
        "x_max": 146,
        "y_max": 133
      }
    },
    {
      "id": 1,
      "shape": "triangle",
      "size": "medium",
      "color": "red",
      "center": [
        168,
        172
      ],
      "bbox": {
        "x_min": 142,
        "y_min": 142,
        "x_max": 193,
        "y_max": 187
      }
    }
  ],
  "relations": [
    {
      "subject_id": 0,
      "object_id": 1,
      "relation": "below",
      "explicit": false
    }
  ]
}