{
  "image_id": 470,
  "image_filename": "image_00470.png",
  "num_entities": 4,
  "entities": [
    {
      "id": 0,
      "shape": "circle",
      "size": "small",
      "color": "purple",
      "center": [
        170,
        168
      ],
      "bbox": {
        "x_min": 150,
        "y_min": 148,
        "x_max": 190,
        "y_max": 188
      }
    },
    {
      "id": 1,
      "shape": "triangle",
      "size": "large",
      "color": "blue",
      "center": [
        97,
        79
      ],
      "bbox": {
        "x_min": 62,
        "y_min": 39,
        "x_max": 131,
        "y_max": 99
      }
    },
    {
      "id": 2,
      "shape": "rectangle",
      "size": "medium",
      "color": "purple",
      "center": [
        90,
        168
      ],
      "bbox": {
        "x_min": 75,
        "y_min": 146,
        "x_max": 105,
        "y_max": 190
      }
    },
    {
      "id": 3,
      "shape": "rectangle",
      "size": "small",
      "color": "yellow",
      "center": [
        168,
        71
      ],
      "bbox": {
        "x_min": 158,
        "y_min": 56,
        "x_max": 178,
        "y_max": 86
      }
    }
  ],
  "relations": [
    {
      "subject_id": 0,
      "object_id": 1,
      "relation": "above",
      "explicit": true
    },
    {
      "subject_id": 0,
      "object_id": 2,
      "relation": "left_of",
      "explicit": true
    },
    {
      "subject_id": 0,
      "object_id": 3,
      "relation": "above",
      "explicit": true
    },
    {
      "subject_id": 1,
      "object_id": 2,
      "relation": "below",
      "explicit": false
    },
    {
      "subject_id": 1,
      "object_id": 3,
      "relation": "right_of",
      "explicit": true
    },
    {
      "subject_id": 2,
      "object_id": 3,
      "relation": "above",
      "explicit": true
    }
  ]
}