{
  "image_id": 163,
  "image_filename": "image_00163.png",
  "num_entities": 2,
  "entities": [
    {
      "id": 0,
      "shape": "square",
      "size": "large",
      "color": "blue",
      "center": [
        66,
        118
      ],
      "bbox": {
        "x_min": 26,
        "y_min": 78,
        "x_max": 106,
        "y_max": 158
      }
    },
    {
      "id": 1,
      "shape": "square",
      "size": "large",
      "color": "yellow",
      "center": [
        165,
        68
      ],
      "bbox": {
        "x_min": 125,
        "y_min": 28,
        "x_max": 205,
        "y_max": 108
      }
    }
  ],
  "relations": [
    {
      "subject_id": 0,
      "object_id": 1,
      "relation": "right_of",
      "explicit": false
    }
  ]
}