{
  "image_id": 946,
  "image_filename": "image_00946.png",
  "num_entities": 3,
  "entities": [
    {
      "id": 0,
      "shape": "circle",
      "size": "large",
      "color": "orange",
      "center": [
        72,
        120
      ],
      "bbox": {
        "x_min": 32,
        "y_min": 80,
        "x_max": 112,
        "y_max": 160
      }
    },
    {
      "id": 1,
      "shape": "circle",
      "size": "small",
      "color": "purple",
      "center": [
        157,
        142
      ],
      "bbox": {
        "x_min": 137,
        "y_min": 122,
        "x_max": 177,
        "y_max": 162
      }
    },
    {
      "id": 2,
      "shape": "triangle",
      "size": "small",
      "color": "green",
      "center": [
        170,
        88
      ],
      "bbox": {
        "x_min": 152,
        "y_min": 68,
        "x_max": 187,
        "y_max": 98
      }
    }
  ],
  "relations": [
    {
      "subject_id": 0,
      "object_id": 1,
      "relation": "right_of",
      "explicit": false
    },
    {
      "subject_id": 0,
      "object_id": 2,
      "relation": "right_of",
      "explicit": true
    },
    {
      "subject_id": 1,
      "object_id": 2,
      "relation": "above",
      "explicit": false
    }
  ]
}