{
  "image_id": 201,
  "image_filename": "image_00201.png",
  "num_entities": 3,
  "entities": [
    {
      "id": 0,
      "shape": "rectangle",
      "size": "small",
      "color": "blue",
      "center": [
        156,
        58
      ],
      "bbox": {
        "x_min": 146,
        "y_min": 43,
        "x_max": 166,
        "y_max": 73
      }
    },
    {
      "id": 1,
      "shape": "rectangle",
      "size": "small",
      "color": "cyan",
      "center": [
        160,
        134
      ],
      "bbox": {
        "x_min": 150,
        "y_min": 119,
        "x_max": 170,
        "y_max": 149
      }
    },
    {
      "id": 2,
      "shape": "triangle",
      "size": "medium",
      "color": "cyan",
      "center": [
        79,
        86
      ],
      "bbox": {
        "x_min": 53,
        "y_min": 56,
        "x_max": 104,
        "y_max": 101
      }
    }
  ],
  "relations": [
    {
      "subject_id": 0,
      "object_id": 1,
      "relation": "below",
      "explicit": true
    },
    {
      "subject_id": 0,
      "object_id": 2,
      "relation": "left_of",
      "explicit": true
    },
    {
      "subject_id": 1,
      "object_id": 2,
      "relation": "left_of",
      "explicit": true
    }
  ]
}