{
  "image_id": 394,
  "image_filename": "image_00394.png",
  "num_entities": 4,
  "entities": [
    {
      "id": 0,
      "shape": "circle",
      "size": "medium",
      "color": "magenta",
      "center": [
        156,
        144
      ],
      "bbox": {
        "x_min": 126,
        "y_min": 114,
        "x_max": 186,
        "y_max": 174
      }
    },
    {
      "id": 1,
      "shape": "square",
      "size": "small",
      "color": "yellow",
      "center": [
        117,
        97
      ],
      "bbox": {
        "x_min": 97,
        "y_min": 77,
        "x_max": 137,
        "y_max": 117
      }
    },
    {
      "id": 2,
      "shape": "circle",
      "size": "large",
      "color": "orange",
      "center": [
        52,
        51
      ],
      "bbox": {
        "x_min": 12,
        "y_min": 11,
        "x_max": 92,
        "y_max": 91
      }
    },
    {
      "id": 3,
      "shape": "triangle",
      "size": "small",
      "color": "green",
      "center": [
        82,
        166
      ],
      "bbox": {
        "x_min": 64,
        "y_min": 146,
        "x_max": 99,
        "y_max": 176
      }
    }
  ],
  "relations": [
    {
      "subject_id": 0,
      "object_id": 1,
      "relation": "above",
      "explicit": true
    },
    {
      "subject_id": 0,
      "object_id": 2,
      "relation": "left_of",
      "explicit": true
    },
    {
      "subject_id": 0,
      "object_id": 3,
      "relation": "left_of",
      "explicit": false
    },
    {
      "subject_id": 1,
      "object_id": 2,
      "relation": "left_of",
      "explicit": false
    },
    {
      "subject_id": 1,
      "object_id": 3,
      "relation": "below",
      "explicit": false
    },
    {
      "subject_id": 2,
      "object_id": 3,
      "relation": "below",
      "explicit": true
    }
  ]
}