{
  "image_id": 973,
  "image_filename": "image_00973.png",
  "num_entities": 3,
  "entities": [
    {
      "id": 0,
      "shape": "circle",
      "size": "small",
      "color": "yellow",
      "center": [
        148,
        137
      ],
      "bbox": {
        "x_min": 128,
        "y_min": 117,
        "x_max": 168,
        "y_max": 157
      }
    },
    {
      "id": 1,
      "shape": "triangle",
      "size": "small",
      "color": "blue",
      "center": [
        117,
        73
      ],
      "bbox": {
        "x_min": 99,
        "y_min": 53,
        "x_max": 134,
        "y_max": 83
      }
    },
    {
      "id": 2,
      "shape": "triangle",
      "size": "large",
      "color": "orange",
      "center": [
        64,
        127
      ],
      "bbox": {
        "x_min": 29,
        "y_min": 87,
        "x_max": 98,
        "y_max": 147
      }
    }
  ],
  "relations": [
    {
      "subject_id": 0,
      "object_id": 1,
      "relation": "above",
      "explicit": true
    },
    {
      "subject_id": 0,
      "object_id": 2,
      "relation": "left_of",
      "explicit": false
    },
    {
      "subject_id": 1,
      "object_id": 2,
      "relation": "below",
      "explicit": false
    }
  ]
}