{
  "image_id": 953,
  "image_filename": "image_00953.png",
  "num_entities": 2,
  "entities": [
    {
      "id": 0,
      "shape": "triangle",
      "size": "small",
      "color": "yellow",
      "center": [
        143,
        148
      ],
      "bbox": {
        "x_min": 125,
        "y_min": 128,
        "x_max": 160,
        "y_max": 158
      }
    },
    {
      "id": 1,
      "shape": "rectangle",
      "size": "large",
      "color": "green",
      "center": [
        86,
        96
      ],
      "bbox": {
        "x_min": 66,
        "y_min": 66,
        "x_max": 106,
        "y_max": 126
      }
    }
  ],
  "relations": [
    {
      "subject_id": 0,
      "object_id": 1,
      "relation": "left_of",
      "explicit": true
    }
  ]
}