{
  "image_id": 893,
  "image_filename": "image_00893.png",
  "num_entities": 2,
  "entities": [
    {
      "id": 0,
      "shape": "rectangle",
      "size": "large",
      "color": "purple",
      "center": [
        110,
        147
      ],
      "bbox": {
        "x_min": 90,
        "y_min": 117,
        "x_max": 130,
        "y_max": 177
      }
    },
    {
      "id": 1,
      "shape": "square",
      "size": "medium",
      "color": "yellow",
      "center": [
        122,
        64
      ],
      "bbox": {
        "x_min": 92,
        "y_min": 34,
        "x_max": 152,
        "y_max": 94
      }
    }
  ],
  "relations": [
    {
      "subject_id": 0,
      "object_id": 1,
      "relation": "above",
      "explicit": true
    }
  ]
}