{
  "image_id": 394,
  "image_filename": "image_00394.png",
  "num_entities": 2,
  "entities": [
    {
      "id": 0,
      "shape": "circle",
      "size": "medium",
      "color": "magenta",
      "center": [
        73,
        152
      ],
      "bbox": {
        "x_min": 43,
        "y_min": 122,
        "x_max": 103,
        "y_max": 182
      }
    },
    {
      "id": 1,
      "shape": "circle",
      "size": "large",
      "color": "purple",
      "center": [
        153,
        63
      ],
      "bbox": {
        "x_min": 113,
        "y_min": 23,
        "x_max": 193,
        "y_max": 103
      }
    }
  ],
  "relations": [
    {
      "subject_id": 0,
      "object_id": 1,
      "relation": "above",
      "explicit": true
    }
  ]
}