{
  "image_id": 566,
  "image_filename": "image_00566.png",
  "num_entities": 3,
  "entities": [
    {
      "id": 0,
      "shape": "rectangle",
      "size": "small",
      "color": "orange",
      "center": [
        88,
        165
      ],
      "bbox": {
        "x_min": 78,
        "y_min": 150,
        "x_max": 98,
        "y_max": 180
      }
    },
    {
      "id": 1,
      "shape": "circle",
      "size": "large",
      "color": "orange",
      "center": [
        156,
        93
      ],
      "bbox": {
        "x_min": 116,
        "y_min": 53,
        "x_max": 196,
        "y_max": 133
      }
    },
    {
      "id": 2,
      "shape": "rectangle",
      "size": "large",
      "color": "orange",
      "center": [
        60,
        78
      ],
      "bbox": {
        "x_min": 40,
        "y_min": 48,
        "x_max": 80,
        "y_max": 108
      }
    }
  ],
  "relations": [
    {
      "subject_id": 0,
      "object_id": 1,
      "relation": "above",
      "explicit": false
    },
    {
      "subject_id": 0,
      "object_id": 2,
      "relation": "above",
      "explicit": true
    },
    {
      "subject_id": 1,
      "object_id": 2,
      "relation": "left_of",
      "explicit": true
    }
  ]
}