{
  "image_id": 32,
  "image_filename": "image_00032.png",
  "num_entities": 4,
  "entities": [
    {
      "id": 0,
      "shape": "square",
      "size": "large",
      "color": "magenta",
      "center": [
        67,
        115
      ],
      "bbox": {
        "x_min": 27,
        "y_min": 75,
        "x_max": 107,
        "y_max": 155
      }
    },
    {
      "id": 1,
      "shape": "rectangle",
      "size": "small",
      "color": "magenta",
      "center": [
        171,
        151
      ],
      "bbox": {
        "x_min": 161,
        "y_min": 136,
        "x_max": 181,
        "y_max": 166
      }
    },
    {
      "id": 2,
      "shape": "triangle",
      "size": "small",
      "color": "purple",
      "center": [
        153,
        70
      ],
      "bbox": {
        "x_min": 135,
        "y_min": 50,
        "x_max": 170,
        "y_max": 80
      }
    },
    {
      "id": 3,
      "shape": "rectangle",
      "size": "small",
      "color": "blue",
      "center": [
        116,
        165
      ],
      "bbox": {
        "x_min": 106,
        "y_min": 150,
        "x_max": 126,
        "y_max": 180
      }
    }
  ],
  "relations": [
    {
      "subject_id": 0,
      "object_id": 1,
      "relation": "right_of",
      "explicit": true
    },
    {
      "subject_id": 0,
      "object_id": 2,
      "relation": "right_of",
      "explicit": false
    },
    {
      "subject_id": 0,
      "object_id": 3,
      "relation": "below",
      "explicit": true
    },
    {
      "subject_id": 1,
      "object_id": 2,
      "relation": "above",
      "explicit": true
    },
    {
      "subject_id": 1,
      "object_id": 3,
      "relation": "left_of",
      "explicit": true
    },
    {
      "subject_id": 2,
      "object_id": 3,
      "relation": "below",
      "explicit": true
    }
  ]
}