{
  "image_id": 528,
  "image_filename": "image_00528.png",
  "num_entities": 3,
  "entities": [
    {
      "id": 0,
      "shape": "circle",
      "size": "large",
      "color": "yellow",
      "center": [
        113,
        74
      ],
      "bbox": {
        "x_min": 73,
        "y_min": 34,
        "x_max": 153,
        "y_max": 114
      }
    },
    {
      "id": 1,
      "shape": "circle",
      "size": "small",
      "color": "green",
      "center": [
        111,
        166
      ],
      "bbox": {
        "x_min": 91,
        "y_min": 146,
        "x_max": 131,
        "y_max": 186
      }
    },
    {
      "id": 2,
      "shape": "square",
      "size": "small",
      "color": "yellow",
      "center": [
        171,
        126
      ],
      "bbox": {
        "x_min": 151,
        "y_min": 106,
        "x_max": 191,
        "y_max": 146
      }
    }
  ],
  "relations": [
    {
      "subject_id": 0,
      "object_id": 1,
      "relation": "below",
      "explicit": true
    },
    {
      "subject_id": 0,
      "object_id": 2,
      "relation": "right_of",
      "explicit": false
    },
    {
      "subject_id": 1,
      "object_id": 2,
      "relation": "right_of",
      "explicit": false
    }
  ]
}