{
  "image_id": 677,
  "image_filename": "image_00677.png",
  "num_entities": 3,
  "entities": [
    {
      "id": 0,
      "shape": "circle",
      "size": "medium",
      "color": "purple",
      "center": [
        85,
        112
      ],
      "bbox": {
        "x_min": 55,
        "y_min": 82,
        "x_max": 115,
        "y_max": 142
      }
    },
    {
      "id": 1,
      "shape": "circle",
      "size": "medium",
      "color": "yellow",
      "center": [
        170,
        79
      ],
      "bbox": {
        "x_min": 140,
        "y_min": 49,
        "x_max": 200,
        "y_max": 109
      }
    },
    {
      "id": 2,
      "shape": "rectangle",
      "size": "medium",
      "color": "purple",
      "center": [
        138,
        173
      ],
      "bbox": {
        "x_min": 123,
        "y_min": 151,
        "x_max": 153,
        "y_max": 195
      }
    }
  ],
  "relations": [
    {
      "subject_id": 0,
      "object_id": 1,
      "relation": "right_of",
      "explicit": false
    },
    {
      "subject_id": 0,
      "object_id": 2,
      "relation": "below",
      "explicit": true
    },
    {
      "subject_id": 1,
      "object_id": 2,
      "relation": "below",
      "explicit": true
    }
  ]
}