{
  "image_id": 709,
  "image_filename": "image_00709.png",
  "num_entities": 3,
  "entities": [
    {
      "id": 0,
      "shape": "triangle",
      "size": "small",
      "color": "yellow",
      "center": [
        75,
        98
      ],
      "bbox": {
        "x_min": 57,
        "y_min": 78,
        "x_max": 92,
        "y_max": 108
      }
    },
    {
      "id": 1,
      "shape": "circle",
      "size": "medium",
      "color": "cyan",
      "center": [
        162,
        98
      ],
      "bbox": {
        "x_min": 132,
        "y_min": 68,
        "x_max": 192,
        "y_max": 128
      }
    },
    {
      "id": 2,
      "shape": "square",
      "size": "large",
      "color": "red",
      "center": [
        50,
        171
      ],
      "bbox": {
        "x_min": 10,
        "y_min": 131,
        "x_max": 90,
        "y_max": 211
      }
    }
  ],
  "relations": [
    {
      "subject_id": 0,
      "object_id": 1,
      "relation": "right_of",
      "explicit": false
    },
    {
      "subject_id": 0,
      "object_id": 2,
      "relation": "below",
      "explicit": false
    },
    {
      "subject_id": 1,
      "object_id": 2,
      "relation": "left_of",
      "explicit": false
    }
  ]
}