{
  "image_id": 552,
  "image_filename": "image_00552.png",
  "num_entities": 2,
  "entities": [
    {
      "id": 0,
      "shape": "circle",
      "size": "medium",
      "color": "cyan",
      "center": [
        130,
        146
      ],
      "bbox": {
        "x_min": 100,
        "y_min": 116,
        "x_max": 160,
        "y_max": 176
      }
    },
    {
      "id": 1,
      "shape": "triangle",
      "size": "medium",
      "color": "green",
      "center": [
        66,
        69
      ],
      "bbox": {
        "x_min": 40,
        "y_min": 39,
        "x_max": 91,
        "y_max": 84
      }
    }
  ],
  "relations": [
    {
      "subject_id": 0,
      "object_id": 1,
      "relation": "above",
      "explicit": true
    }
  ]
}