{
  "image_id": 269,
  "image_filename": "image_00269.png",
  "num_entities": 2,
  "entities": [
    {
      "id": 0,
      "shape": "rectangle",
      "size": "large",
      "color": "red",
      "center": [
        65,
        62
      ],
      "bbox": {
        "x_min": 45,
        "y_min": 32,
        "x_max": 85,
        "y_max": 92
      }
    },
    {
      "id": 1,
      "shape": "triangle",
      "size": "medium",
      "color": "cyan",
      "center": [
        150,
        135
      ],
      "bbox": {
        "x_min": 124,
        "y_min": 105,
        "x_max": 175,
        "y_max": 150
      }
    }
  ],
  "relations": [
    {
      "subject_id": 0,
      "object_id": 1,
      "relation": "right_of",
      "explicit": false
    }
  ]
}