{
  "image_id": 180,
  "image_filename": "image_00180.png",
  "num_entities": 3,
  "entities": [
    {
      "id": 0,
      "shape": "triangle",
      "size": "small",
      "color": "orange",
      "center": [
        77,
        101
      ],
      "bbox": {
        "x_min": 59,
        "y_min": 81,
        "x_max": 94,
        "y_max": 111
      }
    },
    {
      "id": 1,
      "shape": "triangle",
      "size": "small",
      "color": "red",
      "center": [
        116,
        146
      ],
      "bbox": {
        "x_min": 98,
        "y_min": 126,
        "x_max": 133,
        "y_max": 156
      }
    },
    {
      "id": 2,
      "shape": "triangle",
      "size": "medium",
      "color": "blue",
      "center": [
        163,
        105
      ],
      "bbox": {
        "x_min": 137,
        "y_min": 75,
        "x_max": 188,
        "y_max": 120
      }
    }
  ],
  "relations": [
    {
      "subject_id": 0,
      "object_id": 1,
      "relation": "below",
      "explicit": true
    },
    {
      "subject_id": 0,
      "object_id": 2,
      "relation": "right_of",
      "explicit": false
    },
    {
      "subject_id": 1,
      "object_id": 2,
      "relation": "right_of",
      "explicit": true
    }
  ]
}