{
  "image_id": 562,
  "image_filename": "image_00562.png",
  "num_entities": 3,
  "entities": [
    {
      "id": 0,
      "shape": "triangle",
      "size": "large",
      "color": "red",
      "center": [
        148,
        124
      ],
      "bbox": {
        "x_min": 113,
        "y_min": 84,
        "x_max": 182,
        "y_max": 144
      }
    },
    {
      "id": 1,
      "shape": "circle",
      "size": "small",
      "color": "orange",
      "center": [
        70,
        92
      ],
      "bbox": {
        "x_min": 50,
        "y_min": 72,
        "x_max": 90,
        "y_max": 112
      }
    },
    {
      "id": 2,
      "shape": "triangle",
      "size": "small",
      "color": "green",
      "center": [
        62,
        171
      ],
      "bbox": {
        "x_min": 44,
        "y_min": 151,
        "x_max": 79,
        "y_max": 181
      }
    }
  ],
  "relations": [
    {
      "subject_id": 0,
      "object_id": 1,
      "relation": "left_of",
      "explicit": true
    },
    {
      "subject_id": 0,
      "object_id": 2,
      "relation": "left_of",
      "explicit": false
    },
    {
      "subject_id": 1,
      "object_id": 2,
      "relation": "below",
      "explicit": false
    }
  ]
}