{
  "image_id": 18,
  "image_filename": "image_00018.png",
  "num_entities": 3,
  "entities": [
    {
      "id": 0,
      "shape": "triangle",
      "size": "medium",
      "color": "magenta",
      "center": [
        50,
        109
      ],
      "bbox": {
        "x_min": 24,
        "y_min": 79,
        "x_max": 75,
        "y_max": 124
      }
    },
    {
      "id": 1,
      "shape": "rectangle",
      "size": "large",
      "color": "blue",
      "center": [
        152,
        80
      ],
      "bbox": {
        "x_min": 132,
        "y_min": 50,
        "x_max": 172,
        "y_max": 110
      }
    },
    {
      "id": 2,
      "shape": "square",
      "size": "large",
      "color": "cyan",
      "center": [
        114,
        166
      ],
      "bbox": {
        "x_min": 74,
        "y_min": 126,
        "x_max": 154,
        "y_max": 206
      }
    }
  ],
  "relations": [
    {
      "subject_id": 0,
      "object_id": 1,
      "relation": "right_of",
      "explicit": true
    },
    {
      "subject_id": 0,
      "object_id": 2,
      "relation": "right_of",
      "explicit": true
    },
    {
      "subject_id": 1,
      "object_id": 2,
      "relation": "below",
      "explicit": true
    }
  ]
}