{
  "image_id": 361,
  "image_filename": "image_00361.png",
  "num_entities": 2,
  "entities": [
    {
      "id": 0,
      "shape": "square",
      "size": "medium",
      "color": "red",
      "center": [
        89,
        74
      ],
      "bbox": {
        "x_min": 59,
        "y_min": 44,
        "x_max": 119,
        "y_max": 104
      }
    },
    {
      "id": 1,
      "shape": "circle",
      "size": "large",
      "color": "blue",
      "center": [
        127,
        167
      ],
      "bbox": {
        "x_min": 87,
        "y_min": 127,
        "x_max": 167,
        "y_max": 207
      }
    }
  ],
  "relations": [
    {
      "subject_id": 0,
      "object_id": 1,
      "relation": "below",
      "explicit": false
    }
  ]
}