{
  "image_id": 299,
  "image_filename": "image_00299.png",
  "num_entities": 3,
  "entities": [
    {
      "id": 0,
      "shape": "triangle",
      "size": "large",
      "color": "red",
      "center": [
        65,
        165
      ],
      "bbox": {
        "x_min": 30,
        "y_min": 125,
        "x_max": 99,
        "y_max": 185
      }
    },
    {
      "id": 1,
      "shape": "circle",
      "size": "medium",
      "color": "purple",
      "center": [
        150,
        65
      ],
      "bbox": {
        "x_min": 120,
        "y_min": 35,
        "x_max": 180,
        "y_max": 95
      }
    },
    {
      "id": 2,
      "shape": "circle",
      "size": "medium",
      "color": "green",
      "center": [
        165,
        153
      ],
      "bbox": {
        "x_min": 135,
        "y_min": 123,
        "x_max": 195,
        "y_max": 183
      }
    }
  ],
  "relations": [
    {
      "subject_id": 0,
      "object_id": 1,
      "relation": "above",
      "explicit": true
    },
    {
      "subject_id": 0,
      "object_id": 2,
      "relation": "right_of",
      "explicit": true
    },
    {
      "subject_id": 1,
      "object_id": 2,
      "relation": "below",
      "explicit": true
    }
  ]
}