{
  "image_id": 989,
  "image_filename": "image_00989.png",
  "num_entities": 4,
  "entities": [
    {
      "id": 0,
      "shape": "triangle",
      "size": "small",
      "color": "green",
      "center": [
        129,
        127
      ],
      "bbox": {
        "x_min": 111,
        "y_min": 107,
        "x_max": 146,
        "y_max": 137
      }
    },
    {
      "id": 1,
      "shape": "triangle",
      "size": "large",
      "color": "green",
      "center": [
        82,
        72
      ],
      "bbox": {
        "x_min": 47,
        "y_min": 32,
        "x_max": 116,
        "y_max": 92
      }
    },
    {
      "id": 2,
      "shape": "triangle",
      "size": "small",
      "color": "red",
      "center": [
        170,
        94
      ],
      "bbox": {
        "x_min": 152,
        "y_min": 74,
        "x_max": 187,
        "y_max": 104
      }
    },
    {
      "id": 3,
      "shape": "rectangle",
      "size": "medium",
      "color": "purple",
      "center": [
        55,
        157
      ],
      "bbox": {
        "x_min": 40,
        "y_min": 135,
        "x_max": 70,
        "y_max": 179
      }
    }
  ],
  "relations": [
    {
      "subject_id": 0,
      "object_id": 1,
      "relation": "above",
      "explicit": false
    },
    {
      "subject_id": 0,
      "object_id": 2,
      "relation": "right_of",
      "explicit": false
    },
    {
      "subject_id": 0,
      "object_id": 3,
      "relation": "left_of",
      "explicit": true
    },
    {
      "subject_id": 1,
      "object_id": 2,
      "relation": "right_of",
      "explicit": false
    },
    {
      "subject_id": 1,
      "object_id": 3,
      "relation": "below",
      "explicit": true
    },
    {
      "subject_id": 2,
      "object_id": 3,
      "relation": "left_of",
      "explicit": true
    }
  ]
}