{
  "image_id": 716,
  "image_filename": "image_00716.png",
  "num_entities": 4,
  "entities": [
    {
      "id": 0,
      "shape": "circle",
      "size": "large",
      "color": "purple",
      "center": [
        144,
        140
      ],
      "bbox": {
        "x_min": 104,
        "y_min": 100,
        "x_max": 184,
        "y_max": 180
      }
    },
    {
      "id": 1,
      "shape": "rectangle",
      "size": "large",
      "color": "purple",
      "center": [
        57,
        66
      ],
      "bbox": {
        "x_min": 37,
        "y_min": 36,
        "x_max": 77,
        "y_max": 96
      }
    },
    {
      "id": 2,
      "shape": "square",
      "size": "large",
      "color": "purple",
      "center": [
        57,
        173
      ],
      "bbox": {
        "x_min": 17,
        "y_min": 133,
        "x_max": 97,
        "y_max": 213
      }
    },
    {
      "id": 3,
      "shape": "circle",
      "size": "medium",
      "color": "green",
      "center": [
        140,
        58
      ],
      "bbox": {
        "x_min": 110,
        "y_min": 28,
        "x_max": 170,
        "y_max": 88
      }
    }
  ],
  "relations": [
    {
      "subject_id": 0,
      "object_id": 1,
      "relation": "left_of",
      "explicit": false
    },
    {
      "subject_id": 0,
      "object_id": 2,
      "relation": "left_of",
      "explicit": true
    },
    {
      "subject_id": 0,
      "object_id": 3,
      "relation": "above",
      "explicit": false
    },
    {
      "subject_id": 1,
      "object_id": 2,
      "relation": "below",
      "explicit": false
    },
    {
      "subject_id": 1,
      "object_id": 3,
      "relation": "right_of",
      "explicit": true
    },
    {
      "subject_id": 2,
      "object_id": 3,
      "relation": "above",
      "explicit": false
    }
  ]
}