{
  "image_id": 766,
  "image_filename": "image_00766.png",
  "num_entities": 3,
  "entities": [
    {
      "id": 0,
      "shape": "rectangle",
      "size": "medium",
      "color": "green",
      "center": [
        69,
        79
      ],
      "bbox": {
        "x_min": 54,
        "y_min": 57,
        "x_max": 84,
        "y_max": 101
      }
    },
    {
      "id": 1,
      "shape": "square",
      "size": "medium",
      "color": "magenta",
      "center": [
        81,
        168
      ],
      "bbox": {
        "x_min": 51,
        "y_min": 138,
        "x_max": 111,
        "y_max": 198
      }
    },
    {
      "id": 2,
      "shape": "rectangle",
      "size": "large",
      "color": "orange",
      "center": [
        159,
        64
      ],
      "bbox": {
        "x_min": 139,
        "y_min": 34,
        "x_max": 179,
        "y_max": 94
      }
    }
  ],
  "relations": [
    {
      "subject_id": 0,
      "object_id": 1,
      "relation": "below",
      "explicit": true
    },
    {
      "subject_id": 0,
      "object_id": 2,
      "relation": "right_of",
      "explicit": false
    },
    {
      "subject_id": 1,
      "object_id": 2,
      "relation": "above",
      "explicit": false
    }
  ]
}