{
  "image_id": 198,
  "image_filename": "image_00198.png",
  "num_entities": 2,
  "entities": [
    {
      "id": 0,
      "shape": "triangle",
      "size": "large",
      "color": "orange",
      "center": [
        99,
        136
      ],
      "bbox": {
        "x_min": 64,
        "y_min": 96,
        "x_max": 133,
        "y_max": 156
      }
    },
    {
      "id": 1,
      "shape": "triangle",
      "size": "medium",
      "color": "orange",
      "center": [
        106,
        51
      ],
      "bbox": {
        "x_min": 80,
        "y_min": 21,
        "x_max": 131,
        "y_max": 66
      }
    }
  ],
  "relations": [
    {
      "subject_id": 0,
      "object_id": 1,
      "relation": "above",
      "explicit": true
    }
  ]
}