{
  "image_id": 89,
  "image_filename": "image_00089.png",
  "num_entities": 4,
  "entities": [
    {
      "id": 0,
      "shape": "triangle",
      "size": "large",
      "color": "green",
      "center": [
        55,
        65
      ],
      "bbox": {
        "x_min": 20,
        "y_min": 25,
        "x_max": 89,
        "y_max": 85
      }
    },
    {
      "id": 1,
      "shape": "rectangle",
      "size": "small",
      "color": "purple",
      "center": [
        163,
        82
      ],
      "bbox": {
        "x_min": 153,
        "y_min": 67,
        "x_max": 173,
        "y_max": 97
      }
    },
    {
      "id": 2,
      "shape": "square",
      "size": "small",
      "color": "orange",
      "center": [
        70,
        148
      ],
      "bbox": {
        "x_min": 50,
        "y_min": 128,
        "x_max": 90,
        "y_max": 168
      }
    },
    {
      "id": 3,
      "shape": "square",
      "size": "medium",
      "color": "blue",
      "center": [
        146,
        174
      ],
      "bbox": {
        "x_min": 116,
        "y_min": 144,
        "x_max": 176,
        "y_max": 204
      }
    }
  ],
  "relations": [
    {
      "subject_id": 0,
      "object_id": 1,
      "relation": "right_of",
      "explicit": false
    },
    {
      "subject_id": 0,
      "object_id": 2,
      "relation": "below",
      "explicit": true
    },
    {
      "subject_id": 0,
      "object_id": 3,
      "relation": "below",
      "explicit": true
    },
    {
      "subject_id": 1,
      "object_id": 2,
      "relation": "left_of",
      "explicit": true
    },
    {
      "subject_id": 1,
      "object_id": 3,
      "relation": "below",
      "explicit": false
    },
    {
      "subject_id": 2,
      "object_id": 3,
      "relation": "right_of",
      "explicit": true
    }
  ]
}