{
  "image_id": 713,
  "image_filename": "image_00713.png",
  "num_entities": 3,
  "entities": [
    {
      "id": 0,
      "shape": "rectangle",
      "size": "large",
      "color": "cyan",
      "center": [
        100,
        71
      ],
      "bbox": {
        "x_min": 80,
        "y_min": 41,
        "x_max": 120,
        "y_max": 101
      }
    },
    {
      "id": 1,
      "shape": "triangle",
      "size": "medium",
      "color": "orange",
      "center": [
        74,
        151
      ],
      "bbox": {
        "x_min": 48,
        "y_min": 121,
        "x_max": 99,
        "y_max": 166
      }
    },
    {
      "id": 2,
      "shape": "square",
      "size": "medium",
      "color": "purple",
      "center": [
        148,
        143
      ],
      "bbox": {
        "x_min": 118,
        "y_min": 113,
        "x_max": 178,
        "y_max": 173
      }
    }
  ],
  "relations": [
    {
      "subject_id": 0,
      "object_id": 1,
      "relation": "below",
      "explicit": true
    },
    {
      "subject_id": 0,
      "object_id": 2,
      "relation": "below",
      "explicit": true
    },
    {
      "subject_id": 1,
      "object_id": 2,
      "relation": "right_of",
      "explicit": false
    }
  ]
}