{
  "image_id": 871,
  "image_filename": "image_00871.png",
  "num_entities": 3,
  "entities": [
    {
      "id": 0,
      "shape": "square",
      "size": "medium",
      "color": "red",
      "center": [
        88,
        136
      ],
      "bbox": {
        "x_min": 58,
        "y_min": 106,
        "x_max": 118,
        "y_max": 166
      }
    },
    {
      "id": 1,
      "shape": "square",
      "size": "medium",
      "color": "blue",
      "center": [
        169,
        107
      ],
      "bbox": {
        "x_min": 139,
        "y_min": 77,
        "x_max": 199,
        "y_max": 137
      }
    },
    {
      "id": 2,
      "shape": "circle",
      "size": "small",
      "color": "magenta",
      "center": [
        61,
        57
      ],
      "bbox": {
        "x_min": 41,
        "y_min": 37,
        "x_max": 81,
        "y_max": 77
      }
    }
  ],
  "relations": [
    {
      "subject_id": 0,
      "object_id": 1,
      "relation": "right_of",
      "explicit": true
    },
    {
      "subject_id": 0,
      "object_id": 2,
      "relation": "above",
      "explicit": false
    },
    {
      "subject_id": 1,
      "object_id": 2,
      "relation": "left_of",
      "explicit": false
    }
  ]
}