{
  "image_id": 727,
  "image_filename": "image_00727.png",
  "num_entities": 4,
  "entities": [
    {
      "id": 0,
      "shape": "rectangle",
      "size": "large",
      "color": "yellow",
      "center": [
        57,
        52
      ],
      "bbox": {
        "x_min": 37,
        "y_min": 22,
        "x_max": 77,
        "y_max": 82
      }
    },
    {
      "id": 1,
      "shape": "square",
      "size": "small",
      "color": "orange",
      "center": [
        81,
        173
      ],
      "bbox": {
        "x_min": 61,
        "y_min": 153,
        "x_max": 101,
        "y_max": 193
      }
    },
    {
      "id": 2,
      "shape": "square",
      "size": "medium",
      "color": "green",
      "center": [
        172,
        97
      ],
      "bbox": {
        "x_min": 142,
        "y_min": 67,
        "x_max": 202,
        "y_max": 127
      }
    },
    {
      "id": 3,
      "shape": "circle",
      "size": "small",
      "color": "green",
      "center": [
        146,
        166
      ],
      "bbox": {
        "x_min": 126,
        "y_min": 146,
        "x_max": 166,
        "y_max": 186
      }
    }
  ],
  "relations": [
    {
      "subject_id": 0,
      "object_id": 1,
      "relation": "below",
      "explicit": true
    },
    {
      "subject_id": 0,
      "object_id": 2,
      "relation": "right_of",
      "explicit": true
    },
    {
      "subject_id": 0,
      "object_id": 3,
      "relation": "below",
      "explicit": false
    },
    {
      "subject_id": 1,
      "object_id": 2,
      "relation": "right_of",
      "explicit": true
    },
    {
      "subject_id": 1,
      "object_id": 3,
      "relation": "right_of",
      "explicit": true
    },
    {
      "subject_id": 2,
      "object_id": 3,
      "relation": "below",
      "explicit": true
    }
  ]
}