{
  "image_id": 269,
  "image_filename": "image_00269.png",
  "num_entities": 4,
  "entities": [
    {
      "id": 0,
      "shape": "circle",
      "size": "medium",
      "color": "cyan",
      "center": [
        99,
        85
      ],
      "bbox": {
        "x_min": 69,
        "y_min": 55,
        "x_max": 129,
        "y_max": 115
      }
    },
    {
      "id": 1,
      "shape": "rectangle",
      "size": "small",
      "color": "magenta",
      "center": [
        167,
        57
      ],
      "bbox": {
        "x_min": 157,
        "y_min": 42,
        "x_max": 177,
        "y_max": 72
      }
    },
    {
      "id": 2,
      "shape": "square",
      "size": "large",
      "color": "purple",
      "center": [
        150,
        154
      ],
      "bbox": {
        "x_min": 110,
        "y_min": 114,
        "x_max": 190,
        "y_max": 194
      }
    },
    {
      "id": 3,
      "shape": "rectangle",
      "size": "large",
      "color": "purple",
      "center": [
        59,
        163
      ],
      "bbox": {
        "x_min": 39,
        "y_min": 133,
        "x_max": 79,
        "y_max": 193
      }
    }
  ],
  "relations": [
    {
      "subject_id": 0,
      "object_id": 1,
      "relation": "right_of",
      "explicit": true
    },
    {
      "subject_id": 0,
      "object_id": 2,
      "relation": "below",
      "explicit": true
    },
    {
      "subject_id": 0,
      "object_id": 3,
      "relation": "below",
      "explicit": true
    },
    {
      "subject_id": 1,
      "object_id": 2,
      "relation": "below",
      "explicit": false
    },
    {
      "subject_id": 1,
      "object_id": 3,
      "relation": "left_of",
      "explicit": false
    },
    {
      "subject_id": 2,
      "object_id": 3,
      "relation": "left_of",
      "explicit": false
    }
  ]
}