{
  "image_id": 307,
  "image_filename": "image_00307.png",
  "num_entities": 3,
  "entities": [
    {
      "id": 0,
      "shape": "rectangle",
      "size": "small",
      "color": "purple",
      "center": [
        57,
        69
      ],
      "bbox": {
        "x_min": 47,
        "y_min": 54,
        "x_max": 67,
        "y_max": 84
      }
    },
    {
      "id": 1,
      "shape": "rectangle",
      "size": "large",
      "color": "orange",
      "center": [
        127,
        53
      ],
      "bbox": {
        "x_min": 107,
        "y_min": 23,
        "x_max": 147,
        "y_max": 83
      }
    },
    {
      "id": 2,
      "shape": "triangle",
      "size": "large",
      "color": "blue",
      "center": [
        71,
        172
      ],
      "bbox": {
        "x_min": 36,
        "y_min": 132,
        "x_max": 105,
        "y_max": 192
      }
    }
  ],
  "relations": [
    {
      "subject_id": 0,
      "object_id": 1,
      "relation": "right_of",
      "explicit": false
    },
    {
      "subject_id": 0,
      "object_id": 2,
      "relation": "below",
      "explicit": false
    },
    {
      "subject_id": 1,
      "object_id": 2,
      "relation": "below",
      "explicit": false
    }
  ]
}