{
  "image_id": 793,
  "image_filename": "image_00793.png",
  "num_entities": 5,
  "entities": [
    {
      "id": 0,
      "shape": "circle",
      "size": "large",
      "color": "orange",
      "center": [
        74,
        91
      ],
      "bbox": {
        "x_min": 34,
        "y_min": 51,
        "x_max": 114,
        "y_max": 131
      }
    },
    {
      "id": 1,
      "shape": "rectangle",
      "size": "small",
      "color": "magenta",
      "center": [
        123,
        167
      ],
      "bbox": {
        "x_min": 113,
        "y_min": 152,
        "x_max": 133,
        "y_max": 182
      }
    },
    {
      "id": 2,
      "shape": "circle",
      "size": "medium",
      "color": "magenta",
      "center": [
        167,
        62
      ],
      "bbox": {
        "x_min": 137,
        "y_min": 32,
        "x_max": 197,
        "y_max": 92
      }
    },
    {
      "id": 3,
      "shape": "triangle",
      "size": "medium",
      "color": "green",
      "center": [
        58,
        174
      ],
      "bbox": {
        "x_min": 32,
        "y_min": 144,
        "x_max": 83,
        "y_max": 189
      }
    },
    {
      "id": 4,
      "shape": "circle",
      "size": "small",
      "color": "red",
      "center": [
        143,
        117
      ],
      "bbox": {
        "x_min": 123,
        "y_min": 97,
        "x_max": 163,
        "y_max": 137
      }
    }
  ],
  "relations": [
    {
      "subject_id": 0,
      "object_id": 1,
      "relation": "below",
      "explicit": true
    },
    {
      "subject_id": 0,
      "object_id": 2,
      "relation": "right_of",
      "explicit": false
    },
    {
      "subject_id": 0,
      "object_id": 3,
      "relation": "below",
      "explicit": true
    },
    {
      "subject_id": 0,
      "object_id": 4,
      "relation": "right_of",
      "explicit": true
    },
    {
      "subject_id": 1,
      "object_id": 2,
      "relation": "above",
      "explicit": false
    },
    {
      "subject_id": 1,
      "object_id": 3,
      "relation": "left_of",
      "explicit": false
    },
    {
      "subject_id": 1,
      "object_id": 4,
      "relation": "above",
      "explicit": true
    },
    {
      "subject_id": 2,
      "object_id": 3,
      "relation": "below",
      "explicit": false
    },
    {
      "subject_id": 2,
      "object_id": 4,
      "relation": "below",
      "explicit": true
    },
    {
      "subject_id": 3,
      "object_id": 4,
      "relation": "right_of",
      "explicit": true
    }
  ]
}