{
  "image_id": 510,
  "image_filename": "image_00510.png",
  "num_entities": 3,
  "entities": [
    {
      "id": 0,
      "shape": "square",
      "size": "medium",
      "color": "green",
      "center": [
        95,
        51
      ],
      "bbox": {
        "x_min": 65,
        "y_min": 21,
        "x_max": 125,
        "y_max": 81
      }
    },
    {
      "id": 1,
      "shape": "circle",
      "size": "large",
      "color": "magenta",
      "center": [
        93,
        159
      ],
      "bbox": {
        "x_min": 53,
        "y_min": 119,
        "x_max": 133,
        "y_max": 199
      }
    },
    {
      "id": 2,
      "shape": "circle",
      "size": "small",
      "color": "red",
      "center": [
        165,
        112
      ],
      "bbox": {
        "x_min": 145,
        "y_min": 92,
        "x_max": 185,
        "y_max": 132
      }
    }
  ],
  "relations": [
    {
      "subject_id": 0,
      "object_id": 1,
      "relation": "below",
      "explicit": false
    },
    {
      "subject_id": 0,
      "object_id": 2,
      "relation": "right_of",
      "explicit": false
    },
    {
      "subject_id": 1,
      "object_id": 2,
      "relation": "right_of",
      "explicit": true
    }
  ]
}