{
  "image_id": 270,
  "image_filename": "image_00270.png",
  "num_entities": 3,
  "entities": [
    {
      "id": 0,
      "shape": "triangle",
      "size": "large",
      "color": "cyan",
      "center": [
        114,
        62
      ],
      "bbox": {
        "x_min": 79,
        "y_min": 22,
        "x_max": 148,
        "y_max": 82
      }
    },
    {
      "id": 1,
      "shape": "square",
      "size": "small",
      "color": "cyan",
      "center": [
        141,
        127
      ],
      "bbox": {
        "x_min": 121,
        "y_min": 107,
        "x_max": 161,
        "y_max": 147
      }
    },
    {
      "id": 2,
      "shape": "circle",
      "size": "small",
      "color": "yellow",
      "center": [
        79,
        137
      ],
      "bbox": {
        "x_min": 59,
        "y_min": 117,
        "x_max": 99,
        "y_max": 157
      }
    }
  ],
  "relations": [
    {
      "subject_id": 0,
      "object_id": 1,
      "relation": "below",
      "explicit": false
    },
    {
      "subject_id": 0,
      "object_id": 2,
      "relation": "below",
      "explicit": true
    },
    {
      "subject_id": 1,
      "object_id": 2,
      "relation": "left_of",
      "explicit": false
    }
  ]
}