{
  "image_id": 325,
  "image_filename": "image_00325.png",
  "num_entities": 3,
  "entities": [
    {
      "id": 0,
      "shape": "square",
      "size": "large",
      "color": "yellow",
      "center": [
        100,
        96
      ],
      "bbox": {
        "x_min": 60,
        "y_min": 56,
        "x_max": 140,
        "y_max": 136
      }
    },
    {
      "id": 1,
      "shape": "circle",
      "size": "small",
      "color": "purple",
      "center": [
        167,
        63
      ],
      "bbox": {
        "x_min": 147,
        "y_min": 43,
        "x_max": 187,
        "y_max": 83
      }
    },
    {
      "id": 2,
      "shape": "triangle",
      "size": "small",
      "color": "cyan",
      "center": [
        156,
        172
      ],
      "bbox": {
        "x_min": 138,
        "y_min": 152,
        "x_max": 173,
        "y_max": 182
      }
    }
  ],
  "relations": [
    {
      "subject_id": 0,
      "object_id": 1,
      "relation": "right_of",
      "explicit": false
    },
    {
      "subject_id": 0,
      "object_id": 2,
      "relation": "below",
      "explicit": false
    },
    {
      "subject_id": 1,
      "object_id": 2,
      "relation": "below",
      "explicit": true
    }
  ]
}