{
  "image_id": 875,
  "image_filename": "image_00875.png",
  "num_entities": 2,
  "entities": [
    {
      "id": 0,
      "shape": "rectangle",
      "size": "small",
      "color": "red",
      "center": [
        69,
        110
      ],
      "bbox": {
        "x_min": 59,
        "y_min": 95,
        "x_max": 79,
        "y_max": 125
      }
    },
    {
      "id": 1,
      "shape": "triangle",
      "size": "medium",
      "color": "purple",
      "center": [
        133,
        155
      ],
      "bbox": {
        "x_min": 107,
        "y_min": 125,
        "x_max": 158,
        "y_max": 170
      }
    }
  ],
  "relations": [
    {
      "subject_id": 0,
      "object_id": 1,
      "relation": "right_of",
      "explicit": false
    }
  ]
}