{
  "image_id": 333,
  "image_filename": "image_00333.png",
  "num_entities": 4,
  "entities": [
    {
      "id": 0,
      "shape": "circle",
      "size": "small",
      "color": "blue",
      "center": [
        80,
        167
      ],
      "bbox": {
        "x_min": 60,
        "y_min": 147,
        "x_max": 100,
        "y_max": 187
      }
    },
    {
      "id": 1,
      "shape": "square",
      "size": "small",
      "color": "purple",
      "center": [
        61,
        99
      ],
      "bbox": {
        "x_min": 41,
        "y_min": 79,
        "x_max": 81,
        "y_max": 119
      }
    },
    {
      "id": 2,
      "shape": "circle",
      "size": "medium",
      "color": "orange",
      "center": [
        168,
        137
      ],
      "bbox": {
        "x_min": 138,
        "y_min": 107,
        "x_max": 198,
        "y_max": 167
      }
    },
    {
      "id": 3,
      "shape": "circle",
      "size": "small",
      "color": "green",
      "center": [
        121,
        67
      ],
      "bbox": {
        "x_min": 101,
        "y_min": 47,
        "x_max": 141,
        "y_max": 87
      }
    }
  ],
  "relations": [
    {
      "subject_id": 0,
      "object_id": 1,
      "relation": "above",
      "explicit": false
    },
    {
      "subject_id": 0,
      "object_id": 2,
      "relation": "right_of",
      "explicit": false
    },
    {
      "subject_id": 0,
      "object_id": 3,
      "relation": "above",
      "explicit": true
    },
    {
      "subject_id": 1,
      "object_id": 2,
      "relation": "right_of",
      "explicit": true
    },
    {
      "subject_id": 1,
      "object_id": 3,
      "relation": "right_of",
      "explicit": true
    },
    {
      "subject_id": 2,
      "object_id": 3,
      "relation": "above",
      "explicit": false
    }
  ]
}