{
  "image_id": 766,
  "image_filename": "image_00766.png",
  "num_entities": 2,
  "entities": [
    {
      "id": 0,
      "shape": "triangle",
      "size": "small",
      "color": "cyan",
      "center": [
        81,
        81
      ],
      "bbox": {
        "x_min": 63,
        "y_min": 61,
        "x_max": 98,
        "y_max": 91
      }
    },
    {
      "id": 1,
      "shape": "circle",
      "size": "medium",
      "color": "green",
      "center": [
        170,
        86
      ],
      "bbox": {
        "x_min": 140,
        "y_min": 56,
        "x_max": 200,
        "y_max": 116
      }
    }
  ],
  "relations": [
    {
      "subject_id": 0,
      "object_id": 1,
      "relation": "right_of",
      "explicit": true
    }
  ]
}