{
  "image_id": 987,
  "image_filename": "image_00987.png",
  "num_entities": 3,
  "entities": [
    {
      "id": 0,
      "shape": "circle",
      "size": "medium",
      "color": "purple",
      "center": [
        52,
        108
      ],
      "bbox": {
        "x_min": 22,
        "y_min": 78,
        "x_max": 82,
        "y_max": 138
      }
    },
    {
      "id": 1,
      "shape": "rectangle",
      "size": "large",
      "color": "yellow",
      "center": [
        116,
        52
      ],
      "bbox": {
        "x_min": 96,
        "y_min": 22,
        "x_max": 136,
        "y_max": 82
      }
    },
    {
      "id": 2,
      "shape": "rectangle",
      "size": "medium",
      "color": "purple",
      "center": [
        111,
        149
      ],
      "bbox": {
        "x_min": 96,
        "y_min": 127,
        "x_max": 126,
        "y_max": 171
      }
    }
  ],
  "relations": [
    {
      "subject_id": 0,
      "object_id": 1,
      "relation": "right_of",
      "explicit": true
    },
    {
      "subject_id": 0,
      "object_id": 2,
      "relation": "right_of",
      "explicit": true
    },
    {
      "subject_id": 1,
      "object_id": 2,
      "relation": "below",
      "explicit": true
    }
  ]
}