{
  "image_id": 706,
  "image_filename": "image_00706.png",
  "num_entities": 2,
  "entities": [
    {
      "id": 0,
      "shape": "square",
      "size": "small",
      "color": "purple",
      "center": [
        103,
        166
      ],
      "bbox": {
        "x_min": 83,
        "y_min": 146,
        "x_max": 123,
        "y_max": 186
      }
    },
    {
      "id": 1,
      "shape": "rectangle",
      "size": "medium",
      "color": "yellow",
      "center": [
        141,
        103
      ],
      "bbox": {
        "x_min": 126,
        "y_min": 81,
        "x_max": 156,
        "y_max": 125
      }
    }
  ],
  "relations": [
    {
      "subject_id": 0,
      "object_id": 1,
      "relation": "above",
      "explicit": true
    }
  ]
}