{
  "image_id": 705,
  "image_filename": "image_00705.png",
  "num_entities": 4,
  "entities": [
    {
      "id": 0,
      "shape": "square",
      "size": "medium",
      "color": "red",
      "center": [
        148,
        92
      ],
      "bbox": {
        "x_min": 118,
        "y_min": 62,
        "x_max": 178,
        "y_max": 122
      }
    },
    {
      "id": 1,
      "shape": "rectangle",
      "size": "large",
      "color": "red",
      "center": [
        70,
        159
      ],
      "bbox": {
        "x_min": 50,
        "y_min": 129,
        "x_max": 90,
        "y_max": 189
      }
    },
    {
      "id": 2,
      "shape": "triangle",
      "size": "large",
      "color": "cyan",
      "center": [
        74,
        57
      ],
      "bbox": {
        "x_min": 39,
        "y_min": 17,
        "x_max": 108,
        "y_max": 77
      }
    },
    {
      "id": 3,
      "shape": "circle",
      "size": "small",
      "color": "magenta",
      "center": [
        164,
        156
      ],
      "bbox": {
        "x_min": 144,
        "y_min": 136,
        "x_max": 184,
        "y_max": 176
      }
    }
  ],
  "relations": [
    {
      "subject_id": 0,
      "object_id": 1,
      "relation": "left_of",
      "explicit": true
    },
    {
      "subject_id": 0,
      "object_id": 2,
      "relation": "left_of",
      "explicit": true
    },
    {
      "subject_id": 0,
      "object_id": 3,
      "relation": "below",
      "explicit": false
    },
    {
      "subject_id": 1,
      "object_id": 2,
      "relation": "above",
      "explicit": true
    },
    {
      "subject_id": 1,
      "object_id": 3,
      "relation": "right_of",
      "explicit": false
    },
    {
      "subject_id": 2,
      "object_id": 3,
      "relation": "below",
      "explicit": false
    }
  ]
}