{
  "image_id": 385,
  "image_filename": "image_00385.png",
  "num_entities": 4,
  "entities": [
    {
      "id": 0,
      "shape": "circle",
      "size": "small",
      "color": "green",
      "center": [
        50,
        166
      ],
      "bbox": {
        "x_min": 30,
        "y_min": 146,
        "x_max": 70,
        "y_max": 186
      }
    },
    {
      "id": 1,
      "shape": "circle",
      "size": "small",
      "color": "green",
      "center": [
        76,
        77
      ],
      "bbox": {
        "x_min": 56,
        "y_min": 57,
        "x_max": 96,
        "y_max": 97
      }
    },
    {
      "id": 2,
      "shape": "triangle",
      "size": "large",
      "color": "purple",
      "center": [
        145,
        161
      ],
      "bbox": {
        "x_min": 110,
        "y_min": 121,
        "x_max": 179,
        "y_max": 181
      }
    },
    {
      "id": 3,
      "shape": "triangle",
      "size": "small",
      "color": "orange",
      "center": [
        127,
        71
      ],
      "bbox": {
        "x_min": 109,
        "y_min": 51,
        "x_max": 144,
        "y_max": 81
      }
    }
  ],
  "relations": [
    {
      "subject_id": 0,
      "object_id": 1,
      "relation": "above",
      "explicit": true
    },
    {
      "subject_id": 0,
      "object_id": 2,
      "relation": "right_of",
      "explicit": true
    },
    {
      "subject_id": 0,
      "object_id": 3,
      "relation": "above",
      "explicit": true
    },
    {
      "subject_id": 1,
      "object_id": 2,
      "relation": "below",
      "explicit": false
    },
    {
      "subject_id": 1,
      "object_id": 3,
      "relation": "right_of",
      "explicit": false
    },
    {
      "subject_id": 2,
      "object_id": 3,
      "relation": "above",
      "explicit": true
    }
  ]
}