{
  "image_id": 892,
  "image_filename": "image_00892.png",
  "num_entities": 4,
  "entities": [
    {
      "id": 0,
      "shape": "circle",
      "size": "medium",
      "color": "yellow",
      "center": [
        66,
        74
      ],
      "bbox": {
        "x_min": 36,
        "y_min": 44,
        "x_max": 96,
        "y_max": 104
      }
    },
    {
      "id": 1,
      "shape": "square",
      "size": "large",
      "color": "cyan",
      "center": [
        156,
        161
      ],
      "bbox": {
        "x_min": 116,
        "y_min": 121,
        "x_max": 196,
        "y_max": 201
      }
    },
    {
      "id": 2,
      "shape": "square",
      "size": "small",
      "color": "cyan",
      "center": [
        61,
        142
      ],
      "bbox": {
        "x_min": 41,
        "y_min": 122,
        "x_max": 81,
        "y_max": 162
      }
    },
    {
      "id": 3,
      "shape": "square",
      "size": "large",
      "color": "magenta",
      "center": [
        166,
        53
      ],
      "bbox": {
        "x_min": 126,
        "y_min": 13,
        "x_max": 206,
        "y_max": 93
      }
    }
  ],
  "relations": [
    {
      "subject_id": 0,
      "object_id": 1,
      "relation": "right_of",
      "explicit": true
    },
    {
      "subject_id": 0,
      "object_id": 2,
      "relation": "below",
      "explicit": false
    },
    {
      "subject_id": 0,
      "object_id": 3,
      "relation": "right_of",
      "explicit": true
    },
    {
      "subject_id": 1,
      "object_id": 2,
      "relation": "left_of",
      "explicit": true
    },
    {
      "subject_id": 1,
      "object_id": 3,
      "relation": "above",
      "explicit": true
    },
    {
      "subject_id": 2,
      "object_id": 3,
      "relation": "right_of",
      "explicit": true
    }
  ]
}