{
  "image_id": 714,
  "image_filename": "image_00714.png",
  "num_entities": 2,
  "entities": [
    {
      "id": 0,
      "shape": "rectangle",
      "size": "large",
      "color": "red",
      "center": [
        52,
        163
      ],
      "bbox": {
        "x_min": 32,
        "y_min": 133,
        "x_max": 72,
        "y_max": 193
      }
    },
    {
      "id": 1,
      "shape": "triangle",
      "size": "small",
      "color": "green",
      "center": [
        131,
        126
      ],
      "bbox": {
        "x_min": 113,
        "y_min": 106,
        "x_max": 148,
        "y_max": 136
      }
    }
  ],
  "relations": [
    {
      "subject_id": 0,
      "object_id": 1,
      "relation": "right_of",
      "explicit": false
    }
  ]
}