{
  "image_id": 829,
  "image_filename": "image_00829.png",
  "num_entities": 2,
  "entities": [
    {
      "id": 0,
      "shape": "square",
      "size": "large",
      "color": "yellow",
      "center": [
        103,
        105
      ],
      "bbox": {
        "x_min": 63,
        "y_min": 65,
        "x_max": 143,
        "y_max": 145
      }
    },
    {
      "id": 1,
      "shape": "rectangle",
      "size": "large",
      "color": "cyan",
      "center": [
        171,
        169
      ],
      "bbox": {
        "x_min": 151,
        "y_min": 139,
        "x_max": 191,
        "y_max": 199
      }
    }
  ],
  "relations": [
    {
      "subject_id": 0,
      "object_id": 1,
      "relation": "right_of",
      "explicit": false
    }
  ]
}