{
  "image_id": 487,
  "image_filename": "image_00487.png",
  "num_entities": 4,
  "entities": [
    {
      "id": 0,
      "shape": "triangle",
      "size": "medium",
      "color": "green",
      "center": [
        84,
        114
      ],
      "bbox": {
        "x_min": 58,
        "y_min": 84,
        "x_max": 109,
        "y_max": 129
      }
    },
    {
      "id": 1,
      "shape": "circle",
      "size": "small",
      "color": "green",
      "center": [
        158,
        131
      ],
      "bbox": {
        "x_min": 138,
        "y_min": 111,
        "x_max": 178,
        "y_max": 151
      }
    },
    {
      "id": 2,
      "shape": "circle",
      "size": "medium",
      "color": "orange",
      "center": [
        150,
        54
      ],
      "bbox": {
        "x_min": 120,
        "y_min": 24,
        "x_max": 180,
        "y_max": 84
      }
    },
    {
      "id": 3,
      "shape": "square",
      "size": "small",
      "color": "green",
      "center": [
        50,
        168
      ],
      "bbox": {
        "x_min": 30,
        "y_min": 148,
        "x_max": 70,
        "y_max": 188
      }
    }
  ],
  "relations": [
    {
      "subject_id": 0,
      "object_id": 1,
      "relation": "right_of",
      "explicit": false
    },
    {
      "subject_id": 0,
      "object_id": 2,
      "relation": "right_of",
      "explicit": false
    },
    {
      "subject_id": 0,
      "object_id": 3,
      "relation": "below",
      "explicit": false
    },
    {
      "subject_id": 1,
      "object_id": 2,
      "relation": "above",
      "explicit": true
    },
    {
      "subject_id": 1,
      "object_id": 3,
      "relation": "left_of",
      "explicit": false
    },
    {
      "subject_id": 2,
      "object_id": 3,
      "relation": "below",
      "explicit": true
    }
  ]
}