{
  "image_id": 446,
  "image_filename": "image_00446.png",
  "num_entities": 3,
  "entities": [
    {
      "id": 0,
      "shape": "circle",
      "size": "medium",
      "color": "cyan",
      "center": [
        166,
        103
      ],
      "bbox": {
        "x_min": 136,
        "y_min": 73,
        "x_max": 196,
        "y_max": 133
      }
    },
    {
      "id": 1,
      "shape": "rectangle",
      "size": "small",
      "color": "cyan",
      "center": [
        123,
        154
      ],
      "bbox": {
        "x_min": 113,
        "y_min": 139,
        "x_max": 133,
        "y_max": 169
      }
    },
    {
      "id": 2,
      "shape": "circle",
      "size": "large",
      "color": "purple",
      "center": [
        66,
        108
      ],
      "bbox": {
        "x_min": 26,
        "y_min": 68,
        "x_max": 106,
        "y_max": 148
      }
    }
  ],
  "relations": [
    {
      "subject_id": 0,
      "object_id": 1,
      "relation": "below",
      "explicit": false
    },
    {
      "subject_id": 0,
      "object_id": 2,
      "relation": "left_of",
      "explicit": true
    },
    {
      "subject_id": 1,
      "object_id": 2,
      "relation": "left_of",
      "explicit": false
    }
  ]
}