{
  "image_id": 379,
  "image_filename": "image_00379.png",
  "num_entities": 2,
  "entities": [
    {
      "id": 0,
      "shape": "rectangle",
      "size": "medium",
      "color": "magenta",
      "center": [
        52,
        53
      ],
      "bbox": {
        "x_min": 37,
        "y_min": 31,
        "x_max": 67,
        "y_max": 75
      }
    },
    {
      "id": 1,
      "shape": "rectangle",
      "size": "large",
      "color": "green",
      "center": [
        129,
        136
      ],
      "bbox": {
        "x_min": 109,
        "y_min": 106,
        "x_max": 149,
        "y_max": 166
      }
    }
  ],
  "relations": [
    {
      "subject_id": 0,
      "object_id": 1,
      "relation": "below",
      "explicit": false
    }
  ]
}