{
  "image_id": 520,
  "image_filename": "image_00520.png",
  "num_entities": 2,
  "entities": [
    {
      "id": 0,
      "shape": "square",
      "size": "medium",
      "color": "magenta",
      "center": [
        132,
        117
      ],
      "bbox": {
        "x_min": 102,
        "y_min": 87,
        "x_max": 162,
        "y_max": 147
      }
    },
    {
      "id": 1,
      "shape": "rectangle",
      "size": "large",
      "color": "red",
      "center": [
        56,
        82
      ],
      "bbox": {
        "x_min": 36,
        "y_min": 52,
        "x_max": 76,
        "y_max": 112
      }
    }
  ],
  "relations": [
    {
      "subject_id": 0,
      "object_id": 1,
      "relation": "left_of",
      "explicit": false
    }
  ]
}