{
  "image_id": 96,
  "image_filename": "image_00096.png",
  "num_entities": 2,
  "entities": [
    {
      "id": 0,
      "shape": "triangle",
      "size": "large",
      "color": "yellow",
      "center": [
        114,
        85
      ],
      "bbox": {
        "x_min": 79,
        "y_min": 45,
        "x_max": 148,
        "y_max": 105
      }
    },
    {
      "id": 1,
      "shape": "rectangle",
      "size": "small",
      "color": "green",
      "center": [
        164,
        159
      ],
      "bbox": {
        "x_min": 154,
        "y_min": 144,
        "x_max": 174,
        "y_max": 174
      }
    }
  ],
  "relations": [
    {
      "subject_id": 0,
      "object_id": 1,
      "relation": "below",
      "explicit": false
    }
  ]
}