{
  "image_id": 586,
  "image_filename": "image_00586.png",
  "num_entities": 3,
  "entities": [
    {
      "id": 0,
      "shape": "rectangle",
      "size": "small",
      "color": "yellow",
      "center": [
        119,
        173
      ],
      "bbox": {
        "x_min": 109,
        "y_min": 158,
        "x_max": 129,
        "y_max": 188
      }
    },
    {
      "id": 1,
      "shape": "triangle",
      "size": "large",
      "color": "blue",
      "center": [
        127,
        80
      ],
      "bbox": {
        "x_min": 92,
        "y_min": 40,
        "x_max": 161,
        "y_max": 100
      }
    },
    {
      "id": 2,
      "shape": "square",
      "size": "medium",
      "color": "magenta",
      "center": [
        51,
        112
      ],
      "bbox": {
        "x_min": 21,
        "y_min": 82,
        "x_max": 81,
        "y_max": 142
      }
    }
  ],
  "relations": [
    {
      "subject_id": 0,
      "object_id": 1,
      "relation": "above",
      "explicit": false
    },
    {
      "subject_id": 0,
      "object_id": 2,
      "relation": "left_of",
      "explicit": false
    },
    {
      "subject_id": 1,
      "object_id": 2,
      "relation": "left_of",
      "explicit": true
    }
  ]
}