{
  "image_id": 845,
  "image_filename": "image_00845.png",
  "num_entities": 2,
  "entities": [
    {
      "id": 0,
      "shape": "circle",
      "size": "medium",
      "color": "green",
      "center": [
        72,
        98
      ],
      "bbox": {
        "x_min": 42,
        "y_min": 68,
        "x_max": 102,
        "y_max": 128
      }
    },
    {
      "id": 1,
      "shape": "square",
      "size": "medium",
      "color": "purple",
      "center": [
        153,
        66
      ],
      "bbox": {
        "x_min": 123,
        "y_min": 36,
        "x_max": 183,
        "y_max": 96
      }
    }
  ],
  "relations": [
    {
      "subject_id": 0,
      "object_id": 1,
      "relation": "right_of",
      "explicit": true
    }
  ]
}