{
  "image_id": 712,
  "image_filename": "image_00712.png",
  "num_entities": 4,
  "entities": [
    {
      "id": 0,
      "shape": "triangle",
      "size": "large",
      "color": "yellow",
      "center": [
        64,
        65
      ],
      "bbox": {
        "x_min": 29,
        "y_min": 25,
        "x_max": 98,
        "y_max": 85
      }
    },
    {
      "id": 1,
      "shape": "circle",
      "size": "large",
      "color": "cyan",
      "center": [
        174,
        168
      ],
      "bbox": {
        "x_min": 134,
        "y_min": 128,
        "x_max": 214,
        "y_max": 208
      }
    },
    {
      "id": 2,
      "shape": "square",
      "size": "medium",
      "color": "cyan",
      "center": [
        171,
        80
      ],
      "bbox": {
        "x_min": 141,
        "y_min": 50,
        "x_max": 201,
        "y_max": 110
      }
    },
    {
      "id": 3,
      "shape": "triangle",
      "size": "medium",
      "color": "blue",
      "center": [
        80,
        165
      ],
      "bbox": {
        "x_min": 54,
        "y_min": 135,
        "x_max": 105,
        "y_max": 180
      }
    }
  ],
  "relations": [
    {
      "subject_id": 0,
      "object_id": 1,
      "relation": "right_of",
      "explicit": false
    },
    {
      "subject_id": 0,
      "object_id": 2,
      "relation": "right_of",
      "explicit": true
    },
    {
      "subject_id": 0,
      "object_id": 3,
      "relation": "below",
      "explicit": false
    },
    {
      "subject_id": 1,
      "object_id": 2,
      "relation": "above",
      "explicit": true
    },
    {
      "subject_id": 1,
      "object_id": 3,
      "relation": "left_of",
      "explicit": true
    },
    {
      "subject_id": 2,
      "object_id": 3,
      "relation": "left_of",
      "explicit": false
    }
  ]
}