{
  "image_id": 467,
  "image_filename": "image_00467.png",
  "num_entities": 2,
  "entities": [
    {
      "id": 0,
      "shape": "circle",
      "size": "small",
      "color": "green",
      "center": [
        150,
        125
      ],
      "bbox": {
        "x_min": 130,
        "y_min": 105,
        "x_max": 170,
        "y_max": 145
      }
    },
    {
      "id": 1,
      "shape": "square",
      "size": "small",
      "color": "magenta",
      "center": [
        95,
        145
      ],
      "bbox": {
        "x_min": 75,
        "y_min": 125,
        "x_max": 115,
        "y_max": 165
      }
    }
  ],
  "relations": [
    {
      "subject_id": 0,
      "object_id": 1,
      "relation": "left_of",
      "explicit": false
    }
  ]
}