{
  "image_id": 305,
  "image_filename": "image_00305.png",
  "num_entities": 2,
  "entities": [
    {
      "id": 0,
      "shape": "triangle",
      "size": "large",
      "color": "cyan",
      "center": [
        160,
        106
      ],
      "bbox": {
        "x_min": 125,
        "y_min": 66,
        "x_max": 194,
        "y_max": 126
      }
    },
    {
      "id": 1,
      "shape": "rectangle",
      "size": "small",
      "color": "yellow",
      "center": [
        59,
        92
      ],
      "bbox": {
        "x_min": 49,
        "y_min": 77,
        "x_max": 69,
        "y_max": 107
      }
    }
  ],
  "relations": [
    {
      "subject_id": 0,
      "object_id": 1,
      "relation": "left_of",
      "explicit": false
    }
  ]
}