{
  "image_id": 806,
  "image_filename": "image_00806.png",
  "num_entities": 3,
  "entities": [
    {
      "id": 0,
      "shape": "circle",
      "size": "medium",
      "color": "red",
      "center": [
        69,
        105
      ],
      "bbox": {
        "x_min": 39,
        "y_min": 75,
        "x_max": 99,
        "y_max": 135
      }
    },
    {
      "id": 1,
      "shape": "triangle",
      "size": "large",
      "color": "green",
      "center": [
        131,
        53
      ],
      "bbox": {
        "x_min": 96,
        "y_min": 13,
        "x_max": 165,
        "y_max": 73
      }
    },
    {
      "id": 2,
      "shape": "rectangle",
      "size": "large",
      "color": "cyan",
      "center": [
        120,
        169
      ],
      "bbox": {
        "x_min": 100,
        "y_min": 139,
        "x_max": 140,
        "y_max": 199
      }
    }
  ],
  "relations": [
    {
      "subject_id": 0,
      "object_id": 1,
      "relation": "right_of",
      "explicit": false
    },
    {
      "subject_id": 0,
      "object_id": 2,
      "relation": "below",
      "explicit": true
    },
    {
      "subject_id": 1,
      "object_id": 2,
      "relation": "below",
      "explicit": true
    }
  ]
}