{
  "image_id": 403,
  "image_filename": "image_00403.png",
  "num_entities": 3,
  "entities": [
    {
      "id": 0,
      "shape": "rectangle",
      "size": "medium",
      "color": "red",
      "center": [
        112,
        154
      ],
      "bbox": {
        "x_min": 97,
        "y_min": 132,
        "x_max": 127,
        "y_max": 176
      }
    },
    {
      "id": 1,
      "shape": "rectangle",
      "size": "medium",
      "color": "purple",
      "center": [
        55,
        61
      ],
      "bbox": {
        "x_min": 40,
        "y_min": 39,
        "x_max": 70,
        "y_max": 83
      }
    },
    {
      "id": 2,
      "shape": "square",
      "size": "small",
      "color": "cyan",
      "center": [
        155,
        99
      ],
      "bbox": {
        "x_min": 135,
        "y_min": 79,
        "x_max": 175,
        "y_max": 119
      }
    }
  ],
  "relations": [
    {
      "subject_id": 0,
      "object_id": 1,
      "relation": "above",
      "explicit": false
    },
    {
      "subject_id": 0,
      "object_id": 2,
      "relation": "above",
      "explicit": false
    },
    {
      "subject_id": 1,
      "object_id": 2,
      "relation": "right_of",
      "explicit": true
    }
  ]
}