{
  "image_id": 505,
  "image_filename": "image_00505.png",
  "num_entities": 3,
  "entities": [
    {
      "id": 0,
      "shape": "circle",
      "size": "small",
      "color": "yellow",
      "center": [
        161,
        86
      ],
      "bbox": {
        "x_min": 141,
        "y_min": 66,
        "x_max": 181,
        "y_max": 106
      }
    },
    {
      "id": 1,
      "shape": "triangle",
      "size": "large",
      "color": "purple",
      "center": [
        60,
        157
      ],
      "bbox": {
        "x_min": 25,
        "y_min": 117,
        "x_max": 94,
        "y_max": 177
      }
    },
    {
      "id": 2,
      "shape": "rectangle",
      "size": "medium",
      "color": "purple",
      "center": [
        93,
        64
      ],
      "bbox": {
        "x_min": 78,
        "y_min": 42,
        "x_max": 108,
        "y_max": 86
      }
    }
  ],
  "relations": [
    {
      "subject_id": 0,
      "object_id": 1,
      "relation": "left_of",
      "explicit": false
    },
    {
      "subject_id": 0,
      "object_id": 2,
      "relation": "left_of",
      "explicit": false
    },
    {
      "subject_id": 1,
      "object_id": 2,
      "relation": "above",
      "explicit": true
    }
  ]
}