{
  "image_id": 27,
  "image_filename": "image_00027.png",
  "num_entities": 3,
  "entities": [
    {
      "id": 0,
      "shape": "square",
      "size": "medium",
      "color": "magenta",
      "center": [
        123,
        59
      ],
      "bbox": {
        "x_min": 93,
        "y_min": 29,
        "x_max": 153,
        "y_max": 89
      }
    },
    {
      "id": 1,
      "shape": "circle",
      "size": "medium",
      "color": "cyan",
      "center": [
        139,
        156
      ],
      "bbox": {
        "x_min": 109,
        "y_min": 126,
        "x_max": 169,
        "y_max": 186
      }
    },
    {
      "id": 2,
      "shape": "square",
      "size": "large",
      "color": "yellow",
      "center": [
        58,
        163
      ],
      "bbox": {
        "x_min": 18,
        "y_min": 123,
        "x_max": 98,
        "y_max": 203
      }
    }
  ],
  "relations": [
    {
      "subject_id": 0,
      "object_id": 1,
      "relation": "below",
      "explicit": false
    },
    {
      "subject_id": 0,
      "object_id": 2,
      "relation": "below",
      "explicit": false
    },
    {
      "subject_id": 1,
      "object_id": 2,
      "relation": "left_of",
      "explicit": false
    }
  ]
}