{
  "image_id": 895,
  "image_filename": "image_00895.png",
  "num_entities": 4,
  "entities": [
    {
      "id": 0,
      "shape": "rectangle",
      "size": "large",
      "color": "red",
      "center": [
        168,
        53
      ],
      "bbox": {
        "x_min": 148,
        "y_min": 23,
        "x_max": 188,
        "y_max": 83
      }
    },
    {
      "id": 1,
      "shape": "square",
      "size": "small",
      "color": "orange",
      "center": [
        88,
        69
      ],
      "bbox": {
        "x_min": 68,
        "y_min": 49,
        "x_max": 108,
        "y_max": 89
      }
    },
    {
      "id": 2,
      "shape": "circle",
      "size": "medium",
      "color": "purple",
      "center": [
        144,
        166
      ],
      "bbox": {
        "x_min": 114,
        "y_min": 136,
        "x_max": 174,
        "y_max": 196
      }
    },
    {
      "id": 3,
      "shape": "triangle",
      "size": "medium",
      "color": "green",
      "center": [
        54,
        125
      ],
      "bbox": {
        "x_min": 28,
        "y_min": 95,
        "x_max": 79,
        "y_max": 140
      }
    }
  ],
  "relations": [
    {
      "subject_id": 0,
      "object_id": 1,
      "relation": "left_of",
      "explicit": true
    },
    {
      "subject_id": 0,
      "object_id": 2,
      "relation": "below",
      "explicit": true
    },
    {
      "subject_id": 0,
      "object_id": 3,
      "relation": "left_of",
      "explicit": false
    },
    {
      "subject_id": 1,
      "object_id": 2,
      "relation": "below",
      "explicit": false
    },
    {
      "subject_id": 1,
      "object_id": 3,
      "relation": "below",
      "explicit": true
    },
    {
      "subject_id": 2,
      "object_id": 3,
      "relation": "left_of",
      "explicit": true
    }
  ]
}