{
  "image_id": 641,
  "image_filename": "image_00641.png",
  "num_entities": 3,
  "entities": [
    {
      "id": 0,
      "shape": "square",
      "size": "large",
      "color": "yellow",
      "center": [
        115,
        105
      ],
      "bbox": {
        "x_min": 75,
        "y_min": 65,
        "x_max": 155,
        "y_max": 145
      }
    },
    {
      "id": 1,
      "shape": "triangle",
      "size": "small",
      "color": "yellow",
      "center": [
        50,
        66
      ],
      "bbox": {
        "x_min": 32,
        "y_min": 46,
        "x_max": 67,
        "y_max": 76
      }
    },
    {
      "id": 2,
      "shape": "circle",
      "size": "small",
      "color": "yellow",
      "center": [
        74,
        167
      ],
      "bbox": {
        "x_min": 54,
        "y_min": 147,
        "x_max": 94,
        "y_max": 187
      }
    }
  ],
  "relations": [
    {
      "subject_id": 0,
      "object_id": 1,
      "relation": "left_of",
      "explicit": true
    },
    {
      "subject_id": 0,
      "object_id": 2,
      "relation": "below",
      "explicit": true
    },
    {
      "subject_id": 1,
      "object_id": 2,
      "relation": "below",
      "explicit": true
    }
  ]
}