{
  "image_id": 877,
  "image_filename": "image_00877.png",
  "num_entities": 2,
  "entities": [
    {
      "id": 0,
      "shape": "rectangle",
      "size": "medium",
      "color": "yellow",
      "center": [
        67,
        77
      ],
      "bbox": {
        "x_min": 52,
        "y_min": 55,
        "x_max": 82,
        "y_max": 99
      }
    },
    {
      "id": 1,
      "shape": "circle",
      "size": "medium",
      "color": "blue",
      "center": [
        162,
        170
      ],
      "bbox": {
        "x_min": 132,
        "y_min": 140,
        "x_max": 192,
        "y_max": 200
      }
    }
  ],
  "relations": [
    {
      "subject_id": 0,
      "object_id": 1,
      "relation": "right_of",
      "explicit": false
    }
  ]
}