{
  "image_id": 932,
  "image_filename": "image_00932.png",
  "num_entities": 3,
  "entities": [
    {
      "id": 0,
      "shape": "circle",
      "size": "small",
      "color": "yellow",
      "center": [
        117,
        84
      ],
      "bbox": {
        "x_min": 97,
        "y_min": 64,
        "x_max": 137,
        "y_max": 104
      }
    },
    {
      "id": 1,
      "shape": "triangle",
      "size": "large",
      "color": "orange",
      "center": [
        116,
        167
      ],
      "bbox": {
        "x_min": 81,
        "y_min": 127,
        "x_max": 150,
        "y_max": 187
      }
    },
    {
      "id": 2,
      "shape": "triangle",
      "size": "small",
      "color": "orange",
      "center": [
        172,
        59
      ],
      "bbox": {
        "x_min": 154,
        "y_min": 39,
        "x_max": 189,
        "y_max": 69
      }
    }
  ],
  "relations": [
    {
      "subject_id": 0,
      "object_id": 1,
      "relation": "below",
      "explicit": false
    },
    {
      "subject_id": 0,
      "object_id": 2,
      "relation": "right_of",
      "explicit": false
    },
    {
      "subject_id": 1,
      "object_id": 2,
      "relation": "above",
      "explicit": true
    }
  ]
}