{
  "image_id": 122,
  "image_filename": "image_00122.png",
  "num_entities": 3,
  "entities": [
    {
      "id": 0,
      "shape": "triangle",
      "size": "small",
      "color": "green",
      "center": [
        138,
        76
      ],
      "bbox": {
        "x_min": 120,
        "y_min": 56,
        "x_max": 155,
        "y_max": 86
      }
    },
    {
      "id": 1,
      "shape": "circle",
      "size": "small",
      "color": "purple",
      "center": [
        131,
        169
      ],
      "bbox": {
        "x_min": 111,
        "y_min": 149,
        "x_max": 151,
        "y_max": 189
      }
    },
    {
      "id": 2,
      "shape": "circle",
      "size": "medium",
      "color": "magenta",
      "center": [
        80,
        131
      ],
      "bbox": {
        "x_min": 50,
        "y_min": 101,
        "x_max": 110,
        "y_max": 161
      }
    }
  ],
  "relations": [
    {
      "subject_id": 0,
      "object_id": 1,
      "relation": "below",
      "explicit": true
    },
    {
      "subject_id": 0,
      "object_id": 2,
      "relation": "left_of",
      "explicit": true
    },
    {
      "subject_id": 1,
      "object_id": 2,
      "relation": "left_of",
      "explicit": true
    }
  ]
}