{
  "image_id": 189,
  "image_filename": "image_00189.png",
  "num_entities": 3,
  "entities": [
    {
      "id": 0,
      "shape": "triangle",
      "size": "small",
      "color": "blue",
      "center": [
        69,
        95
      ],
      "bbox": {
        "x_min": 51,
        "y_min": 75,
        "x_max": 86,
        "y_max": 105
      }
    },
    {
      "id": 1,
      "shape": "rectangle",
      "size": "small",
      "color": "yellow",
      "center": [
        172,
        170
      ],
      "bbox": {
        "x_min": 162,
        "y_min": 155,
        "x_max": 182,
        "y_max": 185
      }
    },
    {
      "id": 2,
      "shape": "square",
      "size": "medium",
      "color": "blue",
      "center": [
        161,
        51
      ],
      "bbox": {
        "x_min": 131,
        "y_min": 21,
        "x_max": 191,
        "y_max": 81
      }
    }
  ],
  "relations": [
    {
      "subject_id": 0,
      "object_id": 1,
      "relation": "right_of",
      "explicit": false
    },
    {
      "subject_id": 0,
      "object_id": 2,
      "relation": "right_of",
      "explicit": true
    },
    {
      "subject_id": 1,
      "object_id": 2,
      "relation": "above",
      "explicit": true
    }
  ]
}