{
  "image_id": 590,
  "image_filename": "image_00590.png",
  "num_entities": 3,
  "entities": [
    {
      "id": 0,
      "shape": "triangle",
      "size": "large",
      "color": "yellow",
      "center": [
        118,
        154
      ],
      "bbox": {
        "x_min": 83,
        "y_min": 114,
        "x_max": 152,
        "y_max": 174
      }
    },
    {
      "id": 1,
      "shape": "square",
      "size": "small",
      "color": "purple",
      "center": [
        56,
        72
      ],
      "bbox": {
        "x_min": 36,
        "y_min": 52,
        "x_max": 76,
        "y_max": 92
      }
    },
    {
      "id": 2,
      "shape": "circle",
      "size": "large",
      "color": "orange",
      "center": [
        156,
        72
      ],
      "bbox": {
        "x_min": 116,
        "y_min": 32,
        "x_max": 196,
        "y_max": 112
      }
    }
  ],
  "relations": [
    {
      "subject_id": 0,
      "object_id": 1,
      "relation": "above",
      "explicit": true
    },
    {
      "subject_id": 0,
      "object_id": 2,
      "relation": "above",
      "explicit": false
    },
    {
      "subject_id": 1,
      "object_id": 2,
      "relation": "right_of",
      "explicit": true
    }
  ]
}