{
  "image_id": 71,
  "image_filename": "image_00071.png",
  "num_entities": 3,
  "entities": [
    {
      "id": 0,
      "shape": "circle",
      "size": "large",
      "color": "cyan",
      "center": [
        70,
        87
      ],
      "bbox": {
        "x_min": 30,
        "y_min": 47,
        "x_max": 110,
        "y_max": 127
      }
    },
    {
      "id": 1,
      "shape": "rectangle",
      "size": "large",
      "color": "yellow",
      "center": [
        165,
        109
      ],
      "bbox": {
        "x_min": 145,
        "y_min": 79,
        "x_max": 185,
        "y_max": 139
      }
    },
    {
      "id": 2,
      "shape": "rectangle",
      "size": "small",
      "color": "orange",
      "center": [
        61,
        158
      ],
      "bbox": {
        "x_min": 51,
        "y_min": 143,
        "x_max": 71,
        "y_max": 173
      }
    }
  ],
  "relations": [
    {
      "subject_id": 0,
      "object_id": 1,
      "relation": "right_of",
      "explicit": false
    },
    {
      "subject_id": 0,
      "object_id": 2,
      "relation": "below",
      "explicit": true
    },
    {
      "subject_id": 1,
      "object_id": 2,
      "relation": "left_of",
      "explicit": false
    }
  ]
}