{
  "image_id": 714,
  "image_filename": "image_00714.png",
  "num_entities": 4,
  "entities": [
    {
      "id": 0,
      "shape": "triangle",
      "size": "small",
      "color": "green",
      "center": [
        150,
        53
      ],
      "bbox": {
        "x_min": 132,
        "y_min": 33,
        "x_max": 167,
        "y_max": 63
      }
    },
    {
      "id": 1,
      "shape": "circle",
      "size": "small",
      "color": "orange",
      "center": [
        139,
        107
      ],
      "bbox": {
        "x_min": 119,
        "y_min": 87,
        "x_max": 159,
        "y_max": 127
      }
    },
    {
      "id": 2,
      "shape": "square",
      "size": "medium",
      "color": "purple",
      "center": [
        76,
        117
      ],
      "bbox": {
        "x_min": 46,
        "y_min": 87,
        "x_max": 106,
        "y_max": 147
      }
    },
    {
      "id": 3,
      "shape": "circle",
      "size": "medium",
      "color": "magenta",
      "center": [
        142,
        167
      ],
      "bbox": {
        "x_min": 112,
        "y_min": 137,
        "x_max": 172,
        "y_max": 197
      }
    }
  ],
  "relations": [
    {
      "subject_id": 0,
      "object_id": 1,
      "relation": "below",
      "explicit": true
    },
    {
      "subject_id": 0,
      "object_id": 2,
      "relation": "left_of",
      "explicit": false
    },
    {
      "subject_id": 0,
      "object_id": 3,
      "relation": "below",
      "explicit": true
    },
    {
      "subject_id": 1,
      "object_id": 2,
      "relation": "left_of",
      "explicit": true
    },
    {
      "subject_id": 1,
      "object_id": 3,
      "relation": "below",
      "explicit": false
    },
    {
      "subject_id": 2,
      "object_id": 3,
      "relation": "right_of",
      "explicit": true
    }
  ]
}