{
  "image_id": 930,
  "image_filename": "image_00930.png",
  "num_entities": 4,
  "entities": [
    {
      "id": 0,
      "shape": "square",
      "size": "medium",
      "color": "purple",
      "center": [
        127,
        153
      ],
      "bbox": {
        "x_min": 97,
        "y_min": 123,
        "x_max": 157,
        "y_max": 183
      }
    },
    {
      "id": 1,
      "shape": "rectangle",
      "size": "medium",
      "color": "purple",
      "center": [
        56,
        50
      ],
      "bbox": {
        "x_min": 41,
        "y_min": 28,
        "x_max": 71,
        "y_max": 72
      }
    },
    {
      "id": 2,
      "shape": "square",
      "size": "small",
      "color": "purple",
      "center": [
        171,
        107
      ],
      "bbox": {
        "x_min": 151,
        "y_min": 87,
        "x_max": 191,
        "y_max": 127
      }
    },
    {
      "id": 3,
      "shape": "triangle",
      "size": "medium",
      "color": "red",
      "center": [
        134,
        50
      ],
      "bbox": {
        "x_min": 108,
        "y_min": 20,
        "x_max": 159,
        "y_max": 65
      }
    }
  ],
  "relations": [
    {
      "subject_id": 0,
      "object_id": 1,
      "relation": "above",
      "explicit": false
    },
    {
      "subject_id": 0,
      "object_id": 2,
      "relation": "above",
      "explicit": false
    },
    {
      "subject_id": 0,
      "object_id": 3,
      "relation": "above",
      "explicit": true
    },
    {
      "subject_id": 1,
      "object_id": 2,
      "relation": "right_of",
      "explicit": false
    },
    {
      "subject_id": 1,
      "object_id": 3,
      "relation": "right_of",
      "explicit": true
    },
    {
      "subject_id": 2,
      "object_id": 3,
      "relation": "above",
      "explicit": false
    }
  ]
}