{
  "image_id": 772,
  "image_filename": "image_00772.png",
  "num_entities": 2,
  "entities": [
    {
      "id": 0,
      "shape": "square",
      "size": "large",
      "color": "green",
      "center": [
        50,
        93
      ],
      "bbox": {
        "x_min": 10,
        "y_min": 53,
        "x_max": 90,
        "y_max": 133
      }
    },
    {
      "id": 1,
      "shape": "triangle",
      "size": "medium",
      "color": "blue",
      "center": [
        132,
        64
      ],
      "bbox": {
        "x_min": 106,
        "y_min": 34,
        "x_max": 157,
        "y_max": 79
      }
    }
  ],
  "relations": [
    {
      "subject_id": 0,
      "object_id": 1,
      "relation": "right_of",
      "explicit": false
    }
  ]
}