{
  "image_id": 483,
  "image_filename": "image_00483.png",
  "num_entities": 4,
  "entities": [
    {
      "id": 0,
      "shape": "rectangle",
      "size": "medium",
      "color": "orange",
      "center": [
        137,
        149
      ],
      "bbox": {
        "x_min": 122,
        "y_min": 127,
        "x_max": 152,
        "y_max": 171
      }
    },
    {
      "id": 1,
      "shape": "square",
      "size": "small",
      "color": "cyan",
      "center": [
        57,
        109
      ],
      "bbox": {
        "x_min": 37,
        "y_min": 89,
        "x_max": 77,
        "y_max": 129
      }
    },
    {
      "id": 2,
      "shape": "circle",
      "size": "large",
      "color": "green",
      "center": [
        124,
        56
      ],
      "bbox": {
        "x_min": 84,
        "y_min": 16,
        "x_max": 164,
        "y_max": 96
      }
    },
    {
      "id": 3,
      "shape": "rectangle",
      "size": "small",
      "color": "green",
      "center": [
        72,
        165
      ],
      "bbox": {
        "x_min": 62,
        "y_min": 150,
        "x_max": 82,
        "y_max": 180
      }
    }
  ],
  "relations": [
    {
      "subject_id": 0,
      "object_id": 1,
      "relation": "left_of",
      "explicit": true
    },
    {
      "subject_id": 0,
      "object_id": 2,
      "relation": "above",
      "explicit": false
    },
    {
      "subject_id": 0,
      "object_id": 3,
      "relation": "left_of",
      "explicit": false
    },
    {
      "subject_id": 1,
      "object_id": 2,
      "relation": "right_of",
      "explicit": true
    },
    {
      "subject_id": 1,
      "object_id": 3,
      "relation": "below",
      "explicit": false
    },
    {
      "subject_id": 2,
      "object_id": 3,
      "relation": "below",
      "explicit": true
    }
  ]
}