{
  "image_id": 447,
  "image_filename": "image_00447.png",
  "num_entities": 3,
  "entities": [
    {
      "id": 0,
      "shape": "triangle",
      "size": "small",
      "color": "magenta",
      "center": [
        82,
        58
      ],
      "bbox": {
        "x_min": 64,
        "y_min": 38,
        "x_max": 99,
        "y_max": 68
      }
    },
    {
      "id": 1,
      "shape": "rectangle",
      "size": "large",
      "color": "red",
      "center": [
        136,
        113
      ],
      "bbox": {
        "x_min": 116,
        "y_min": 83,
        "x_max": 156,
        "y_max": 143
      }
    },
    {
      "id": 2,
      "shape": "square",
      "size": "small",
      "color": "cyan",
      "center": [
        71,
        148
      ],
      "bbox": {
        "x_min": 51,
        "y_min": 128,
        "x_max": 91,
        "y_max": 168
      }
    }
  ],
  "relations": [
    {
      "subject_id": 0,
      "object_id": 1,
      "relation": "below",
      "explicit": false
    },
    {
      "subject_id": 0,
      "object_id": 2,
      "relation": "below",
      "explicit": false
    },
    {
      "subject_id": 1,
      "object_id": 2,
      "relation": "left_of",
      "explicit": true
    }
  ]
}