{
  "image_id": 396,
  "image_filename": "image_00396.png",
  "num_entities": 3,
  "entities": [
    {
      "id": 0,
      "shape": "triangle",
      "size": "small",
      "color": "cyan",
      "center": [
        149,
        63
      ],
      "bbox": {
        "x_min": 131,
        "y_min": 43,
        "x_max": 166,
        "y_max": 73
      }
    },
    {
      "id": 1,
      "shape": "square",
      "size": "large",
      "color": "orange",
      "center": [
        139,
        139
      ],
      "bbox": {
        "x_min": 99,
        "y_min": 99,
        "x_max": 179,
        "y_max": 179
      }
    },
    {
      "id": 2,
      "shape": "rectangle",
      "size": "medium",
      "color": "magenta",
      "center": [
        51,
        74
      ],
      "bbox": {
        "x_min": 36,
        "y_min": 52,
        "x_max": 66,
        "y_max": 96
      }
    }
  ],
  "relations": [
    {
      "subject_id": 0,
      "object_id": 1,
      "relation": "below",
      "explicit": true
    },
    {
      "subject_id": 0,
      "object_id": 2,
      "relation": "left_of",
      "explicit": false
    },
    {
      "subject_id": 1,
      "object_id": 2,
      "relation": "left_of",
      "explicit": false
    }
  ]
}