{
  "image_id": 321,
  "image_filename": "image_00321.png",
  "num_entities": 3,
  "entities": [
    {
      "id": 0,
      "shape": "rectangle",
      "size": "large",
      "color": "yellow",
      "center": [
        143,
        70
      ],
      "bbox": {
        "x_min": 123,
        "y_min": 40,
        "x_max": 163,
        "y_max": 100
      }
    },
    {
      "id": 1,
      "shape": "square",
      "size": "small",
      "color": "purple",
      "center": [
        53,
        50
      ],
      "bbox": {
        "x_min": 33,
        "y_min": 30,
        "x_max": 73,
        "y_max": 70
      }
    },
    {
      "id": 2,
      "shape": "rectangle",
      "size": "small",
      "color": "green",
      "center": [
        84,
        171
      ],
      "bbox": {
        "x_min": 74,
        "y_min": 156,
        "x_max": 94,
        "y_max": 186
      }
    }
  ],
  "relations": [
    {
      "subject_id": 0,
      "object_id": 1,
      "relation": "left_of",
      "explicit": true
    },
    {
      "subject_id": 0,
      "object_id": 2,
      "relation": "below",
      "explicit": false
    },
    {
      "subject_id": 1,
      "object_id": 2,
      "relation": "below",
      "explicit": true
    }
  ]
}