{
  "image_id": 518,
  "image_filename": "image_00518.png",
  "num_entities": 2,
  "entities": [
    {
      "id": 0,
      "shape": "square",
      "size": "large",
      "color": "purple",
      "center": [
        135,
        62
      ],
      "bbox": {
        "x_min": 95,
        "y_min": 22,
        "x_max": 175,
        "y_max": 102
      }
    },
    {
      "id": 1,
      "shape": "rectangle",
      "size": "small",
      "color": "orange",
      "center": [
        113,
        159
      ],
      "bbox": {
        "x_min": 103,
        "y_min": 144,
        "x_max": 123,
        "y_max": 174
      }
    }
  ],
  "relations": [
    {
      "subject_id": 0,
      "object_id": 1,
      "relation": "below",
      "explicit": false
    }
  ]
}