{
  "image_id": 702,
  "image_filename": "image_00702.png",
  "num_entities": 4,
  "entities": [
    {
      "id": 0,
      "shape": "square",
      "size": "small",
      "color": "magenta",
      "center": [
        73,
        153
      ],
      "bbox": {
        "x_min": 53,
        "y_min": 133,
        "x_max": 93,
        "y_max": 173
      }
    },
    {
      "id": 1,
      "shape": "square",
      "size": "medium",
      "color": "purple",
      "center": [
        163,
        100
      ],
      "bbox": {
        "x_min": 133,
        "y_min": 70,
        "x_max": 193,
        "y_max": 130
      }
    },
    {
      "id": 2,
      "shape": "rectangle",
      "size": "medium",
      "color": "green",
      "center": [
        101,
        59
      ],
      "bbox": {
        "x_min": 86,
        "y_min": 37,
        "x_max": 116,
        "y_max": 81
      }
    },
    {
      "id": 3,
      "shape": "rectangle",
      "size": "small",
      "color": "cyan",
      "center": [
        163,
        165
      ],
      "bbox": {
        "x_min": 153,
        "y_min": 150,
        "x_max": 173,
        "y_max": 180
      }
    }
  ],
  "relations": [
    {
      "subject_id": 0,
      "object_id": 1,
      "relation": "right_of",
      "explicit": false
    },
    {
      "subject_id": 0,
      "object_id": 2,
      "relation": "above",
      "explicit": true
    },
    {
      "subject_id": 0,
      "object_id": 3,
      "relation": "right_of",
      "explicit": false
    },
    {
      "subject_id": 1,
      "object_id": 2,
      "relation": "left_of",
      "explicit": true
    },
    {
      "subject_id": 1,
      "object_id": 3,
      "relation": "below",
      "explicit": true
    },
    {
      "subject_id": 2,
      "object_id": 3,
      "relation": "below",
      "explicit": true
    }
  ]
}