{
  "image_id": 851,
  "image_filename": "image_00851.png",
  "num_entities": 4,
  "entities": [
    {
      "id": 0,
      "shape": "triangle",
      "size": "small",
      "color": "purple",
      "center": [
        64,
        54
      ],
      "bbox": {
        "x_min": 46,
        "y_min": 34,
        "x_max": 81,
        "y_max": 64
      }
    },
    {
      "id": 1,
      "shape": "triangle",
      "size": "small",
      "color": "yellow",
      "center": [
        141,
        89
      ],
      "bbox": {
        "x_min": 123,
        "y_min": 69,
        "x_max": 158,
        "y_max": 99
      }
    },
    {
      "id": 2,
      "shape": "square",
      "size": "large",
      "color": "orange",
      "center": [
        78,
        172
      ],
      "bbox": {
        "x_min": 38,
        "y_min": 132,
        "x_max": 118,
        "y_max": 212
      }
    },
    {
      "id": 3,
      "shape": "square",
      "size": "small",
      "color": "red",
      "center": [
        148,
        149
      ],
      "bbox": {
        "x_min": 128,
        "y_min": 129,
        "x_max": 168,
        "y_max": 169
      }
    }
  ],
  "relations": [
    {
      "subject_id": 0,
      "object_id": 1,
      "relation": "right_of",
      "explicit": false
    },
    {
      "subject_id": 0,
      "object_id": 2,
      "relation": "below",
      "explicit": true
    },
    {
      "subject_id": 0,
      "object_id": 3,
      "relation": "below",
      "explicit": false
    },
    {
      "subject_id": 1,
      "object_id": 2,
      "relation": "below",
      "explicit": true
    },
    {
      "subject_id": 1,
      "object_id": 3,
      "relation": "below",
      "explicit": true
    },
    {
      "subject_id": 2,
      "object_id": 3,
      "relation": "right_of",
      "explicit": false
    }
  ]
}