{
  "image_id": 624,
  "image_filename": "image_00624.png",
  "num_entities": 3,
  "entities": [
    {
      "id": 0,
      "shape": "square",
      "size": "large",
      "color": "cyan",
      "center": [
        72,
        75
      ],
      "bbox": {
        "x_min": 32,
        "y_min": 35,
        "x_max": 112,
        "y_max": 115
      }
    },
    {
      "id": 1,
      "shape": "triangle",
      "size": "large",
      "color": "green",
      "center": [
        113,
        161
      ],
      "bbox": {
        "x_min": 78,
        "y_min": 121,
        "x_max": 147,
        "y_max": 181
      }
    },
    {
      "id": 2,
      "shape": "circle",
      "size": "small",
      "color": "magenta",
      "center": [
        142,
        81
      ],
      "bbox": {
        "x_min": 122,
        "y_min": 61,
        "x_max": 162,
        "y_max": 101
      }
    }
  ],
  "relations": [
    {
      "subject_id": 0,
      "object_id": 1,
      "relation": "below",
      "explicit": false
    },
    {
      "subject_id": 0,
      "object_id": 2,
      "relation": "right_of",
      "explicit": true
    },
    {
      "subject_id": 1,
      "object_id": 2,
      "relation": "above",
      "explicit": true
    }
  ]
}