{
  "image_id": 228,
  "image_filename": "image_00228.png",
  "num_entities": 2,
  "entities": [
    {
      "id": 0,
      "shape": "triangle",
      "size": "large",
      "color": "red",
      "center": [
        54,
        107
      ],
      "bbox": {
        "x_min": 19,
        "y_min": 67,
        "x_max": 88,
        "y_max": 127
      }
    },
    {
      "id": 1,
      "shape": "triangle",
      "size": "large",
      "color": "orange",
      "center": [
        147,
        160
      ],
      "bbox": {
        "x_min": 112,
        "y_min": 120,
        "x_max": 181,
        "y_max": 180
      }
    }
  ],
  "relations": [
    {
      "subject_id": 0,
      "object_id": 1,
      "relation": "right_of",
      "explicit": true
    }
  ]
}