{
  "image_id": 495,
  "image_filename": "image_00495.png",
  "num_entities": 4,
  "entities": [
    {
      "id": 0,
      "shape": "square",
      "size": "large",
      "color": "purple",
      "center": [
        159,
        85
      ],
      "bbox": {
        "x_min": 119,
        "y_min": 45,
        "x_max": 199,
        "y_max": 125
      }
    },
    {
      "id": 1,
      "shape": "rectangle",
      "size": "medium",
      "color": "orange",
      "center": [
        86,
        144
      ],
      "bbox": {
        "x_min": 71,
        "y_min": 122,
        "x_max": 101,
        "y_max": 166
      }
    },
    {
      "id": 2,
      "shape": "triangle",
      "size": "medium",
      "color": "red",
      "center": [
        66,
        52
      ],
      "bbox": {
        "x_min": 40,
        "y_min": 22,
        "x_max": 91,
        "y_max": 67
      }
    },
    {
      "id": 3,
      "shape": "triangle",
      "size": "small",
      "color": "cyan",
      "center": [
        155,
        171
      ],
      "bbox": {
        "x_min": 137,
        "y_min": 151,
        "x_max": 172,
        "y_max": 181
      }
    }
  ],
  "relations": [
    {
      "subject_id": 0,
      "object_id": 1,
      "relation": "left_of",
      "explicit": true
    },
    {
      "subject_id": 0,
      "object_id": 2,
      "relation": "left_of",
      "explicit": true
    },
    {
      "subject_id": 0,
      "object_id": 3,
      "relation": "below",
      "explicit": false
    },
    {
      "subject_id": 1,
      "object_id": 2,
      "relation": "above",
      "explicit": true
    },
    {
      "subject_id": 1,
      "object_id": 3,
      "relation": "right_of",
      "explicit": false
    },
    {
      "subject_id": 2,
      "object_id": 3,
      "relation": "below",
      "explicit": true
    }
  ]
}