{
  "image_id": 504,
  "image_filename": "image_00504.png",
  "num_entities": 3,
  "entities": [
    {
      "id": 0,
      "shape": "square",
      "size": "small",
      "color": "orange",
      "center": [
        65,
        165
      ],
      "bbox": {
        "x_min": 45,
        "y_min": 145,
        "x_max": 85,
        "y_max": 185
      }
    },
    {
      "id": 1,
      "shape": "circle",
      "size": "large",
      "color": "blue",
      "center": [
        162,
        153
      ],
      "bbox": {
        "x_min": 122,
        "y_min": 113,
        "x_max": 202,
        "y_max": 193
      }
    },
    {
      "id": 2,
      "shape": "rectangle",
      "size": "medium",
      "color": "purple",
      "center": [
        61,
        81
      ],
      "bbox": {
        "x_min": 46,
        "y_min": 59,
        "x_max": 76,
        "y_max": 103
      }
    }
  ],
  "relations": [
    {
      "subject_id": 0,
      "object_id": 1,
      "relation": "right_of",
      "explicit": false
    },
    {
      "subject_id": 0,
      "object_id": 2,
      "relation": "above",
      "explicit": true
    },
    {
      "subject_id": 1,
      "object_id": 2,
      "relation": "left_of",
      "explicit": true
    }
  ]
}