{
  "image_id": 191,
  "image_filename": "image_00191.png",
  "num_entities": 3,
  "entities": [
    {
      "id": 0,
      "shape": "circle",
      "size": "large",
      "color": "red",
      "center": [
        61,
        114
      ],
      "bbox": {
        "x_min": 21,
        "y_min": 74,
        "x_max": 101,
        "y_max": 154
      }
    },
    {
      "id": 1,
      "shape": "rectangle",
      "size": "small",
      "color": "magenta",
      "center": [
        122,
        64
      ],
      "bbox": {
        "x_min": 112,
        "y_min": 49,
        "x_max": 132,
        "y_max": 79
      }
    },
    {
      "id": 2,
      "shape": "triangle",
      "size": "large",
      "color": "green",
      "center": [
        161,
        152
      ],
      "bbox": {
        "x_min": 126,
        "y_min": 112,
        "x_max": 195,
        "y_max": 172
      }
    }
  ],
  "relations": [
    {
      "subject_id": 0,
      "object_id": 1,
      "relation": "right_of",
      "explicit": true
    },
    {
      "subject_id": 0,
      "object_id": 2,
      "relation": "right_of",
      "explicit": true
    },
    {
      "subject_id": 1,
      "object_id": 2,
      "relation": "below",
      "explicit": false
    }
  ]
}