{
  "image_id": 489,
  "image_filename": "image_00489.png",
  "num_entities": 3,
  "entities": [
    {
      "id": 0,
      "shape": "square",
      "size": "large",
      "color": "yellow",
      "center": [
        80,
        132
      ],
      "bbox": {
        "x_min": 40,
        "y_min": 92,
        "x_max": 120,
        "y_max": 172
      }
    },
    {
      "id": 1,
      "shape": "triangle",
      "size": "large",
      "color": "blue",
      "center": [
        154,
        51
      ],
      "bbox": {
        "x_min": 119,
        "y_min": 11,
        "x_max": 188,
        "y_max": 71
      }
    },
    {
      "id": 2,
      "shape": "rectangle",
      "size": "small",
      "color": "red",
      "center": [
        170,
        167
      ],
      "bbox": {
        "x_min": 160,
        "y_min": 152,
        "x_max": 180,
        "y_max": 182
      }
    }
  ],
  "relations": [
    {
      "subject_id": 0,
      "object_id": 1,
      "relation": "above",
      "explicit": false
    },
    {
      "subject_id": 0,
      "object_id": 2,
      "relation": "right_of",
      "explicit": false
    },
    {
      "subject_id": 1,
      "object_id": 2,
      "relation": "below",
      "explicit": true
    }
  ]
}