{
  "image_id": 262,
  "image_filename": "image_00262.png",
  "num_entities": 2,
  "entities": [
    {
      "id": 0,
      "shape": "rectangle",
      "size": "large",
      "color": "blue",
      "center": [
        106,
        82
      ],
      "bbox": {
        "x_min": 86,
        "y_min": 52,
        "x_max": 126,
        "y_max": 112
      }
    },
    {
      "id": 1,
      "shape": "triangle",
      "size": "small",
      "color": "blue",
      "center": [
        121,
        155
      ],
      "bbox": {
        "x_min": 103,
        "y_min": 135,
        "x_max": 138,
        "y_max": 165
      }
    }
  ],
  "relations": [
    {
      "subject_id": 0,
      "object_id": 1,
      "relation": "below",
      "explicit": false
    }
  ]
}