{
  "image_id": 550,
  "image_filename": "image_00550.png",
  "num_entities": 3,
  "entities": [
    {
      "id": 0,
      "shape": "triangle",
      "size": "large",
      "color": "red",
      "center": [
        110,
        87
      ],
      "bbox": {
        "x_min": 75,
        "y_min": 47,
        "x_max": 144,
        "y_max": 107
      }
    },
    {
      "id": 1,
      "shape": "triangle",
      "size": "medium",
      "color": "purple",
      "center": [
        168,
        148
      ],
      "bbox": {
        "x_min": 142,
        "y_min": 118,
        "x_max": 193,
        "y_max": 163
      }
    },
    {
      "id": 2,
      "shape": "triangle",
      "size": "small",
      "color": "orange",
      "center": [
        55,
        169
      ],
      "bbox": {
        "x_min": 37,
        "y_min": 149,
        "x_max": 72,
        "y_max": 179
      }
    }
  ],
  "relations": [
    {
      "subject_id": 0,
      "object_id": 1,
      "relation": "below",
      "explicit": true
    },
    {
      "subject_id": 0,
      "object_id": 2,
      "relation": "below",
      "explicit": false
    },
    {
      "subject_id": 1,
      "object_id": 2,
      "relation": "left_of",
      "explicit": false
    }
  ]
}