{
  "image_id": 830,
  "image_filename": "image_00830.png",
  "num_entities": 2,
  "entities": [
    {
      "id": 0,
      "shape": "triangle",
      "size": "large",
      "color": "green",
      "center": [
        100,
        88
      ],
      "bbox": {
        "x_min": 65,
        "y_min": 48,
        "x_max": 134,
        "y_max": 108
      }
    },
    {
      "id": 1,
      "shape": "square",
      "size": "medium",
      "color": "green",
      "center": [
        118,
        167
      ],
      "bbox": {
        "x_min": 88,
        "y_min": 137,
        "x_max": 148,
        "y_max": 197
      }
    }
  ],
  "relations": [
    {
      "subject_id": 0,
      "object_id": 1,
      "relation": "below",
      "explicit": true
    }
  ]
}