{
  "image_id": 295,
  "image_filename": "image_00295.png",
  "num_entities": 3,
  "entities": [
    {
      "id": 0,
      "shape": "triangle",
      "size": "medium",
      "color": "purple",
      "center": [
        143,
        168
      ],
      "bbox": {
        "x_min": 117,
        "y_min": 138,
        "x_max": 168,
        "y_max": 183
      }
    },
    {
      "id": 1,
      "shape": "square",
      "size": "small",
      "color": "magenta",
      "center": [
        156,
        83
      ],
      "bbox": {
        "x_min": 136,
        "y_min": 63,
        "x_max": 176,
        "y_max": 103
      }
    },
    {
      "id": 2,
      "shape": "square",
      "size": "large",
      "color": "cyan",
      "center": [
        56,
        111
      ],
      "bbox": {
        "x_min": 16,
        "y_min": 71,
        "x_max": 96,
        "y_max": 151
      }
    }
  ],
  "relations": [
    {
      "subject_id": 0,
      "object_id": 1,
      "relation": "above",
      "explicit": true
    },
    {
      "subject_id": 0,
      "object_id": 2,
      "relation": "left_of",
      "explicit": false
    },
    {
      "subject_id": 1,
      "object_id": 2,
      "relation": "left_of",
      "explicit": true
    }
  ]
}