{
  "image_id": 435,
  "image_filename": "image_00435.png",
  "num_entities": 3,
  "entities": [
    {
      "id": 0,
      "shape": "triangle",
      "size": "large",
      "color": "green",
      "center": [
        150,
        70
      ],
      "bbox": {
        "x_min": 115,
        "y_min": 30,
        "x_max": 184,
        "y_max": 90
      }
    },
    {
      "id": 1,
      "shape": "circle",
      "size": "medium",
      "color": "blue",
      "center": [
        61,
        66
      ],
      "bbox": {
        "x_min": 31,
        "y_min": 36,
        "x_max": 91,
        "y_max": 96
      }
    },
    {
      "id": 2,
      "shape": "triangle",
      "size": "large",
      "color": "yellow",
      "center": [
        157,
        169
      ],
      "bbox": {
        "x_min": 122,
        "y_min": 129,
        "x_max": 191,
        "y_max": 189
      }
    }
  ],
  "relations": [
    {
      "subject_id": 0,
      "object_id": 1,
      "relation": "left_of",
      "explicit": true
    },
    {
      "subject_id": 0,
      "object_id": 2,
      "relation": "below",
      "explicit": false
    },
    {
      "subject_id": 1,
      "object_id": 2,
      "relation": "below",
      "explicit": false
    }
  ]
}