{
  "image_id": 477,
  "image_filename": "image_00477.png",
  "num_entities": 4,
  "entities": [
    {
      "id": 0,
      "shape": "triangle",
      "size": "large",
      "color": "orange",
      "center": [
        171,
        70
      ],
      "bbox": {
        "x_min": 136,
        "y_min": 30,
        "x_max": 205,
        "y_max": 90
      }
    },
    {
      "id": 1,
      "shape": "rectangle",
      "size": "medium",
      "color": "red",
      "center": [
        61,
        161
      ],
      "bbox": {
        "x_min": 46,
        "y_min": 139,
        "x_max": 76,
        "y_max": 183
      }
    },
    {
      "id": 2,
      "shape": "rectangle",
      "size": "medium",
      "color": "magenta",
      "center": [
        59,
        91
      ],
      "bbox": {
        "x_min": 44,
        "y_min": 69,
        "x_max": 74,
        "y_max": 113
      }
    },
    {
      "id": 3,
      "shape": "rectangle",
      "size": "small",
      "color": "cyan",
      "center": [
        133,
        166
      ],
      "bbox": {
        "x_min": 123,
        "y_min": 151,
        "x_max": 143,
        "y_max": 181
      }
    }
  ],
  "relations": [
    {
      "subject_id": 0,
      "object_id": 1,
      "relation": "left_of",
      "explicit": true
    },
    {
      "subject_id": 0,
      "object_id": 2,
      "relation": "left_of",
      "explicit": true
    },
    {
      "subject_id": 0,
      "object_id": 3,
      "relation": "below",
      "explicit": false
    },
    {
      "subject_id": 1,
      "object_id": 2,
      "relation": "above",
      "explicit": false
    },
    {
      "subject_id": 1,
      "object_id": 3,
      "relation": "right_of",
      "explicit": false
    },
    {
      "subject_id": 2,
      "object_id": 3,
      "relation": "below",
      "explicit": true
    }
  ]
}