{
  "image_id": 297,
  "image_filename": "image_00297.png",
  "num_entities": 2,
  "entities": [
    {
      "id": 0,
      "shape": "circle",
      "size": "medium",
      "color": "magenta",
      "center": [
        168,
        95
      ],
      "bbox": {
        "x_min": 138,
        "y_min": 65,
        "x_max": 198,
        "y_max": 125
      }
    },
    {
      "id": 1,
      "shape": "square",
      "size": "medium",
      "color": "blue",
      "center": [
        90,
        156
      ],
      "bbox": {
        "x_min": 60,
        "y_min": 126,
        "x_max": 120,
        "y_max": 186
      }
    }
  ],
  "relations": [
    {
      "subject_id": 0,
      "object_id": 1,
      "relation": "left_of",
      "explicit": true
    }
  ]
}