{
  "image_id": 396,
  "image_filename": "image_00396.png",
  "num_entities": 2,
  "entities": [
    {
      "id": 0,
      "shape": "rectangle",
      "size": "large",
      "color": "magenta",
      "center": [
        73,
        103
      ],
      "bbox": {
        "x_min": 53,
        "y_min": 73,
        "x_max": 93,
        "y_max": 133
      }
    },
    {
      "id": 1,
      "shape": "circle",
      "size": "small",
      "color": "orange",
      "center": [
        53,
        174
      ],
      "bbox": {
        "x_min": 33,
        "y_min": 154,
        "x_max": 73,
        "y_max": 194
      }
    }
  ],
  "relations": [
    {
      "subject_id": 0,
      "object_id": 1,
      "relation": "below",
      "explicit": false
    }
  ]
}