{
  "image_id": 273,
  "image_filename": "image_00273.png",
  "num_entities": 2,
  "entities": [
    {
      "id": 0,
      "shape": "rectangle",
      "size": "medium",
      "color": "magenta",
      "center": [
        162,
        140
      ],
      "bbox": {
        "x_min": 147,
        "y_min": 118,
        "x_max": 177,
        "y_max": 162
      }
    },
    {
      "id": 1,
      "shape": "square",
      "size": "medium",
      "color": "blue",
      "center": [
        78,
        107
      ],
      "bbox": {
        "x_min": 48,
        "y_min": 77,
        "x_max": 108,
        "y_max": 137
      }
    }
  ],
  "relations": [
    {
      "subject_id": 0,
      "object_id": 1,
      "relation": "left_of",
      "explicit": false
    }
  ]
}