{
  "image_id": 840,
  "image_filename": "image_00840.png",
  "num_entities": 2,
  "entities": [
    {
      "id": 0,
      "shape": "circle",
      "size": "small",
      "color": "green",
      "center": [
        173,
        71
      ],
      "bbox": {
        "x_min": 153,
        "y_min": 51,
        "x_max": 193,
        "y_max": 91
      }
    },
    {
      "id": 1,
      "shape": "rectangle",
      "size": "medium",
      "color": "green",
      "center": [
        171,
        152
      ],
      "bbox": {
        "x_min": 156,
        "y_min": 130,
        "x_max": 186,
        "y_max": 174
      }
    }
  ],
  "relations": [
    {
      "subject_id": 0,
      "object_id": 1,
      "relation": "below",
      "explicit": true
    }
  ]
}