{
  "image_id": 419,
  "image_filename": "image_00419.png",
  "num_entities": 2,
  "entities": [
    {
      "id": 0,
      "shape": "rectangle",
      "size": "medium",
      "color": "green",
      "center": [
        141,
        52
      ],
      "bbox": {
        "x_min": 126,
        "y_min": 30,
        "x_max": 156,
        "y_max": 74
      }
    },
    {
      "id": 1,
      "shape": "rectangle",
      "size": "large",
      "color": "yellow",
      "center": [
        156,
        149
      ],
      "bbox": {
        "x_min": 136,
        "y_min": 119,
        "x_max": 176,
        "y_max": 179
      }
    }
  ],
  "relations": [
    {
      "subject_id": 0,
      "object_id": 1,
      "relation": "below",
      "explicit": false
    }
  ]
}