{
  "image_id": 690,
  "image_filename": "image_00690.png",
  "num_entities": 4,
  "entities": [
    {
      "id": 0,
      "shape": "square",
      "size": "medium",
      "color": "blue",
      "center": [
        98,
        59
      ],
      "bbox": {
        "x_min": 68,
        "y_min": 29,
        "x_max": 128,
        "y_max": 89
      }
    },
    {
      "id": 1,
      "shape": "square",
      "size": "large",
      "color": "blue",
      "center": [
        58,
        132
      ],
      "bbox": {
        "x_min": 18,
        "y_min": 92,
        "x_max": 98,
        "y_max": 172
      }
    },
    {
      "id": 2,
      "shape": "circle",
      "size": "large",
      "color": "blue",
      "center": [
        164,
        154
      ],
      "bbox": {
        "x_min": 124,
        "y_min": 114,
        "x_max": 204,
        "y_max": 194
      }
    },
    {
      "id": 3,
      "shape": "square",
      "size": "small",
      "color": "green",
      "center": [
        167,
        60
      ],
      "bbox": {
        "x_min": 147,
        "y_min": 40,
        "x_max": 187,
        "y_max": 80
      }
    }
  ],
  "relations": [
    {
      "subject_id": 0,
      "object_id": 1,
      "relation": "below",
      "explicit": false
    },
    {
      "subject_id": 0,
      "object_id": 2,
      "relation": "below",
      "explicit": true
    },
    {
      "subject_id": 0,
      "object_id": 3,
      "relation": "right_of",
      "explicit": true
    },
    {
      "subject_id": 1,
      "object_id": 2,
      "relation": "right_of",
      "explicit": false
    },
    {
      "subject_id": 1,
      "object_id": 3,
      "relation": "right_of",
      "explicit": false
    },
    {
      "subject_id": 2,
      "object_id": 3,
      "relation": "above",
      "explicit": true
    }
  ]
}