{
  "image_id": 345,
  "image_filename": "image_00345.png",
  "num_entities": 3,
  "entities": [
    {
      "id": 0,
      "shape": "rectangle",
      "size": "medium",
      "color": "yellow",
      "center": [
        123,
        133
      ],
      "bbox": {
        "x_min": 108,
        "y_min": 111,
        "x_max": 138,
        "y_max": 155
      }
    },
    {
      "id": 1,
      "shape": "triangle",
      "size": "large",
      "color": "orange",
      "center": [
        52,
        72
      ],
      "bbox": {
        "x_min": 17,
        "y_min": 32,
        "x_max": 86,
        "y_max": 92
      }
    },
    {
      "id": 2,
      "shape": "triangle",
      "size": "small",
      "color": "blue",
      "center": [
        153,
        67
      ],
      "bbox": {
        "x_min": 135,
        "y_min": 47,
        "x_max": 170,
        "y_max": 77
      }
    }
  ],
  "relations": [
    {
      "subject_id": 0,
      "object_id": 1,
      "relation": "left_of",
      "explicit": false
    },
    {
      "subject_id": 0,
      "object_id": 2,
      "relation": "above",
      "explicit": false
    },
    {
      "subject_id": 1,
      "object_id": 2,
      "relation": "right_of",
      "explicit": false
    }
  ]
}