{
  "image_id": 74,
  "image_filename": "image_00074.png",
  "num_entities": 4,
  "entities": [
    {
      "id": 0,
      "shape": "triangle",
      "size": "large",
      "color": "blue",
      "center": [
        99,
        139
      ],
      "bbox": {
        "x_min": 64,
        "y_min": 99,
        "x_max": 133,
        "y_max": 159
      }
    },
    {
      "id": 1,
      "shape": "rectangle",
      "size": "large",
      "color": "yellow",
      "center": [
        67,
        50
      ],
      "bbox": {
        "x_min": 47,
        "y_min": 20,
        "x_max": 87,
        "y_max": 80
      }
    },
    {
      "id": 2,
      "shape": "rectangle",
      "size": "medium",
      "color": "purple",
      "center": [
        157,
        63
      ],
      "bbox": {
        "x_min": 142,
        "y_min": 41,
        "x_max": 172,
        "y_max": 85
      }
    },
    {
      "id": 3,
      "shape": "square",
      "size": "small",
      "color": "purple",
      "center": [
        171,
        171
      ],
      "bbox": {
        "x_min": 151,
        "y_min": 151,
        "x_max": 191,
        "y_max": 191
      }
    }
  ],
  "relations": [
    {
      "subject_id": 0,
      "object_id": 1,
      "relation": "above",
      "explicit": true
    },
    {
      "subject_id": 0,
      "object_id": 2,
      "relation": "above",
      "explicit": false
    },
    {
      "subject_id": 0,
      "object_id": 3,
      "relation": "right_of",
      "explicit": false
    },
    {
      "subject_id": 1,
      "object_id": 2,
      "relation": "right_of",
      "explicit": false
    },
    {
      "subject_id": 1,
      "object_id": 3,
      "relation": "below",
      "explicit": true
    },
    {
      "subject_id": 2,
      "object_id": 3,
      "relation": "below",
      "explicit": false
    }
  ]
}