{
  "image_id": 272,
  "image_filename": "image_00272.png",
  "num_entities": 2,
  "entities": [
    {
      "id": 0,
      "shape": "triangle",
      "size": "large",
      "color": "magenta",
      "center": [
        85,
        87
      ],
      "bbox": {
        "x_min": 50,
        "y_min": 47,
        "x_max": 119,
        "y_max": 107
      }
    },
    {
      "id": 1,
      "shape": "circle",
      "size": "medium",
      "color": "orange",
      "center": [
        149,
        145
      ],
      "bbox": {
        "x_min": 119,
        "y_min": 115,
        "x_max": 179,
        "y_max": 175
      }
    }
  ],
  "relations": [
    {
      "subject_id": 0,
      "object_id": 1,
      "relation": "right_of",
      "explicit": true
    }
  ]
}