{
  "image_id": 62,
  "image_filename": "image_00062.png",
  "num_entities": 4,
  "entities": [
    {
      "id": 0,
      "shape": "circle",
      "size": "small",
      "color": "yellow",
      "center": [
        136,
        154
      ],
      "bbox": {
        "x_min": 116,
        "y_min": 134,
        "x_max": 156,
        "y_max": 174
      }
    },
    {
      "id": 1,
      "shape": "triangle",
      "size": "medium",
      "color": "yellow",
      "center": [
        59,
        114
      ],
      "bbox": {
        "x_min": 33,
        "y_min": 84,
        "x_max": 84,
        "y_max": 129
      }
    },
    {
      "id": 2,
      "shape": "circle",
      "size": "large",
      "color": "yellow",
      "center": [
        147,
        78
      ],
      "bbox": {
        "x_min": 107,
        "y_min": 38,
        "x_max": 187,
        "y_max": 118
      }
    },
    {
      "id": 3,
      "shape": "triangle",
      "size": "small",
      "color": "red",
      "center": [
        76,
        52
      ],
      "bbox": {
        "x_min": 58,
        "y_min": 32,
        "x_max": 93,
        "y_max": 62
      }
    }
  ],
  "relations": [
    {
      "subject_id": 0,
      "object_id": 1,
      "relation": "left_of",
      "explicit": true
    },
    {
      "subject_id": 0,
      "object_id": 2,
      "relation": "above",
      "explicit": false
    },
    {
      "subject_id": 0,
      "object_id": 3,
      "relation": "above",
      "explicit": true
    },
    {
      "subject_id": 1,
      "object_id": 2,
      "relation": "right_of",
      "explicit": true
    },
    {
      "subject_id": 1,
      "object_id": 3,
      "relation": "above",
      "explicit": true
    },
    {
      "subject_id": 2,
      "object_id": 3,
      "relation": "left_of",
      "explicit": true
    }
  ]
}