{
  "image_id": 416,
  "image_filename": "image_00416.png",
  "num_entities": 3,
  "entities": [
    {
      "id": 0,
      "shape": "square",
      "size": "small",
      "color": "green",
      "center": [
        127,
        113
      ],
      "bbox": {
        "x_min": 107,
        "y_min": 93,
        "x_max": 147,
        "y_max": 133
      }
    },
    {
      "id": 1,
      "shape": "rectangle",
      "size": "medium",
      "color": "magenta",
      "center": [
        56,
        93
      ],
      "bbox": {
        "x_min": 41,
        "y_min": 71,
        "x_max": 71,
        "y_max": 115
      }
    },
    {
      "id": 2,
      "shape": "circle",
      "size": "small",
      "color": "blue",
      "center": [
        63,
        159
      ],
      "bbox": {
        "x_min": 43,
        "y_min": 139,
        "x_max": 83,
        "y_max": 179
      }
    }
  ],
  "relations": [
    {
      "subject_id": 0,
      "object_id": 1,
      "relation": "left_of",
      "explicit": false
    },
    {
      "subject_id": 0,
      "object_id": 2,
      "relation": "left_of",
      "explicit": true
    },
    {
      "subject_id": 1,
      "object_id": 2,
      "relation": "below",
      "explicit": false
    }
  ]
}