{
  "image_id": 867,
  "image_filename": "image_00867.png",
  "num_entities": 3,
  "entities": [
    {
      "id": 0,
      "shape": "triangle",
      "size": "small",
      "color": "green",
      "center": [
        110,
        97
      ],
      "bbox": {
        "x_min": 92,
        "y_min": 77,
        "x_max": 127,
        "y_max": 107
      }
    },
    {
      "id": 1,
      "shape": "rectangle",
      "size": "medium",
      "color": "yellow",
      "center": [
        77,
        150
      ],
      "bbox": {
        "x_min": 62,
        "y_min": 128,
        "x_max": 92,
        "y_max": 172
      }
    },
    {
      "id": 2,
      "shape": "rectangle",
      "size": "small",
      "color": "red",
      "center": [
        143,
        56
      ],
      "bbox": {
        "x_min": 133,
        "y_min": 41,
        "x_max": 153,
        "y_max": 71
      }
    }
  ],
  "relations": [
    {
      "subject_id": 0,
      "object_id": 1,
      "relation": "below",
      "explicit": true
    },
    {
      "subject_id": 0,
      "object_id": 2,
      "relation": "above",
      "explicit": true
    },
    {
      "subject_id": 1,
      "object_id": 2,
      "relation": "above",
      "explicit": false
    }
  ]
}