{
  "image_id": 189,
  "image_filename": "image_00189.png",
  "num_entities": 2,
  "entities": [
    {
      "id": 0,
      "shape": "rectangle",
      "size": "small",
      "color": "red",
      "center": [
        81,
        79
      ],
      "bbox": {
        "x_min": 71,
        "y_min": 64,
        "x_max": 91,
        "y_max": 94
      }
    },
    {
      "id": 1,
      "shape": "circle",
      "size": "large",
      "color": "yellow",
      "center": [
        132,
        174
      ],
      "bbox": {
        "x_min": 92,
        "y_min": 134,
        "x_max": 172,
        "y_max": 214
      }
    }
  ],
  "relations": [
    {
      "subject_id": 0,
      "object_id": 1,
      "relation": "below",
      "explicit": true
    }
  ]
}