{
  "image_id": 278,
  "image_filename": "image_00278.png",
  "num_entities": 3,
  "entities": [
    {
      "id": 0,
      "shape": "circle",
      "size": "small",
      "color": "red",
      "center": [
        136,
        139
      ],
      "bbox": {
        "x_min": 116,
        "y_min": 119,
        "x_max": 156,
        "y_max": 159
      }
    },
    {
      "id": 1,
      "shape": "rectangle",
      "size": "large",
      "color": "magenta",
      "center": [
        67,
        76
      ],
      "bbox": {
        "x_min": 47,
        "y_min": 46,
        "x_max": 87,
        "y_max": 106
      }
    },
    {
      "id": 2,
      "shape": "square",
      "size": "small",
      "color": "red",
      "center": [
        144,
        76
      ],
      "bbox": {
        "x_min": 124,
        "y_min": 56,
        "x_max": 164,
        "y_max": 96
      }
    }
  ],
  "relations": [
    {
      "subject_id": 0,
      "object_id": 1,
      "relation": "left_of",
      "explicit": false
    },
    {
      "subject_id": 0,
      "object_id": 2,
      "relation": "above",
      "explicit": false
    },
    {
      "subject_id": 1,
      "object_id": 2,
      "relation": "right_of",
      "explicit": true
    }
  ]
}