{
  "image_id": 392,
  "image_filename": "image_00392.png",
  "num_entities": 4,
  "entities": [
    {
      "id": 0,
      "shape": "rectangle",
      "size": "large",
      "color": "red",
      "center": [
        135,
        81
      ],
      "bbox": {
        "x_min": 115,
        "y_min": 51,
        "x_max": 155,
        "y_max": 111
      }
    },
    {
      "id": 1,
      "shape": "circle",
      "size": "large",
      "color": "cyan",
      "center": [
        62,
        165
      ],
      "bbox": {
        "x_min": 22,
        "y_min": 125,
        "x_max": 102,
        "y_max": 205
      }
    },
    {
      "id": 2,
      "shape": "triangle",
      "size": "medium",
      "color": "green",
      "center": [
        150,
        160
      ],
      "bbox": {
        "x_min": 124,
        "y_min": 130,
        "x_max": 175,
        "y_max": 175
      }
    },
    {
      "id": 3,
      "shape": "rectangle",
      "size": "medium",
      "color": "yellow",
      "center": [
        57,
        60
      ],
      "bbox": {
        "x_min": 42,
        "y_min": 38,
        "x_max": 72,
        "y_max": 82
      }
    }
  ],
  "relations": [
    {
      "subject_id": 0,
      "object_id": 1,
      "relation": "below",
      "explicit": false
    },
    {
      "subject_id": 0,
      "object_id": 2,
      "relation": "below",
      "explicit": true
    },
    {
      "subject_id": 0,
      "object_id": 3,
      "relation": "left_of",
      "explicit": false
    },
    {
      "subject_id": 1,
      "object_id": 2,
      "relation": "right_of",
      "explicit": false
    },
    {
      "subject_id": 1,
      "object_id": 3,
      "relation": "above",
      "explicit": false
    },
    {
      "subject_id": 2,
      "object_id": 3,
      "relation": "above",
      "explicit": false
    }
  ]
}