{
  "image_id": 5,
  "image_filename": "image_00005.png",
  "num_entities": 3,
  "entities": [
    {
      "id": 0,
      "shape": "square",
      "size": "large",
      "color": "magenta",
      "center": [
        136,
        136
      ],
      "bbox": {
        "x_min": 96,
        "y_min": 96,
        "x_max": 176,
        "y_max": 176
      }
    },
    {
      "id": 1,
      "shape": "rectangle",
      "size": "small",
      "color": "yellow",
      "center": [
        52,
        168
      ],
      "bbox": {
        "x_min": 42,
        "y_min": 153,
        "x_max": 62,
        "y_max": 183
      }
    },
    {
      "id": 2,
      "shape": "square",
      "size": "large",
      "color": "purple",
      "center": [
        97,
        52
      ],
      "bbox": {
        "x_min": 57,
        "y_min": 12,
        "x_max": 137,
        "y_max": 92
      }
    }
  ],
  "relations": [
    {
      "subject_id": 0,
      "object_id": 1,
      "relation": "left_of",
      "explicit": true
    },
    {
      "subject_id": 0,
      "object_id": 2,
      "relation": "above",
      "explicit": false
    },
    {
      "subject_id": 1,
      "object_id": 2,
      "relation": "above",
      "explicit": true
    }
  ]
}