{
  "image_id": 385,
  "image_filename": "image_00385.png",
  "num_entities": 4,
  "entities": [
    {
      "id": 0,
      "shape": "triangle",
      "size": "small",
      "color": "blue",
      "center": [
        64,
        87
      ],
      "bbox": {
        "x_min": 46,
        "y_min": 67,
        "x_max": 81,
        "y_max": 97
      }
    },
    {
      "id": 1,
      "shape": "circle",
      "size": "small",
      "color": "magenta",
      "center": [
        150,
        111
      ],
      "bbox": {
        "x_min": 130,
        "y_min": 91,
        "x_max": 170,
        "y_max": 131
      }
    },
    {
      "id": 2,
      "shape": "rectangle",
      "size": "small",
      "color": "blue",
      "center": [
        158,
        174
      ],
      "bbox": {
        "x_min": 148,
        "y_min": 159,
        "x_max": 168,
        "y_max": 189
      }
    },
    {
      "id": 3,
      "shape": "rectangle",
      "size": "medium",
      "color": "cyan",
      "center": [
        66,
        166
      ],
      "bbox": {
        "x_min": 51,
        "y_min": 144,
        "x_max": 81,
        "y_max": 188
      }
    }
  ],
  "relations": [
    {
      "subject_id": 0,
      "object_id": 1,
      "relation": "right_of",
      "explicit": true
    },
    {
      "subject_id": 0,
      "object_id": 2,
      "relation": "right_of",
      "explicit": true
    },
    {
      "subject_id": 0,
      "object_id": 3,
      "relation": "below",
      "explicit": true
    },
    {
      "subject_id": 1,
      "object_id": 2,
      "relation": "below",
      "explicit": true
    },
    {
      "subject_id": 1,
      "object_id": 3,
      "relation": "left_of",
      "explicit": true
    },
    {
      "subject_id": 2,
      "object_id": 3,
      "relation": "left_of",
      "explicit": false
    }
  ]
}