{
  "image_id": 315,
  "image_filename": "image_00315.png",
  "num_entities": 3,
  "entities": [
    {
      "id": 0,
      "shape": "circle",
      "size": "large",
      "color": "orange",
      "center": [
        118,
        142
      ],
      "bbox": {
        "x_min": 78,
        "y_min": 102,
        "x_max": 158,
        "y_max": 182
      }
    },
    {
      "id": 1,
      "shape": "square",
      "size": "large",
      "color": "blue",
      "center": [
        94,
        52
      ],
      "bbox": {
        "x_min": 54,
        "y_min": 12,
        "x_max": 134,
        "y_max": 92
      }
    },
    {
      "id": 2,
      "shape": "rectangle",
      "size": "small",
      "color": "orange",
      "center": [
        166,
        86
      ],
      "bbox": {
        "x_min": 156,
        "y_min": 71,
        "x_max": 176,
        "y_max": 101
      }
    }
  ],
  "relations": [
    {
      "subject_id": 0,
      "object_id": 1,
      "relation": "above",
      "explicit": false
    },
    {
      "subject_id": 0,
      "object_id": 2,
      "relation": "above",
      "explicit": false
    },
    {
      "subject_id": 1,
      "object_id": 2,
      "relation": "right_of",
      "explicit": true
    }
  ]
}