{
  "image_id": 602,
  "image_filename": "image_00602.png",
  "num_entities": 4,
  "entities": [
    {
      "id": 0,
      "shape": "square",
      "size": "large",
      "color": "blue",
      "center": [
        147,
        71
      ],
      "bbox": {
        "x_min": 107,
        "y_min": 31,
        "x_max": 187,
        "y_max": 111
      }
    },
    {
      "id": 1,
      "shape": "triangle",
      "size": "small",
      "color": "red",
      "center": [
        87,
        139
      ],
      "bbox": {
        "x_min": 69,
        "y_min": 119,
        "x_max": 104,
        "y_max": 149
      }
    },
    {
      "id": 2,
      "shape": "circle",
      "size": "small",
      "color": "green",
      "center": [
        50,
        86
      ],
      "bbox": {
        "x_min": 30,
        "y_min": 66,
        "x_max": 70,
        "y_max": 106
      }
    },
    {
      "id": 3,
      "shape": "circle",
      "size": "large",
      "color": "purple",
      "center": [
        163,
        172
      ],
      "bbox": {
        "x_min": 123,
        "y_min": 132,
        "x_max": 203,
        "y_max": 212
      }
    }
  ],
  "relations": [
    {
      "subject_id": 0,
      "object_id": 1,
      "relation": "below",
      "explicit": true
    },
    {
      "subject_id": 0,
      "object_id": 2,
      "relation": "left_of",
      "explicit": true
    },
    {
      "subject_id": 0,
      "object_id": 3,
      "relation": "below",
      "explicit": false
    },
    {
      "subject_id": 1,
      "object_id": 2,
      "relation": "above",
      "explicit": true
    },
    {
      "subject_id": 1,
      "object_id": 3,
      "relation": "right_of",
      "explicit": true
    },
    {
      "subject_id": 2,
      "object_id": 3,
      "relation": "right_of",
      "explicit": true
    }
  ]
}