{
  "image_id": 122,
  "image_filename": "image_00122.png",
  "num_entities": 2,
  "entities": [
    {
      "id": 0,
      "shape": "rectangle",
      "size": "small",
      "color": "cyan",
      "center": [
        172,
        123
      ],
      "bbox": {
        "x_min": 162,
        "y_min": 108,
        "x_max": 182,
        "y_max": 138
      }
    },
    {
      "id": 1,
      "shape": "circle",
      "size": "large",
      "color": "yellow",
      "center": [
        87,
        168
      ],
      "bbox": {
        "x_min": 47,
        "y_min": 128,
        "x_max": 127,
        "y_max": 208
      }
    }
  ],
  "relations": [
    {
      "subject_id": 0,
      "object_id": 1,
      "relation": "left_of",
      "explicit": false
    }
  ]
}