{
  "image_id": 324,
  "image_filename": "image_00324.png",
  "num_entities": 3,
  "entities": [
    {
      "id": 0,
      "shape": "square",
      "size": "small",
      "color": "red",
      "center": [
        160,
        52
      ],
      "bbox": {
        "x_min": 140,
        "y_min": 32,
        "x_max": 180,
        "y_max": 72
      }
    },
    {
      "id": 1,
      "shape": "triangle",
      "size": "large",
      "color": "red",
      "center": [
        146,
        162
      ],
      "bbox": {
        "x_min": 111,
        "y_min": 122,
        "x_max": 180,
        "y_max": 182
      }
    },
    {
      "id": 2,
      "shape": "rectangle",
      "size": "large",
      "color": "purple",
      "center": [
        62,
        95
      ],
      "bbox": {
        "x_min": 42,
        "y_min": 65,
        "x_max": 82,
        "y_max": 125
      }
    }
  ],
  "relations": [
    {
      "subject_id": 0,
      "object_id": 1,
      "relation": "below",
      "explicit": true
    },
    {
      "subject_id": 0,
      "object_id": 2,
      "relation": "left_of",
      "explicit": false
    },
    {
      "subject_id": 1,
      "object_id": 2,
      "relation": "left_of",
      "explicit": false
    }
  ]
}