{
  "image_id": 61,
  "image_filename": "image_00061.png",
  "num_entities": 3,
  "entities": [
    {
      "id": 0,
      "shape": "triangle",
      "size": "medium",
      "color": "magenta",
      "center": [
        81,
        73
      ],
      "bbox": {
        "x_min": 55,
        "y_min": 43,
        "x_max": 106,
        "y_max": 88
      }
    },
    {
      "id": 1,
      "shape": "rectangle",
      "size": "medium",
      "color": "cyan",
      "center": [
        152,
        130
      ],
      "bbox": {
        "x_min": 137,
        "y_min": 108,
        "x_max": 167,
        "y_max": 152
      }
    },
    {
      "id": 2,
      "shape": "circle",
      "size": "large",
      "color": "magenta",
      "center": [
        69,
        167
      ],
      "bbox": {
        "x_min": 29,
        "y_min": 127,
        "x_max": 109,
        "y_max": 207
      }
    }
  ],
  "relations": [
    {
      "subject_id": 0,
      "object_id": 1,
      "relation": "right_of",
      "explicit": false
    },
    {
      "subject_id": 0,
      "object_id": 2,
      "relation": "below",
      "explicit": false
    },
    {
      "subject_id": 1,
      "object_id": 2,
      "relation": "left_of",
      "explicit": true
    }
  ]
}