{
  "image_id": 573,
  "image_filename": "image_00573.png",
  "num_entities": 3,
  "entities": [
    {
      "id": 0,
      "shape": "square",
      "size": "small",
      "color": "purple",
      "center": [
        168,
        154
      ],
      "bbox": {
        "x_min": 148,
        "y_min": 134,
        "x_max": 188,
        "y_max": 174
      }
    },
    {
      "id": 1,
      "shape": "circle",
      "size": "small",
      "color": "blue",
      "center": [
        90,
        72
      ],
      "bbox": {
        "x_min": 70,
        "y_min": 52,
        "x_max": 110,
        "y_max": 92
      }
    },
    {
      "id": 2,
      "shape": "triangle",
      "size": "medium",
      "color": "orange",
      "center": [
        159,
        75
      ],
      "bbox": {
        "x_min": 133,
        "y_min": 45,
        "x_max": 184,
        "y_max": 90
      }
    }
  ],
  "relations": [
    {
      "subject_id": 0,
      "object_id": 1,
      "relation": "above",
      "explicit": true
    },
    {
      "subject_id": 0,
      "object_id": 2,
      "relation": "above",
      "explicit": false
    },
    {
      "subject_id": 1,
      "object_id": 2,
      "relation": "right_of",
      "explicit": true
    }
  ]
}