{
  "image_id": 793,
  "image_filename": "image_00793.png",
  "num_entities": 4,
  "entities": [
    {
      "id": 0,
      "shape": "square",
      "size": "large",
      "color": "purple",
      "center": [
        153,
        129
      ],
      "bbox": {
        "x_min": 113,
        "y_min": 89,
        "x_max": 193,
        "y_max": 169
      }
    },
    {
      "id": 1,
      "shape": "circle",
      "size": "small",
      "color": "magenta",
      "center": [
        76,
        125
      ],
      "bbox": {
        "x_min": 56,
        "y_min": 105,
        "x_max": 96,
        "y_max": 145
      }
    },
    {
      "id": 2,
      "shape": "rectangle",
      "size": "medium",
      "color": "red",
      "center": [
        131,
        51
      ],
      "bbox": {
        "x_min": 116,
        "y_min": 29,
        "x_max": 146,
        "y_max": 73
      }
    },
    {
      "id": 3,
      "shape": "square",
      "size": "medium",
      "color": "yellow",
      "center": [
        51,
        57
      ],
      "bbox": {
        "x_min": 21,
        "y_min": 27,
        "x_max": 81,
        "y_max": 87
      }
    }
  ],
  "relations": [
    {
      "subject_id": 0,
      "object_id": 1,
      "relation": "left_of",
      "explicit": true
    },
    {
      "subject_id": 0,
      "object_id": 2,
      "relation": "above",
      "explicit": false
    },
    {
      "subject_id": 0,
      "object_id": 3,
      "relation": "left_of",
      "explicit": false
    },
    {
      "subject_id": 1,
      "object_id": 2,
      "relation": "above",
      "explicit": true
    },
    {
      "subject_id": 1,
      "object_id": 3,
      "relation": "above",
      "explicit": true
    },
    {
      "subject_id": 2,
      "object_id": 3,
      "relation": "left_of",
      "explicit": false
    }
  ]
}