{
  "image_id": 451,
  "image_filename": "image_00451.png",
  "num_entities": 3,
  "entities": [
    {
      "id": 0,
      "shape": "circle",
      "size": "large",
      "color": "blue",
      "center": [
        111,
        140
      ],
      "bbox": {
        "x_min": 71,
        "y_min": 100,
        "x_max": 151,
        "y_max": 180
      }
    },
    {
      "id": 1,
      "shape": "rectangle",
      "size": "small",
      "color": "magenta",
      "center": [
        170,
        81
      ],
      "bbox": {
        "x_min": 160,
        "y_min": 66,
        "x_max": 180,
        "y_max": 96
      }
    },
    {
      "id": 2,
      "shape": "square",
      "size": "large",
      "color": "cyan",
      "center": [
        71,
        54
      ],
      "bbox": {
        "x_min": 31,
        "y_min": 14,
        "x_max": 111,
        "y_max": 94
      }
    }
  ],
  "relations": [
    {
      "subject_id": 0,
      "object_id": 1,
      "relation": "above",
      "explicit": false
    },
    {
      "subject_id": 0,
      "object_id": 2,
      "relation": "above",
      "explicit": false
    },
    {
      "subject_id": 1,
      "object_id": 2,
      "relation": "left_of",
      "explicit": true
    }
  ]
}