{
  "image_id": 403,
  "image_filename": "image_00403.png",
  "num_entities": 3,
  "entities": [
    {
      "id": 0,
      "shape": "rectangle",
      "size": "medium",
      "color": "blue",
      "center": [
        105,
        169
      ],
      "bbox": {
        "x_min": 90,
        "y_min": 147,
        "x_max": 120,
        "y_max": 191
      }
    },
    {
      "id": 1,
      "shape": "square",
      "size": "small",
      "color": "orange",
      "center": [
        100,
        77
      ],
      "bbox": {
        "x_min": 80,
        "y_min": 57,
        "x_max": 120,
        "y_max": 97
      }
    },
    {
      "id": 2,
      "shape": "square",
      "size": "small",
      "color": "cyan",
      "center": [
        167,
        74
      ],
      "bbox": {
        "x_min": 147,
        "y_min": 54,
        "x_max": 187,
        "y_max": 94
      }
    }
  ],
  "relations": [
    {
      "subject_id": 0,
      "object_id": 1,
      "relation": "above",
      "explicit": false
    },
    {
      "subject_id": 0,
      "object_id": 2,
      "relation": "above",
      "explicit": true
    },
    {
      "subject_id": 1,
      "object_id": 2,
      "relation": "right_of",
      "explicit": true
    }
  ]
}