{
  "image_id": 516,
  "image_filename": "image_00516.png",
  "num_entities": 4,
  "entities": [
    {
      "id": 0,
      "shape": "circle",
      "size": "medium",
      "color": "orange",
      "center": [
        163,
        170
      ],
      "bbox": {
        "x_min": 133,
        "y_min": 140,
        "x_max": 193,
        "y_max": 200
      }
    },
    {
      "id": 1,
      "shape": "circle",
      "size": "small",
      "color": "yellow",
      "center": [
        156,
        56
      ],
      "bbox": {
        "x_min": 136,
        "y_min": 36,
        "x_max": 176,
        "y_max": 76
      }
    },
    {
      "id": 2,
      "shape": "rectangle",
      "size": "large",
      "color": "yellow",
      "center": [
        61,
        158
      ],
      "bbox": {
        "x_min": 41,
        "y_min": 128,
        "x_max": 81,
        "y_max": 188
      }
    },
    {
      "id": 3,
      "shape": "square",
      "size": "large",
      "color": "red",
      "center": [
        73,
        64
      ],
      "bbox": {
        "x_min": 33,
        "y_min": 24,
        "x_max": 113,
        "y_max": 104
      }
    }
  ],
  "relations": [
    {
      "subject_id": 0,
      "object_id": 1,
      "relation": "above",
      "explicit": false
    },
    {
      "subject_id": 0,
      "object_id": 2,
      "relation": "left_of",
      "explicit": true
    },
    {
      "subject_id": 0,
      "object_id": 3,
      "relation": "above",
      "explicit": true
    },
    {
      "subject_id": 1,
      "object_id": 2,
      "relation": "below",
      "explicit": false
    },
    {
      "subject_id": 1,
      "object_id": 3,
      "relation": "left_of",
      "explicit": false
    },
    {
      "subject_id": 2,
      "object_id": 3,
      "relation": "above",
      "explicit": true
    }
  ]
}