{
  "image_id": 124,
  "image_filename": "image_00124.png",
  "num_entities": 2,
  "entities": [
    {
      "id": 0,
      "shape": "circle",
      "size": "large",
      "color": "purple",
      "center": [
        79,
        126
      ],
      "bbox": {
        "x_min": 39,
        "y_min": 86,
        "x_max": 119,
        "y_max": 166
      }
    },
    {
      "id": 1,
      "shape": "triangle",
      "size": "large",
      "color": "cyan",
      "center": [
        171,
        119
      ],
      "bbox": {
        "x_min": 136,
        "y_min": 79,
        "x_max": 205,
        "y_max": 139
      }
    }
  ],
  "relations": [
    {
      "subject_id": 0,
      "object_id": 1,
      "relation": "right_of",
      "explicit": false
    }
  ]
}