{
  "image_id": 564,
  "image_filename": "image_00564.png",
  "num_entities": 2,
  "entities": [
    {
      "id": 0,
      "shape": "triangle",
      "size": "small",
      "color": "yellow",
      "center": [
        88,
        160
      ],
      "bbox": {
        "x_min": 70,
        "y_min": 140,
        "x_max": 105,
        "y_max": 170
      }
    },
    {
      "id": 1,
      "shape": "rectangle",
      "size": "small",
      "color": "magenta",
      "center": [
        167,
        113
      ],
      "bbox": {
        "x_min": 157,
        "y_min": 98,
        "x_max": 177,
        "y_max": 128
      }
    }
  ],
  "relations": [
    {
      "subject_id": 0,
      "object_id": 1,
      "relation": "right_of",
      "explicit": false
    }
  ]
}