{
  "image_id": 457,
  "image_filename": "image_00457.png",
  "num_entities": 3,
  "entities": [
    {
      "id": 0,
      "shape": "triangle",
      "size": "large",
      "color": "orange",
      "center": [
        59,
        124
      ],
      "bbox": {
        "x_min": 24,
        "y_min": 84,
        "x_max": 93,
        "y_max": 144
      }
    },
    {
      "id": 1,
      "shape": "rectangle",
      "size": "medium",
      "color": "magenta",
      "center": [
        114,
        50
      ],
      "bbox": {
        "x_min": 99,
        "y_min": 28,
        "x_max": 129,
        "y_max": 72
      }
    },
    {
      "id": 2,
      "shape": "rectangle",
      "size": "medium",
      "color": "blue",
      "center": [
        174,
        163
      ],
      "bbox": {
        "x_min": 159,
        "y_min": 141,
        "x_max": 189,
        "y_max": 185
      }
    }
  ],
  "relations": [
    {
      "subject_id": 0,
      "object_id": 1,
      "relation": "above",
      "explicit": false
    },
    {
      "subject_id": 0,
      "object_id": 2,
      "relation": "right_of",
      "explicit": false
    },
    {
      "subject_id": 1,
      "object_id": 2,
      "relation": "below",
      "explicit": false
    }
  ]
}