{
  "image_id": 475,
  "image_filename": "image_00475.png",
  "num_entities": 2,
  "entities": [
    {
      "id": 0,
      "shape": "circle",
      "size": "medium",
      "color": "red",
      "center": [
        166,
        84
      ],
      "bbox": {
        "x_min": 136,
        "y_min": 54,
        "x_max": 196,
        "y_max": 114
      }
    },
    {
      "id": 1,
      "shape": "square",
      "size": "medium",
      "color": "red",
      "center": [
        142,
        154
      ],
      "bbox": {
        "x_min": 112,
        "y_min": 124,
        "x_max": 172,
        "y_max": 184
      }
    }
  ],
  "relations": [
    {
      "subject_id": 0,
      "object_id": 1,
      "relation": "below",
      "explicit": false
    }
  ]
}