{
  "image_id": 743,
  "image_filename": "image_00743.png",
  "num_entities": 2,
  "entities": [
    {
      "id": 0,
      "shape": "circle",
      "size": "large",
      "color": "purple",
      "center": [
        79,
        121
      ],
      "bbox": {
        "x_min": 39,
        "y_min": 81,
        "x_max": 119,
        "y_max": 161
      }
    },
    {
      "id": 1,
      "shape": "rectangle",
      "size": "medium",
      "color": "purple",
      "center": [
        162,
        79
      ],
      "bbox": {
        "x_min": 147,
        "y_min": 57,
        "x_max": 177,
        "y_max": 101
      }
    }
  ],
  "relations": [
    {
      "subject_id": 0,
      "object_id": 1,
      "relation": "right_of",
      "explicit": false
    }
  ]
}