{
  "image_id": 417,
  "image_filename": "image_00417.png",
  "num_entities": 3,
  "entities": [
    {
      "id": 0,
      "shape": "rectangle",
      "size": "medium",
      "color": "cyan",
      "center": [
        168,
        120
      ],
      "bbox": {
        "x_min": 153,
        "y_min": 98,
        "x_max": 183,
        "y_max": 142
      }
    },
    {
      "id": 1,
      "shape": "circle",
      "size": "small",
      "color": "yellow",
      "center": [
        110,
        165
      ],
      "bbox": {
        "x_min": 90,
        "y_min": 145,
        "x_max": 130,
        "y_max": 185
      }
    },
    {
      "id": 2,
      "shape": "rectangle",
      "size": "small",
      "color": "green",
      "center": [
        55,
        169
      ],
      "bbox": {
        "x_min": 45,
        "y_min": 154,
        "x_max": 65,
        "y_max": 184
      }
    }
  ],
  "relations": [
    {
      "subject_id": 0,
      "object_id": 1,
      "relation": "left_of",
      "explicit": true
    },
    {
      "subject_id": 0,
      "object_id": 2,
      "relation": "left_of",
      "explicit": true
    },
    {
      "subject_id": 1,
      "object_id": 2,
      "relation": "left_of",
      "explicit": true
    }
  ]
}