{
  "image_id": 578,
  "image_filename": "image_00578.png",
  "num_entities": 3,
  "entities": [
    {
      "id": 0,
      "shape": "triangle",
      "size": "large",
      "color": "magenta",
      "center": [
        68,
        85
      ],
      "bbox": {
        "x_min": 33,
        "y_min": 45,
        "x_max": 102,
        "y_max": 105
      }
    },
    {
      "id": 1,
      "shape": "square",
      "size": "medium",
      "color": "magenta",
      "center": [
        136,
        152
      ],
      "bbox": {
        "x_min": 106,
        "y_min": 122,
        "x_max": 166,
        "y_max": 182
      }
    },
    {
      "id": 2,
      "shape": "circle",
      "size": "small",
      "color": "blue",
      "center": [
        167,
        62
      ],
      "bbox": {
        "x_min": 147,
        "y_min": 42,
        "x_max": 187,
        "y_max": 82
      }
    }
  ],
  "relations": [
    {
      "subject_id": 0,
      "object_id": 1,
      "relation": "right_of",
      "explicit": true
    },
    {
      "subject_id": 0,
      "object_id": 2,
      "relation": "right_of",
      "explicit": false
    },
    {
      "subject_id": 1,
      "object_id": 2,
      "relation": "above",
      "explicit": false
    }
  ]
}