{
  "image_id": 163,
  "image_filename": "image_00163.png",
  "num_entities": 3,
  "entities": [
    {
      "id": 0,
      "shape": "rectangle",
      "size": "medium",
      "color": "purple",
      "center": [
        103,
        126
      ],
      "bbox": {
        "x_min": 88,
        "y_min": 104,
        "x_max": 118,
        "y_max": 148
      }
    },
    {
      "id": 1,
      "shape": "circle",
      "size": "small",
      "color": "green",
      "center": [
        132,
        64
      ],
      "bbox": {
        "x_min": 112,
        "y_min": 44,
        "x_max": 152,
        "y_max": 84
      }
    },
    {
      "id": 2,
      "shape": "square",
      "size": "small",
      "color": "magenta",
      "center": [
        53,
        77
      ],
      "bbox": {
        "x_min": 33,
        "y_min": 57,
        "x_max": 73,
        "y_max": 97
      }
    }
  ],
  "relations": [
    {
      "subject_id": 0,
      "object_id": 1,
      "relation": "above",
      "explicit": false
    },
    {
      "subject_id": 0,
      "object_id": 2,
      "relation": "left_of",
      "explicit": false
    },
    {
      "subject_id": 1,
      "object_id": 2,
      "relation": "left_of",
      "explicit": false
    }
  ]
}