{
  "image_id": 724,
  "image_filename": "image_00724.png",
  "num_entities": 4,
  "entities": [
    {
      "id": 0,
      "shape": "triangle",
      "size": "medium",
      "color": "purple",
      "center": [
        132,
        106
      ],
      "bbox": {
        "x_min": 106,
        "y_min": 76,
        "x_max": 157,
        "y_max": 121
      }
    },
    {
      "id": 1,
      "shape": "rectangle",
      "size": "medium",
      "color": "yellow",
      "center": [
        53,
        140
      ],
      "bbox": {
        "x_min": 38,
        "y_min": 118,
        "x_max": 68,
        "y_max": 162
      }
    },
    {
      "id": 2,
      "shape": "circle",
      "size": "small",
      "color": "blue",
      "center": [
        79,
        54
      ],
      "bbox": {
        "x_min": 59,
        "y_min": 34,
        "x_max": 99,
        "y_max": 74
      }
    },
    {
      "id": 3,
      "shape": "square",
      "size": "small",
      "color": "red",
      "center": [
        171,
        169
      ],
      "bbox": {
        "x_min": 151,
        "y_min": 149,
        "x_max": 191,
        "y_max": 189
      }
    }
  ],
  "relations": [
    {
      "subject_id": 0,
      "object_id": 1,
      "relation": "left_of",
      "explicit": true
    },
    {
      "subject_id": 0,
      "object_id": 2,
      "relation": "left_of",
      "explicit": true
    },
    {
      "subject_id": 0,
      "object_id": 3,
      "relation": "below",
      "explicit": true
    },
    {
      "subject_id": 1,
      "object_id": 2,
      "relation": "above",
      "explicit": true
    },
    {
      "subject_id": 1,
      "object_id": 3,
      "relation": "right_of",
      "explicit": false
    },
    {
      "subject_id": 2,
      "object_id": 3,
      "relation": "below",
      "explicit": true
    }
  ]
}