{
  "image_id": 993,
  "image_filename": "image_00993.png",
  "num_entities": 2,
  "entities": [
    {
      "id": 0,
      "shape": "circle",
      "size": "small",
      "color": "magenta",
      "center": [
        83,
        77
      ],
      "bbox": {
        "x_min": 63,
        "y_min": 57,
        "x_max": 103,
        "y_max": 97
      }
    },
    {
      "id": 1,
      "shape": "square",
      "size": "large",
      "color": "blue",
      "center": [
        109,
        157
      ],
      "bbox": {
        "x_min": 69,
        "y_min": 117,
        "x_max": 149,
        "y_max": 197
      }
    }
  ],
  "relations": [
    {
      "subject_id": 0,
      "object_id": 1,
      "relation": "below",
      "explicit": true
    }
  ]
}