{
  "image_id": 729,
  "image_filename": "image_00729.png",
  "num_entities": 3,
  "entities": [
    {
      "id": 0,
      "shape": "triangle",
      "size": "large",
      "color": "cyan",
      "center": [
        133,
        87
      ],
      "bbox": {
        "x_min": 98,
        "y_min": 47,
        "x_max": 167,
        "y_max": 107
      }
    },
    {
      "id": 1,
      "shape": "rectangle",
      "size": "large",
      "color": "purple",
      "center": [
        53,
        154
      ],
      "bbox": {
        "x_min": 33,
        "y_min": 124,
        "x_max": 73,
        "y_max": 184
      }
    },
    {
      "id": 2,
      "shape": "circle",
      "size": "medium",
      "color": "purple",
      "center": [
        167,
        169
      ],
      "bbox": {
        "x_min": 137,
        "y_min": 139,
        "x_max": 197,
        "y_max": 199
      }
    }
  ],
  "relations": [
    {
      "subject_id": 0,
      "object_id": 1,
      "relation": "left_of",
      "explicit": true
    },
    {
      "subject_id": 0,
      "object_id": 2,
      "relation": "below",
      "explicit": true
    },
    {
      "subject_id": 1,
      "object_id": 2,
      "relation": "right_of",
      "explicit": true
    }
  ]
}