{
  "image_id": 67,
  "image_filename": "image_00067.png",
  "num_entities": 3,
  "entities": [
    {
      "id": 0,
      "shape": "triangle",
      "size": "medium",
      "color": "orange",
      "center": [
        58,
        151
      ],
      "bbox": {
        "x_min": 32,
        "y_min": 121,
        "x_max": 83,
        "y_max": 166
      }
    },
    {
      "id": 1,
      "shape": "square",
      "size": "small",
      "color": "cyan",
      "center": [
        143,
        133
      ],
      "bbox": {
        "x_min": 123,
        "y_min": 113,
        "x_max": 163,
        "y_max": 153
      }
    },
    {
      "id": 2,
      "shape": "rectangle",
      "size": "medium",
      "color": "red",
      "center": [
        70,
        70
      ],
      "bbox": {
        "x_min": 55,
        "y_min": 48,
        "x_max": 85,
        "y_max": 92
      }
    }
  ],
  "relations": [
    {
      "subject_id": 0,
      "object_id": 1,
      "relation": "right_of",
      "explicit": true
    },
    {
      "subject_id": 0,
      "object_id": 2,
      "relation": "above",
      "explicit": true
    },
    {
      "subject_id": 1,
      "object_id": 2,
      "relation": "left_of",
      "explicit": true
    }
  ]
}