{
  "image_id": 54,
  "image_filename": "image_00054.png",
  "num_entities": 4,
  "entities": [
    {
      "id": 0,
      "shape": "circle",
      "size": "medium",
      "color": "magenta",
      "center": [
        136,
        125
      ],
      "bbox": {
        "x_min": 106,
        "y_min": 95,
        "x_max": 166,
        "y_max": 155
      }
    },
    {
      "id": 1,
      "shape": "square",
      "size": "small",
      "color": "magenta",
      "center": [
        173,
        53
      ],
      "bbox": {
        "x_min": 153,
        "y_min": 33,
        "x_max": 193,
        "y_max": 73
      }
    },
    {
      "id": 2,
      "shape": "rectangle",
      "size": "large",
      "color": "cyan",
      "center": [
        65,
        88
      ],
      "bbox": {
        "x_min": 45,
        "y_min": 58,
        "x_max": 85,
        "y_max": 118
      }
    },
    {
      "id": 3,
      "shape": "circle",
      "size": "medium",
      "color": "yellow",
      "center": [
        68,
        172
      ],
      "bbox": {
        "x_min": 38,
        "y_min": 142,
        "x_max": 98,
        "y_max": 202
      }
    }
  ],
  "relations": [
    {
      "subject_id": 0,
      "object_id": 1,
      "relation": "above",
      "explicit": true
    },
    {
      "subject_id": 0,
      "object_id": 2,
      "relation": "left_of",
      "explicit": true
    },
    {
      "subject_id": 0,
      "object_id": 3,
      "relation": "left_of",
      "explicit": true
    },
    {
      "subject_id": 1,
      "object_id": 2,
      "relation": "left_of",
      "explicit": false
    },
    {
      "subject_id": 1,
      "object_id": 3,
      "relation": "below",
      "explicit": false
    },
    {
      "subject_id": 2,
      "object_id": 3,
      "relation": "below",
      "explicit": false
    }
  ]
}