{
  "image_id": 476,
  "image_filename": "image_00476.png",
  "num_entities": 4,
  "entities": [
    {
      "id": 0,
      "shape": "square",
      "size": "large",
      "color": "orange",
      "center": [
        153,
        168
      ],
      "bbox": {
        "x_min": 113,
        "y_min": 128,
        "x_max": 193,
        "y_max": 208
      }
    },
    {
      "id": 1,
      "shape": "rectangle",
      "size": "medium",
      "color": "blue",
      "center": [
        61,
        155
      ],
      "bbox": {
        "x_min": 46,
        "y_min": 133,
        "x_max": 76,
        "y_max": 177
      }
    },
    {
      "id": 2,
      "shape": "circle",
      "size": "medium",
      "color": "red",
      "center": [
        151,
        68
      ],
      "bbox": {
        "x_min": 121,
        "y_min": 38,
        "x_max": 181,
        "y_max": 98
      }
    },
    {
      "id": 3,
      "shape": "triangle",
      "size": "large",
      "color": "blue",
      "center": [
        64,
        70
      ],
      "bbox": {
        "x_min": 29,
        "y_min": 30,
        "x_max": 98,
        "y_max": 90
      }
    }
  ],
  "relations": [
    {
      "subject_id": 0,
      "object_id": 1,
      "relation": "left_of",
      "explicit": true
    },
    {
      "subject_id": 0,
      "object_id": 2,
      "relation": "above",
      "explicit": true
    },
    {
      "subject_id": 0,
      "object_id": 3,
      "relation": "above",
      "explicit": true
    },
    {
      "subject_id": 1,
      "object_id": 2,
      "relation": "right_of",
      "explicit": true
    },
    {
      "subject_id": 1,
      "object_id": 3,
      "relation": "above",
      "explicit": true
    },
    {
      "subject_id": 2,
      "object_id": 3,
      "relation": "left_of",
      "explicit": true
    }
  ]
}