{
  "image_id": 169,
  "image_filename": "image_00169.png",
  "num_entities": 2,
  "entities": [
    {
      "id": 0,
      "shape": "square",
      "size": "small",
      "color": "purple",
      "center": [
        130,
        166
      ],
      "bbox": {
        "x_min": 110,
        "y_min": 146,
        "x_max": 150,
        "y_max": 186
      }
    },
    {
      "id": 1,
      "shape": "circle",
      "size": "small",
      "color": "cyan",
      "center": [
        170,
        133
      ],
      "bbox": {
        "x_min": 150,
        "y_min": 113,
        "x_max": 190,
        "y_max": 153
      }
    }
  ],
  "relations": [
    {
      "subject_id": 0,
      "object_id": 1,
      "relation": "right_of",
      "explicit": true
    }
  ]
}