{
  "image_id": 768,
  "image_filename": "image_00768.png",
  "num_entities": 2,
  "entities": [
    {
      "id": 0,
      "shape": "rectangle",
      "size": "large",
      "color": "green",
      "center": [
        89,
        109
      ],
      "bbox": {
        "x_min": 69,
        "y_min": 79,
        "x_max": 109,
        "y_max": 139
      }
    },
    {
      "id": 1,
      "shape": "circle",
      "size": "small",
      "color": "yellow",
      "center": [
        155,
        144
      ],
      "bbox": {
        "x_min": 135,
        "y_min": 124,
        "x_max": 175,
        "y_max": 164
      }
    }
  ],
  "relations": [
    {
      "subject_id": 0,
      "object_id": 1,
      "relation": "right_of",
      "explicit": false
    }
  ]
}