{
  "image_id": 761,
  "image_filename": "image_00761.png",
  "num_entities": 3,
  "entities": [
    {
      "id": 0,
      "shape": "square",
      "size": "large",
      "color": "yellow",
      "center": [
        116,
        164
      ],
      "bbox": {
        "x_min": 76,
        "y_min": 124,
        "x_max": 156,
        "y_max": 204
      }
    },
    {
      "id": 1,
      "shape": "circle",
      "size": "large",
      "color": "magenta",
      "center": [
        95,
        55
      ],
      "bbox": {
        "x_min": 55,
        "y_min": 15,
        "x_max": 135,
        "y_max": 95
      }
    },
    {
      "id": 2,
      "shape": "square",
      "size": "medium",
      "color": "orange",
      "center": [
        170,
        90
      ],
      "bbox": {
        "x_min": 140,
        "y_min": 60,
        "x_max": 200,
        "y_max": 120
      }
    }
  ],
  "relations": [
    {
      "subject_id": 0,
      "object_id": 1,
      "relation": "above",
      "explicit": false
    },
    {
      "subject_id": 0,
      "object_id": 2,
      "relation": "above",
      "explicit": false
    },
    {
      "subject_id": 1,
      "object_id": 2,
      "relation": "right_of",
      "explicit": false
    }
  ]
}