{
  "image_id": 121,
  "image_filename": "image_00121.png",
  "num_entities": 4,
  "entities": [
    {
      "id": 0,
      "shape": "rectangle",
      "size": "large",
      "color": "cyan",
      "center": [
        167,
        71
      ],
      "bbox": {
        "x_min": 147,
        "y_min": 41,
        "x_max": 187,
        "y_max": 101
      }
    },
    {
      "id": 1,
      "shape": "circle",
      "size": "medium",
      "color": "orange",
      "center": [
        141,
        165
      ],
      "bbox": {
        "x_min": 111,
        "y_min": 135,
        "x_max": 171,
        "y_max": 195
      }
    },
    {
      "id": 2,
      "shape": "square",
      "size": "large",
      "color": "blue",
      "center": [
        55,
        167
      ],
      "bbox": {
        "x_min": 15,
        "y_min": 127,
        "x_max": 95,
        "y_max": 207
      }
    },
    {
      "id": 3,
      "shape": "triangle",
      "size": "large",
      "color": "green",
      "center": [
        53,
        57
      ],
      "bbox": {
        "x_min": 18,
        "y_min": 17,
        "x_max": 87,
        "y_max": 77
      }
    }
  ],
  "relations": [
    {
      "subject_id": 0,
      "object_id": 1,
      "relation": "below",
      "explicit": false
    },
    {
      "subject_id": 0,
      "object_id": 2,
      "relation": "left_of",
      "explicit": false
    },
    {
      "subject_id": 0,
      "object_id": 3,
      "relation": "left_of",
      "explicit": false
    },
    {
      "subject_id": 1,
      "object_id": 2,
      "relation": "left_of",
      "explicit": false
    },
    {
      "subject_id": 1,
      "object_id": 3,
      "relation": "above",
      "explicit": true
    },
    {
      "subject_id": 2,
      "object_id": 3,
      "relation": "above",
      "explicit": false
    }
  ]
}