{
  "image_id": 720,
  "image_filename": "image_00720.png",
  "num_entities": 3,
  "entities": [
    {
      "id": 0,
      "shape": "circle",
      "size": "medium",
      "color": "red",
      "center": [
        112,
        66
      ],
      "bbox": {
        "x_min": 82,
        "y_min": 36,
        "x_max": 142,
        "y_max": 96
      }
    },
    {
      "id": 1,
      "shape": "circle",
      "size": "small",
      "color": "blue",
      "center": [
        131,
        150
      ],
      "bbox": {
        "x_min": 111,
        "y_min": 130,
        "x_max": 151,
        "y_max": 170
      }
    },
    {
      "id": 2,
      "shape": "rectangle",
      "size": "medium",
      "color": "magenta",
      "center": [
        50,
        141
      ],
      "bbox": {
        "x_min": 35,
        "y_min": 119,
        "x_max": 65,
        "y_max": 163
      }
    }
  ],
  "relations": [
    {
      "subject_id": 0,
      "object_id": 1,
      "relation": "below",
      "explicit": false
    },
    {
      "subject_id": 0,
      "object_id": 2,
      "relation": "below",
      "explicit": false
    },
    {
      "subject_id": 1,
      "object_id": 2,
      "relation": "left_of",
      "explicit": true
    }
  ]
}