{
  "image_id": 533,
  "image_filename": "image_00533.png",
  "num_entities": 2,
  "entities": [
    {
      "id": 0,
      "shape": "circle",
      "size": "medium",
      "color": "red",
      "center": [
        87,
        89
      ],
      "bbox": {
        "x_min": 57,
        "y_min": 59,
        "x_max": 117,
        "y_max": 119
      }
    },
    {
      "id": 1,
      "shape": "square",
      "size": "small",
      "color": "yellow",
      "center": [
        163,
        145
      ],
      "bbox": {
        "x_min": 143,
        "y_min": 125,
        "x_max": 183,
        "y_max": 165
      }
    }
  ],
  "relations": [
    {
      "subject_id": 0,
      "object_id": 1,
      "relation": "right_of",
      "explicit": true
    }
  ]
}