{
  "image_id": 912,
  "image_filename": "image_00912.png",
  "num_entities": 4,
  "entities": [
    {
      "id": 0,
      "shape": "circle",
      "size": "large",
      "color": "cyan",
      "center": [
        64,
        52
      ],
      "bbox": {
        "x_min": 24,
        "y_min": 12,
        "x_max": 104,
        "y_max": 92
      }
    },
    {
      "id": 1,
      "shape": "circle",
      "size": "large",
      "color": "orange",
      "center": [
        64,
        149
      ],
      "bbox": {
        "x_min": 24,
        "y_min": 109,
        "x_max": 104,
        "y_max": 189
      }
    },
    {
      "id": 2,
      "shape": "rectangle",
      "size": "medium",
      "color": "purple",
      "center": [
        173,
        171
      ],
      "bbox": {
        "x_min": 158,
        "y_min": 149,
        "x_max": 188,
        "y_max": 193
      }
    },
    {
      "id": 3,
      "shape": "circle",
      "size": "large",
      "color": "purple",
      "center": [
        158,
        56
      ],
      "bbox": {
        "x_min": 118,
        "y_min": 16,
        "x_max": 198,
        "y_max": 96
      }
    }
  ],
  "relations": [
    {
      "subject_id": 0,
      "object_id": 1,
      "relation": "below",
      "explicit": true
    },
    {
      "subject_id": 0,
      "object_id": 2,
      "relation": "below",
      "explicit": true
    },
    {
      "subject_id": 0,
      "object_id": 3,
      "relation": "right_of",
      "explicit": false
    },
    {
      "subject_id": 1,
      "object_id": 2,
      "relation": "right_of",
      "explicit": true
    },
    {
      "subject_id": 1,
      "object_id": 3,
      "relation": "right_of",
      "explicit": true
    },
    {
      "subject_id": 2,
      "object_id": 3,
      "relation": "above",
      "explicit": true
    }
  ]
}