{
  "image_id": 410,
  "image_filename": "image_00410.png",
  "num_entities": 2,
  "entities": [
    {
      "id": 0,
      "shape": "triangle",
      "size": "large",
      "color": "blue",
      "center": [
        135,
        143
      ],
      "bbox": {
        "x_min": 100,
        "y_min": 103,
        "x_max": 169,
        "y_max": 163
      }
    },
    {
      "id": 1,
      "shape": "triangle",
      "size": "small",
      "color": "blue",
      "center": [
        54,
        75
      ],
      "bbox": {
        "x_min": 36,
        "y_min": 55,
        "x_max": 71,
        "y_max": 85
      }
    }
  ],
  "relations": [
    {
      "subject_id": 0,
      "object_id": 1,
      "relation": "left_of",
      "explicit": true
    }
  ]
}