{
  "image_id": 365,
  "image_filename": "image_00365.png",
  "num_entities": 4,
  "entities": [
    {
      "id": 0,
      "shape": "rectangle",
      "size": "medium",
      "color": "green",
      "center": [
        162,
        168
      ],
      "bbox": {
        "x_min": 147,
        "y_min": 146,
        "x_max": 177,
        "y_max": 190
      }
    },
    {
      "id": 1,
      "shape": "triangle",
      "size": "small",
      "color": "red",
      "center": [
        52,
        156
      ],
      "bbox": {
        "x_min": 34,
        "y_min": 136,
        "x_max": 69,
        "y_max": 166
      }
    },
    {
      "id": 2,
      "shape": "square",
      "size": "small",
      "color": "cyan",
      "center": [
        83,
        77
      ],
      "bbox": {
        "x_min": 63,
        "y_min": 57,
        "x_max": 103,
        "y_max": 97
      }
    },
    {
      "id": 3,
      "shape": "rectangle",
      "size": "large",
      "color": "red",
      "center": [
        157,
        59
      ],
      "bbox": {
        "x_min": 137,
        "y_min": 29,
        "x_max": 177,
        "y_max": 89
      }
    }
  ],
  "relations": [
    {
      "subject_id": 0,
      "object_id": 1,
      "relation": "left_of",
      "explicit": true
    },
    {
      "subject_id": 0,
      "object_id": 2,
      "relation": "above",
      "explicit": false
    },
    {
      "subject_id": 0,
      "object_id": 3,
      "relation": "above",
      "explicit": false
    },
    {
      "subject_id": 1,
      "object_id": 2,
      "relation": "above",
      "explicit": false
    },
    {
      "subject_id": 1,
      "object_id": 3,
      "relation": "right_of",
      "explicit": true
    },
    {
      "subject_id": 2,
      "object_id": 3,
      "relation": "right_of",
      "explicit": true
    }
  ]
}