{
  "image_id": 786,
  "image_filename": "image_00786.png",
  "num_entities": 3,
  "entities": [
    {
      "id": 0,
      "shape": "circle",
      "size": "large",
      "color": "magenta",
      "center": [
        117,
        137
      ],
      "bbox": {
        "x_min": 77,
        "y_min": 97,
        "x_max": 157,
        "y_max": 177
      }
    },
    {
      "id": 1,
      "shape": "rectangle",
      "size": "large",
      "color": "purple",
      "center": [
        174,
        56
      ],
      "bbox": {
        "x_min": 154,
        "y_min": 26,
        "x_max": 194,
        "y_max": 86
      }
    },
    {
      "id": 2,
      "shape": "circle",
      "size": "large",
      "color": "red",
      "center": [
        68,
        54
      ],
      "bbox": {
        "x_min": 28,
        "y_min": 14,
        "x_max": 108,
        "y_max": 94
      }
    }
  ],
  "relations": [
    {
      "subject_id": 0,
      "object_id": 1,
      "relation": "above",
      "explicit": false
    },
    {
      "subject_id": 0,
      "object_id": 2,
      "relation": "above",
      "explicit": true
    },
    {
      "subject_id": 1,
      "object_id": 2,
      "relation": "left_of",
      "explicit": true
    }
  ]
}