{
  "image_id": 173,
  "image_filename": "image_00173.png",
  "num_entities": 4,
  "entities": [
    {
      "id": 0,
      "shape": "square",
      "size": "medium",
      "color": "green",
      "center": [
        74,
        94
      ],
      "bbox": {
        "x_min": 44,
        "y_min": 64,
        "x_max": 104,
        "y_max": 124
      }
    },
    {
      "id": 1,
      "shape": "square",
      "size": "small",
      "color": "orange",
      "center": [
        119,
        170
      ],
      "bbox": {
        "x_min": 99,
        "y_min": 150,
        "x_max": 139,
        "y_max": 190
      }
    },
    {
      "id": 2,
      "shape": "circle",
      "size": "medium",
      "color": "purple",
      "center": [
        153,
        56
      ],
      "bbox": {
        "x_min": 123,
        "y_min": 26,
        "x_max": 183,
        "y_max": 86
      }
    },
    {
      "id": 3,
      "shape": "triangle",
      "size": "small",
      "color": "green",
      "center": [
        169,
        154
      ],
      "bbox": {
        "x_min": 151,
        "y_min": 134,
        "x_max": 186,
        "y_max": 164
      }
    }
  ],
  "relations": [
    {
      "subject_id": 0,
      "object_id": 1,
      "relation": "below",
      "explicit": true
    },
    {
      "subject_id": 0,
      "object_id": 2,
      "relation": "right_of",
      "explicit": false
    },
    {
      "subject_id": 0,
      "object_id": 3,
      "relation": "right_of",
      "explicit": true
    },
    {
      "subject_id": 1,
      "object_id": 2,
      "relation": "above",
      "explicit": true
    },
    {
      "subject_id": 1,
      "object_id": 3,
      "relation": "right_of",
      "explicit": true
    },
    {
      "subject_id": 2,
      "object_id": 3,
      "relation": "below",
      "explicit": true
    }
  ]
}