{
  "image_id": 851,
  "image_filename": "image_00851.png",
  "num_entities": 2,
  "entities": [
    {
      "id": 0,
      "shape": "triangle",
      "size": "large",
      "color": "yellow",
      "center": [
        155,
        126
      ],
      "bbox": {
        "x_min": 120,
        "y_min": 86,
        "x_max": 189,
        "y_max": 146
      }
    },
    {
      "id": 1,
      "shape": "square",
      "size": "small",
      "color": "yellow",
      "center": [
        83,
        57
      ],
      "bbox": {
        "x_min": 63,
        "y_min": 37,
        "x_max": 103,
        "y_max": 77
      }
    }
  ],
  "relations": [
    {
      "subject_id": 0,
      "object_id": 1,
      "relation": "left_of",
      "explicit": false
    }
  ]
}