{
  "image_id": 279,
  "image_filename": "image_00279.png",
  "num_entities": 4,
  "entities": [
    {
      "id": 0,
      "shape": "square",
      "size": "small",
      "color": "purple",
      "center": [
        117,
        146
      ],
      "bbox": {
        "x_min": 97,
        "y_min": 126,
        "x_max": 137,
        "y_max": 166
      }
    },
    {
      "id": 1,
      "shape": "circle",
      "size": "small",
      "color": "magenta",
      "center": [
        68,
        122
      ],
      "bbox": {
        "x_min": 48,
        "y_min": 102,
        "x_max": 88,
        "y_max": 142
      }
    },
    {
      "id": 2,
      "shape": "circle",
      "size": "medium",
      "color": "green",
      "center": [
        96,
        54
      ],
      "bbox": {
        "x_min": 66,
        "y_min": 24,
        "x_max": 126,
        "y_max": 84
      }
    },
    {
      "id": 3,
      "shape": "square",
      "size": "small",
      "color": "yellow",
      "center": [
        169,
        81
      ],
      "bbox": {
        "x_min": 149,
        "y_min": 61,
        "x_max": 189,
        "y_max": 101
      }
    }
  ],
  "relations": [
    {
      "subject_id": 0,
      "object_id": 1,
      "relation": "left_of",
      "explicit": false
    },
    {
      "subject_id": 0,
      "object_id": 2,
      "relation": "above",
      "explicit": true
    },
    {
      "subject_id": 0,
      "object_id": 3,
      "relation": "above",
      "explicit": true
    },
    {
      "subject_id": 1,
      "object_id": 2,
      "relation": "above",
      "explicit": true
    },
    {
      "subject_id": 1,
      "object_id": 3,
      "relation": "right_of",
      "explicit": true
    },
    {
      "subject_id": 2,
      "object_id": 3,
      "relation": "right_of",
      "explicit": true
    }
  ]
}