{
  "image_id": 316,
  "image_filename": "image_00316.png",
  "num_entities": 3,
  "entities": [
    {
      "id": 0,
      "shape": "square",
      "size": "large",
      "color": "blue",
      "center": [
        156,
        110
      ],
      "bbox": {
        "x_min": 116,
        "y_min": 70,
        "x_max": 196,
        "y_max": 150
      }
    },
    {
      "id": 1,
      "shape": "triangle",
      "size": "large",
      "color": "orange",
      "center": [
        65,
        169
      ],
      "bbox": {
        "x_min": 30,
        "y_min": 129,
        "x_max": 99,
        "y_max": 189
      }
    },
    {
      "id": 2,
      "shape": "square",
      "size": "large",
      "color": "yellow",
      "center": [
        85,
        50
      ],
      "bbox": {
        "x_min": 45,
        "y_min": 10,
        "x_max": 125,
        "y_max": 90
      }
    }
  ],
  "relations": [
    {
      "subject_id": 0,
      "object_id": 1,
      "relation": "left_of",
      "explicit": true
    },
    {
      "subject_id": 0,
      "object_id": 2,
      "relation": "left_of",
      "explicit": false
    },
    {
      "subject_id": 1,
      "object_id": 2,
      "relation": "above",
      "explicit": true
    }
  ]
}