{
  "image_id": 537,
  "image_filename": "image_00537.png",
  "num_entities": 4,
  "entities": [
    {
      "id": 0,
      "shape": "rectangle",
      "size": "medium",
      "color": "cyan",
      "center": [
        128,
        174
      ],
      "bbox": {
        "x_min": 113,
        "y_min": 152,
        "x_max": 143,
        "y_max": 196
      }
    },
    {
      "id": 1,
      "shape": "rectangle",
      "size": "small",
      "color": "red",
      "center": [
        149,
        88
      ],
      "bbox": {
        "x_min": 139,
        "y_min": 73,
        "x_max": 159,
        "y_max": 103
      }
    },
    {
      "id": 2,
      "shape": "square",
      "size": "small",
      "color": "red",
      "center": [
        97,
        92
      ],
      "bbox": {
        "x_min": 77,
        "y_min": 72,
        "x_max": 117,
        "y_max": 112
      }
    },
    {
      "id": 3,
      "shape": "square",
      "size": "small",
      "color": "magenta",
      "center": [
        70,
        153
      ],
      "bbox": {
        "x_min": 50,
        "y_min": 133,
        "x_max": 90,
        "y_max": 173
      }
    }
  ],
  "relations": [
    {
      "subject_id": 0,
      "object_id": 1,
      "relation": "above",
      "explicit": false
    },
    {
      "subject_id": 0,
      "object_id": 2,
      "relation": "above",
      "explicit": false
    },
    {
      "subject_id": 0,
      "object_id": 3,
      "relation": "left_of",
      "explicit": true
    },
    {
      "subject_id": 1,
      "object_id": 2,
      "relation": "left_of",
      "explicit": false
    },
    {
      "subject_id": 1,
      "object_id": 3,
      "relation": "left_of",
      "explicit": false
    },
    {
      "subject_id": 2,
      "object_id": 3,
      "relation": "below",
      "explicit": true
    }
  ]
}