{
  "image_id": 981,
  "image_filename": "image_00981.png",
  "num_entities": 3,
  "entities": [
    {
      "id": 0,
      "shape": "rectangle",
      "size": "small",
      "color": "purple",
      "center": [
        116,
        143
      ],
      "bbox": {
        "x_min": 106,
        "y_min": 128,
        "x_max": 126,
        "y_max": 158
      }
    },
    {
      "id": 1,
      "shape": "square",
      "size": "medium",
      "color": "purple",
      "center": [
        170,
        80
      ],
      "bbox": {
        "x_min": 140,
        "y_min": 50,
        "x_max": 200,
        "y_max": 110
      }
    },
    {
      "id": 2,
      "shape": "triangle",
      "size": "small",
      "color": "purple",
      "center": [
        63,
        167
      ],
      "bbox": {
        "x_min": 45,
        "y_min": 147,
        "x_max": 80,
        "y_max": 177
      }
    }
  ],
  "relations": [
    {
      "subject_id": 0,
      "object_id": 1,
      "relation": "above",
      "explicit": true
    },
    {
      "subject_id": 0,
      "object_id": 2,
      "relation": "left_of",
      "explicit": false
    },
    {
      "subject_id": 1,
      "object_id": 2,
      "relation": "left_of",
      "explicit": true
    }
  ]
}