{
  "image_id": 53,
  "image_filename": "image_00053.png",
  "num_entities": 4,
  "entities": [
    {
      "id": 0,
      "shape": "square",
      "size": "small",
      "color": "green",
      "center": [
        76,
        97
      ],
      "bbox": {
        "x_min": 56,
        "y_min": 77,
        "x_max": 96,
        "y_max": 117
      }
    },
    {
      "id": 1,
      "shape": "circle",
      "size": "medium",
      "color": "cyan",
      "center": [
        171,
        134
      ],
      "bbox": {
        "x_min": 141,
        "y_min": 104,
        "x_max": 201,
        "y_max": 164
      }
    },
    {
      "id": 2,
      "shape": "rectangle",
      "size": "large",
      "color": "orange",
      "center": [
        96,
        170
      ],
      "bbox": {
        "x_min": 76,
        "y_min": 140,
        "x_max": 116,
        "y_max": 200
      }
    },
    {
      "id": 3,
      "shape": "rectangle",
      "size": "large",
      "color": "orange",
      "center": [
        145,
        51
      ],
      "bbox": {
        "x_min": 125,
        "y_min": 21,
        "x_max": 165,
        "y_max": 81
      }
    }
  ],
  "relations": [
    {
      "subject_id": 0,
      "object_id": 1,
      "relation": "right_of",
      "explicit": false
    },
    {
      "subject_id": 0,
      "object_id": 2,
      "relation": "below",
      "explicit": true
    },
    {
      "subject_id": 0,
      "object_id": 3,
      "relation": "right_of",
      "explicit": false
    },
    {
      "subject_id": 1,
      "object_id": 2,
      "relation": "left_of",
      "explicit": true
    },
    {
      "subject_id": 1,
      "object_id": 3,
      "relation": "above",
      "explicit": false
    },
    {
      "subject_id": 2,
      "object_id": 3,
      "relation": "above",
      "explicit": false
    }
  ]
}