{
  "image_id": 174,
  "image_filename": "image_00174.png",
  "num_entities": 3,
  "entities": [
    {
      "id": 0,
      "shape": "square",
      "size": "medium",
      "color": "green",
      "center": [
        136,
        145
      ],
      "bbox": {
        "x_min": 106,
        "y_min": 115,
        "x_max": 166,
        "y_max": 175
      }
    },
    {
      "id": 1,
      "shape": "circle",
      "size": "medium",
      "color": "cyan",
      "center": [
        145,
        68
      ],
      "bbox": {
        "x_min": 115,
        "y_min": 38,
        "x_max": 175,
        "y_max": 98
      }
    },
    {
      "id": 2,
      "shape": "triangle",
      "size": "small",
      "color": "yellow",
      "center": [
        75,
        114
      ],
      "bbox": {
        "x_min": 57,
        "y_min": 94,
        "x_max": 92,
        "y_max": 124
      }
    }
  ],
  "relations": [
    {
      "subject_id": 0,
      "object_id": 1,
      "relation": "above",
      "explicit": false
    },
    {
      "subject_id": 0,
      "object_id": 2,
      "relation": "left_of",
      "explicit": true
    },
    {
      "subject_id": 1,
      "object_id": 2,
      "relation": "left_of",
      "explicit": true
    }
  ]
}