{
  "image_id": 247,
  "image_filename": "image_00247.png",
  "num_entities": 4,
  "entities": [
    {
      "id": 0,
      "shape": "triangle",
      "size": "large",
      "color": "red",
      "center": [
        139,
        124
      ],
      "bbox": {
        "x_min": 104,
        "y_min": 84,
        "x_max": 173,
        "y_max": 144
      }
    },
    {
      "id": 1,
      "shape": "circle",
      "size": "large",
      "color": "purple",
      "center": [
        61,
        59
      ],
      "bbox": {
        "x_min": 21,
        "y_min": 19,
        "x_max": 101,
        "y_max": 99
      }
    },
    {
      "id": 2,
      "shape": "triangle",
      "size": "medium",
      "color": "blue",
      "center": [
        57,
        156
      ],
      "bbox": {
        "x_min": 31,
        "y_min": 126,
        "x_max": 82,
        "y_max": 171
      }
    },
    {
      "id": 3,
      "shape": "triangle",
      "size": "small",
      "color": "orange",
      "center": [
        147,
        52
      ],
      "bbox": {
        "x_min": 129,
        "y_min": 32,
        "x_max": 164,
        "y_max": 62
      }
    }
  ],
  "relations": [
    {
      "subject_id": 0,
      "object_id": 1,
      "relation": "left_of",
      "explicit": true
    },
    {
      "subject_id": 0,
      "object_id": 2,
      "relation": "left_of",
      "explicit": true
    },
    {
      "subject_id": 0,
      "object_id": 3,
      "relation": "above",
      "explicit": true
    },
    {
      "subject_id": 1,
      "object_id": 2,
      "relation": "below",
      "explicit": true
    },
    {
      "subject_id": 1,
      "object_id": 3,
      "relation": "right_of",
      "explicit": false
    },
    {
      "subject_id": 2,
      "object_id": 3,
      "relation": "above",
      "explicit": false
    }
  ]
}