{
  "image_id": 419,
  "image_filename": "image_00419.png",
  "num_entities": 3,
  "entities": [
    {
      "id": 0,
      "shape": "circle",
      "size": "medium",
      "color": "blue",
      "center": [
        111,
        174
      ],
      "bbox": {
        "x_min": 81,
        "y_min": 144,
        "x_max": 141,
        "y_max": 204
      }
    },
    {
      "id": 1,
      "shape": "triangle",
      "size": "large",
      "color": "orange",
      "center": [
        78,
        62
      ],
      "bbox": {
        "x_min": 43,
        "y_min": 22,
        "x_max": 112,
        "y_max": 82
      }
    },
    {
      "id": 2,
      "shape": "rectangle",
      "size": "large",
      "color": "blue",
      "center": [
        174,
        109
      ],
      "bbox": {
        "x_min": 154,
        "y_min": 79,
        "x_max": 194,
        "y_max": 139
      }
    }
  ],
  "relations": [
    {
      "subject_id": 0,
      "object_id": 1,
      "relation": "above",
      "explicit": true
    },
    {
      "subject_id": 0,
      "object_id": 2,
      "relation": "above",
      "explicit": true
    },
    {
      "subject_id": 1,
      "object_id": 2,
      "relation": "right_of",
      "explicit": true
    }
  ]
}