{
  "image_id": 981,
  "image_filename": "image_00981.png",
  "num_entities": 4,
  "entities": [
    {
      "id": 0,
      "shape": "triangle",
      "size": "medium",
      "color": "yellow",
      "center": [
        169,
        124
      ],
      "bbox": {
        "x_min": 143,
        "y_min": 94,
        "x_max": 194,
        "y_max": 139
      }
    },
    {
      "id": 1,
      "shape": "triangle",
      "size": "medium",
      "color": "magenta",
      "center": [
        76,
        59
      ],
      "bbox": {
        "x_min": 50,
        "y_min": 29,
        "x_max": 101,
        "y_max": 74
      }
    },
    {
      "id": 2,
      "shape": "square",
      "size": "medium",
      "color": "orange",
      "center": [
        61,
        145
      ],
      "bbox": {
        "x_min": 31,
        "y_min": 115,
        "x_max": 91,
        "y_max": 175
      }
    },
    {
      "id": 3,
      "shape": "circle",
      "size": "small",
      "color": "orange",
      "center": [
        116,
        173
      ],
      "bbox": {
        "x_min": 96,
        "y_min": 153,
        "x_max": 136,
        "y_max": 193
      }
    }
  ],
  "relations": [
    {
      "subject_id": 0,
      "object_id": 1,
      "relation": "left_of",
      "explicit": true
    },
    {
      "subject_id": 0,
      "object_id": 2,
      "relation": "left_of",
      "explicit": false
    },
    {
      "subject_id": 0,
      "object_id": 3,
      "relation": "left_of",
      "explicit": true
    },
    {
      "subject_id": 1,
      "object_id": 2,
      "relation": "below",
      "explicit": true
    },
    {
      "subject_id": 1,
      "object_id": 3,
      "relation": "below",
      "explicit": false
    },
    {
      "subject_id": 2,
      "object_id": 3,
      "relation": "right_of",
      "explicit": false
    }
  ]
}