{
  "image_id": 225,
  "image_filename": "image_00225.png",
  "num_entities": 4,
  "entities": [
    {
      "id": 0,
      "shape": "circle",
      "size": "large",
      "color": "orange",
      "center": [
        81,
        56
      ],
      "bbox": {
        "x_min": 41,
        "y_min": 16,
        "x_max": 121,
        "y_max": 96
      }
    },
    {
      "id": 1,
      "shape": "rectangle",
      "size": "medium",
      "color": "green",
      "center": [
        144,
        119
      ],
      "bbox": {
        "x_min": 129,
        "y_min": 97,
        "x_max": 159,
        "y_max": 141
      }
    },
    {
      "id": 2,
      "shape": "rectangle",
      "size": "medium",
      "color": "magenta",
      "center": [
        70,
        142
      ],
      "bbox": {
        "x_min": 55,
        "y_min": 120,
        "x_max": 85,
        "y_max": 164
      }
    },
    {
      "id": 3,
      "shape": "triangle",
      "size": "medium",
      "color": "blue",
      "center": [
        161,
        50
      ],
      "bbox": {
        "x_min": 135,
        "y_min": 20,
        "x_max": 186,
        "y_max": 65
      }
    }
  ],
  "relations": [
    {
      "subject_id": 0,
      "object_id": 1,
      "relation": "below",
      "explicit": true
    },
    {
      "subject_id": 0,
      "object_id": 2,
      "relation": "below",
      "explicit": false
    },
    {
      "subject_id": 0,
      "object_id": 3,
      "relation": "right_of",
      "explicit": false
    },
    {
      "subject_id": 1,
      "object_id": 2,
      "relation": "left_of",
      "explicit": false
    },
    {
      "subject_id": 1,
      "object_id": 3,
      "relation": "above",
      "explicit": true
    },
    {
      "subject_id": 2,
      "object_id": 3,
      "relation": "above",
      "explicit": true
    }
  ]
}