{
  "image_id": 871,
  "image_filename": "image_00871.png",
  "num_entities": 4,
  "entities": [
    {
      "id": 0,
      "shape": "triangle",
      "size": "medium",
      "color": "yellow",
      "center": [
        124,
        84
      ],
      "bbox": {
        "x_min": 98,
        "y_min": 54,
        "x_max": 149,
        "y_max": 99
      }
    },
    {
      "id": 1,
      "shape": "circle",
      "size": "medium",
      "color": "blue",
      "center": [
        55,
        127
      ],
      "bbox": {
        "x_min": 25,
        "y_min": 97,
        "x_max": 85,
        "y_max": 157
      }
    },
    {
      "id": 2,
      "shape": "rectangle",
      "size": "small",
      "color": "magenta",
      "center": [
        160,
        134
      ],
      "bbox": {
        "x_min": 150,
        "y_min": 119,
        "x_max": 170,
        "y_max": 149
      }
    },
    {
      "id": 3,
      "shape": "triangle",
      "size": "small",
      "color": "blue",
      "center": [
        107,
        169
      ],
      "bbox": {
        "x_min": 89,
        "y_min": 149,
        "x_max": 124,
        "y_max": 179
      }
    }
  ],
  "relations": [
    {
      "subject_id": 0,
      "object_id": 1,
      "relation": "left_of",
      "explicit": true
    },
    {
      "subject_id": 0,
      "object_id": 2,
      "relation": "below",
      "explicit": true
    },
    {
      "subject_id": 0,
      "object_id": 3,
      "relation": "below",
      "explicit": false
    },
    {
      "subject_id": 1,
      "object_id": 2,
      "relation": "right_of",
      "explicit": false
    },
    {
      "subject_id": 1,
      "object_id": 3,
      "relation": "right_of",
      "explicit": false
    },
    {
      "subject_id": 2,
      "object_id": 3,
      "relation": "left_of",
      "explicit": false
    }
  ]
}