{
  "image_id": 696,
  "image_filename": "image_00696.png",
  "num_entities": 3,
  "entities": [
    {
      "id": 0,
      "shape": "circle",
      "size": "small",
      "color": "purple",
      "center": [
        80,
        74
      ],
      "bbox": {
        "x_min": 60,
        "y_min": 54,
        "x_max": 100,
        "y_max": 94
      }
    },
    {
      "id": 1,
      "shape": "square",
      "size": "medium",
      "color": "orange",
      "center": [
        141,
        119
      ],
      "bbox": {
        "x_min": 111,
        "y_min": 89,
        "x_max": 171,
        "y_max": 149
      }
    },
    {
      "id": 2,
      "shape": "triangle",
      "size": "small",
      "color": "blue",
      "center": [
        101,
        166
      ],
      "bbox": {
        "x_min": 83,
        "y_min": 146,
        "x_max": 118,
        "y_max": 176
      }
    }
  ],
  "relations": [
    {
      "subject_id": 0,
      "object_id": 1,
      "relation": "right_of",
      "explicit": true
    },
    {
      "subject_id": 0,
      "object_id": 2,
      "relation": "below",
      "explicit": false
    },
    {
      "subject_id": 1,
      "object_id": 2,
      "relation": "below",
      "explicit": true
    }
  ]
}