{
  "image_id": 194,
  "image_filename": "image_00194.png",
  "num_entities": 2,
  "entities": [
    {
      "id": 0,
      "shape": "square",
      "size": "large",
      "color": "green",
      "center": [
        90,
        83
      ],
      "bbox": {
        "x_min": 50,
        "y_min": 43,
        "x_max": 130,
        "y_max": 123
      }
    },
    {
      "id": 1,
      "shape": "square",
      "size": "medium",
      "color": "cyan",
      "center": [
        134,
        163
      ],
      "bbox": {
        "x_min": 104,
        "y_min": 133,
        "x_max": 164,
        "y_max": 193
      }
    }
  ],
  "relations": [
    {
      "subject_id": 0,
      "object_id": 1,
      "relation": "below",
      "explicit": true
    }
  ]
}