{
  "image_id": 158,
  "image_filename": "image_00158.png",
  "num_entities": 4,
  "entities": [
    {
      "id": 0,
      "shape": "square",
      "size": "large",
      "color": "magenta",
      "center": [
        147,
        79
      ],
      "bbox": {
        "x_min": 107,
        "y_min": 39,
        "x_max": 187,
        "y_max": 119
      }
    },
    {
      "id": 1,
      "shape": "triangle",
      "size": "large",
      "color": "red",
      "center": [
        64,
        134
      ],
      "bbox": {
        "x_min": 29,
        "y_min": 94,
        "x_max": 98,
        "y_max": 154
      }
    },
    {
      "id": 2,
      "shape": "square",
      "size": "small",
      "color": "green",
      "center": [
        72,
        63
      ],
      "bbox": {
        "x_min": 52,
        "y_min": 43,
        "x_max": 92,
        "y_max": 83
      }
    },
    {
      "id": 3,
      "shape": "circle",
      "size": "medium",
      "color": "magenta",
      "center": [
        164,
        173
      ],
      "bbox": {
        "x_min": 134,
        "y_min": 143,
        "x_max": 194,
        "y_max": 203
      }
    }
  ],
  "relations": [
    {
      "subject_id": 0,
      "object_id": 1,
      "relation": "left_of",
      "explicit": true
    },
    {
      "subject_id": 0,
      "object_id": 2,
      "relation": "left_of",
      "explicit": false
    },
    {
      "subject_id": 0,
      "object_id": 3,
      "relation": "below",
      "explicit": false
    },
    {
      "subject_id": 1,
      "object_id": 2,
      "relation": "above",
      "explicit": false
    },
    {
      "subject_id": 1,
      "object_id": 3,
      "relation": "right_of",
      "explicit": false
    },
    {
      "subject_id": 2,
      "object_id": 3,
      "relation": "below",
      "explicit": true
    }
  ]
}