{
  "image_id": 15,
  "image_filename": "image_00015.png",
  "num_entities": 4,
  "entities": [
    {
      "id": 0,
      "shape": "rectangle",
      "size": "medium",
      "color": "purple",
      "center": [
        58,
        158
      ],
      "bbox": {
        "x_min": 43,
        "y_min": 136,
        "x_max": 73,
        "y_max": 180
      }
    },
    {
      "id": 1,
      "shape": "rectangle",
      "size": "medium",
      "color": "green",
      "center": [
        85,
        59
      ],
      "bbox": {
        "x_min": 70,
        "y_min": 37,
        "x_max": 100,
        "y_max": 81
      }
    },
    {
      "id": 2,
      "shape": "triangle",
      "size": "small",
      "color": "purple",
      "center": [
        159,
        50
      ],
      "bbox": {
        "x_min": 141,
        "y_min": 30,
        "x_max": 176,
        "y_max": 60
      }
    },
    {
      "id": 3,
      "shape": "square",
      "size": "large",
      "color": "red",
      "center": [
        154,
        165
      ],
      "bbox": {
        "x_min": 114,
        "y_min": 125,
        "x_max": 194,
        "y_max": 205
      }
    }
  ],
  "relations": [
    {
      "subject_id": 0,
      "object_id": 1,
      "relation": "above",
      "explicit": true
    },
    {
      "subject_id": 0,
      "object_id": 2,
      "relation": "above",
      "explicit": false
    },
    {
      "subject_id": 0,
      "object_id": 3,
      "relation": "right_of",
      "explicit": true
    },
    {
      "subject_id": 1,
      "object_id": 2,
      "relation": "right_of",
      "explicit": true
    },
    {
      "subject_id": 1,
      "object_id": 3,
      "relation": "below",
      "explicit": true
    },
    {
      "subject_id": 2,
      "object_id": 3,
      "relation": "below",
      "explicit": true
    }
  ]
}