{
  "image_id": 891,
  "image_filename": "image_00891.png",
  "num_entities": 4,
  "entities": [
    {
      "id": 0,
      "shape": "rectangle",
      "size": "large",
      "color": "cyan",
      "center": [
        114,
        52
      ],
      "bbox": {
        "x_min": 94,
        "y_min": 22,
        "x_max": 134,
        "y_max": 82
      }
    },
    {
      "id": 1,
      "shape": "rectangle",
      "size": "large",
      "color": "cyan",
      "center": [
        130,
        144
      ],
      "bbox": {
        "x_min": 110,
        "y_min": 114,
        "x_max": 150,
        "y_max": 174
      }
    },
    {
      "id": 2,
      "shape": "triangle",
      "size": "small",
      "color": "orange",
      "center": [
        54,
        92
      ],
      "bbox": {
        "x_min": 36,
        "y_min": 72,
        "x_max": 71,
        "y_max": 102
      }
    },
    {
      "id": 3,
      "shape": "rectangle",
      "size": "medium",
      "color": "green",
      "center": [
        52,
        166
      ],
      "bbox": {
        "x_min": 37,
        "y_min": 144,
        "x_max": 67,
        "y_max": 188
      }
    }
  ],
  "relations": [
    {
      "subject_id": 0,
      "object_id": 1,
      "relation": "below",
      "explicit": false
    },
    {
      "subject_id": 0,
      "object_id": 2,
      "relation": "left_of",
      "explicit": false
    },
    {
      "subject_id": 0,
      "object_id": 3,
      "relation": "below",
      "explicit": true
    },
    {
      "subject_id": 1,
      "object_id": 2,
      "relation": "left_of",
      "explicit": false
    },
    {
      "subject_id": 1,
      "object_id": 3,
      "relation": "left_of",
      "explicit": false
    },
    {
      "subject_id": 2,
      "object_id": 3,
      "relation": "below",
      "explicit": false
    }
  ]
}