{
  "image_id": 597,
  "image_filename": "image_00597.png",
  "num_entities": 3,
  "entities": [
    {
      "id": 0,
      "shape": "triangle",
      "size": "small",
      "color": "blue",
      "center": [
        160,
        142
      ],
      "bbox": {
        "x_min": 142,
        "y_min": 122,
        "x_max": 177,
        "y_max": 152
      }
    },
    {
      "id": 1,
      "shape": "circle",
      "size": "medium",
      "color": "purple",
      "center": [
        144,
        62
      ],
      "bbox": {
        "x_min": 114,
        "y_min": 32,
        "x_max": 174,
        "y_max": 92
      }
    },
    {
      "id": 2,
      "shape": "circle",
      "size": "large",
      "color": "blue",
      "center": [
        75,
        125
      ],
      "bbox": {
        "x_min": 35,
        "y_min": 85,
        "x_max": 115,
        "y_max": 165
      }
    }
  ],
  "relations": [
    {
      "subject_id": 0,
      "object_id": 1,
      "relation": "above",
      "explicit": true
    },
    {
      "subject_id": 0,
      "object_id": 2,
      "relation": "left_of",
      "explicit": false
    },
    {
      "subject_id": 1,
      "object_id": 2,
      "relation": "left_of",
      "explicit": false
    }
  ]
}