{
  "image_id": 480,
  "image_filename": "image_00480.png",
  "num_entities": 2,
  "entities": [
    {
      "id": 0,
      "shape": "circle",
      "size": "large",
      "color": "yellow",
      "center": [
        123,
        159
      ],
      "bbox": {
        "x_min": 83,
        "y_min": 119,
        "x_max": 163,
        "y_max": 199
      }
    },
    {
      "id": 1,
      "shape": "square",
      "size": "large",
      "color": "blue",
      "center": [
        165,
        62
      ],
      "bbox": {
        "x_min": 125,
        "y_min": 22,
        "x_max": 205,
        "y_max": 102
      }
    }
  ],
  "relations": [
    {
      "subject_id": 0,
      "object_id": 1,
      "relation": "above",
      "explicit": false
    }
  ]
}