{
  "image_id": 389,
  "image_filename": "image_00389.png",
  "num_entities": 2,
  "entities": [
    {
      "id": 0,
      "shape": "circle",
      "size": "small",
      "color": "red",
      "center": [
        116,
        89
      ],
      "bbox": {
        "x_min": 96,
        "y_min": 69,
        "x_max": 136,
        "y_max": 109
      }
    },
    {
      "id": 1,
      "shape": "rectangle",
      "size": "small",
      "color": "green",
      "center": [
        64,
        103
      ],
      "bbox": {
        "x_min": 54,
        "y_min": 88,
        "x_max": 74,
        "y_max": 118
      }
    }
  ],
  "relations": [
    {
      "subject_id": 0,
      "object_id": 1,
      "relation": "left_of",
      "explicit": false
    }
  ]
}