{
  "image_id": 738,
  "image_filename": "image_00738.png",
  "num_entities": 4,
  "entities": [
    {
      "id": 0,
      "shape": "square",
      "size": "small",
      "color": "red",
      "center": [
        151,
        137
      ],
      "bbox": {
        "x_min": 131,
        "y_min": 117,
        "x_max": 171,
        "y_max": 157
      }
    },
    {
      "id": 1,
      "shape": "square",
      "size": "medium",
      "color": "blue",
      "center": [
        70,
        70
      ],
      "bbox": {
        "x_min": 40,
        "y_min": 40,
        "x_max": 100,
        "y_max": 100
      }
    },
    {
      "id": 2,
      "shape": "triangle",
      "size": "medium",
      "color": "red",
      "center": [
        162,
        68
      ],
      "bbox": {
        "x_min": 136,
        "y_min": 38,
        "x_max": 187,
        "y_max": 83
      }
    },
    {
      "id": 3,
      "shape": "circle",
      "size": "medium",
      "color": "purple",
      "center": [
        90,
        173
      ],
      "bbox": {
        "x_min": 60,
        "y_min": 143,
        "x_max": 120,
        "y_max": 203
      }
    }
  ],
  "relations": [
    {
      "subject_id": 0,
      "object_id": 1,
      "relation": "left_of",
      "explicit": false
    },
    {
      "subject_id": 0,
      "object_id": 2,
      "relation": "above",
      "explicit": false
    },
    {
      "subject_id": 0,
      "object_id": 3,
      "relation": "left_of",
      "explicit": false
    },
    {
      "subject_id": 1,
      "object_id": 2,
      "relation": "right_of",
      "explicit": true
    },
    {
      "subject_id": 1,
      "object_id": 3,
      "relation": "below",
      "explicit": false
    },
    {
      "subject_id": 2,
      "object_id": 3,
      "relation": "below",
      "explicit": false
    }
  ]
}