{
  "image_id": 308,
  "image_filename": "image_00308.png",
  "num_entities": 4,
  "entities": [
    {
      "id": 0,
      "shape": "rectangle",
      "size": "small",
      "color": "green",
      "center": [
        117,
        148
      ],
      "bbox": {
        "x_min": 107,
        "y_min": 133,
        "x_max": 127,
        "y_max": 163
      }
    },
    {
      "id": 1,
      "shape": "circle",
      "size": "large",
      "color": "red",
      "center": [
        90,
        74
      ],
      "bbox": {
        "x_min": 50,
        "y_min": 34,
        "x_max": 130,
        "y_max": 114
      }
    },
    {
      "id": 2,
      "shape": "square",
      "size": "medium",
      "color": "green",
      "center": [
        55,
        165
      ],
      "bbox": {
        "x_min": 25,
        "y_min": 135,
        "x_max": 85,
        "y_max": 195
      }
    },
    {
      "id": 3,
      "shape": "triangle",
      "size": "small",
      "color": "purple",
      "center": [
        171,
        129
      ],
      "bbox": {
        "x_min": 153,
        "y_min": 109,
        "x_max": 188,
        "y_max": 139
      }
    }
  ],
  "relations": [
    {
      "subject_id": 0,
      "object_id": 1,
      "relation": "above",
      "explicit": true
    },
    {
      "subject_id": 0,
      "object_id": 2,
      "relation": "left_of",
      "explicit": false
    },
    {
      "subject_id": 0,
      "object_id": 3,
      "relation": "right_of",
      "explicit": false
    },
    {
      "subject_id": 1,
      "object_id": 2,
      "relation": "below",
      "explicit": true
    },
    {
      "subject_id": 1,
      "object_id": 3,
      "relation": "right_of",
      "explicit": false
    },
    {
      "subject_id": 2,
      "object_id": 3,
      "relation": "right_of",
      "explicit": true
    }
  ]
}