{
  "image_id": 513,
  "image_filename": "image_00513.png",
  "num_entities": 2,
  "entities": [
    {
      "id": 0,
      "shape": "rectangle",
      "size": "large",
      "color": "magenta",
      "center": [
        85,
        94
      ],
      "bbox": {
        "x_min": 65,
        "y_min": 64,
        "x_max": 105,
        "y_max": 124
      }
    },
    {
      "id": 1,
      "shape": "square",
      "size": "medium",
      "color": "yellow",
      "center": [
        174,
        151
      ],
      "bbox": {
        "x_min": 144,
        "y_min": 121,
        "x_max": 204,
        "y_max": 181
      }
    }
  ],
  "relations": [
    {
      "subject_id": 0,
      "object_id": 1,
      "relation": "right_of",
      "explicit": false
    }
  ]
}