{
  "image_id": 801,
  "image_filename": "image_00801.png",
  "num_entities": 3,
  "entities": [
    {
      "id": 0,
      "shape": "square",
      "size": "medium",
      "color": "magenta",
      "center": [
        104,
        129
      ],
      "bbox": {
        "x_min": 74,
        "y_min": 99,
        "x_max": 134,
        "y_max": 159
      }
    },
    {
      "id": 1,
      "shape": "rectangle",
      "size": "medium",
      "color": "red",
      "center": [
        147,
        63
      ],
      "bbox": {
        "x_min": 132,
        "y_min": 41,
        "x_max": 162,
        "y_max": 85
      }
    },
    {
      "id": 2,
      "shape": "triangle",
      "size": "small",
      "color": "magenta",
      "center": [
        171,
        136
      ],
      "bbox": {
        "x_min": 153,
        "y_min": 116,
        "x_max": 188,
        "y_max": 146
      }
    }
  ],
  "relations": [
    {
      "subject_id": 0,
      "object_id": 1,
      "relation": "above",
      "explicit": true
    },
    {
      "subject_id": 0,
      "object_id": 2,
      "relation": "right_of",
      "explicit": true
    },
    {
      "subject_id": 1,
      "object_id": 2,
      "relation": "below",
      "explicit": false
    }
  ]
}