{
  "image_id": 288,
  "image_filename": "image_00288.png",
  "num_entities": 2,
  "entities": [
    {
      "id": 0,
      "shape": "rectangle",
      "size": "large",
      "color": "green",
      "center": [
        135,
        107
      ],
      "bbox": {
        "x_min": 115,
        "y_min": 77,
        "x_max": 155,
        "y_max": 137
      }
    },
    {
      "id": 1,
      "shape": "rectangle",
      "size": "small",
      "color": "yellow",
      "center": [
        66,
        122
      ],
      "bbox": {
        "x_min": 56,
        "y_min": 107,
        "x_max": 76,
        "y_max": 137
      }
    }
  ],
  "relations": [
    {
      "subject_id": 0,
      "object_id": 1,
      "relation": "left_of",
      "explicit": false
    }
  ]
}