{
  "image_id": 366,
  "image_filename": "image_00366.png",
  "num_entities": 3,
  "entities": [
    {
      "id": 0,
      "shape": "circle",
      "size": "medium",
      "color": "purple",
      "center": [
        106,
        52
      ],
      "bbox": {
        "x_min": 76,
        "y_min": 22,
        "x_max": 136,
        "y_max": 82
      }
    },
    {
      "id": 1,
      "shape": "triangle",
      "size": "medium",
      "color": "red",
      "center": [
        138,
        162
      ],
      "bbox": {
        "x_min": 112,
        "y_min": 132,
        "x_max": 163,
        "y_max": 177
      }
    },
    {
      "id": 2,
      "shape": "triangle",
      "size": "large",
      "color": "magenta",
      "center": [
        56,
        150
      ],
      "bbox": {
        "x_min": 21,
        "y_min": 110,
        "x_max": 90,
        "y_max": 170
      }
    }
  ],
  "relations": [
    {
      "subject_id": 0,
      "object_id": 1,
      "relation": "below",
      "explicit": false
    },
    {
      "subject_id": 0,
      "object_id": 2,
      "relation": "below",
      "explicit": true
    },
    {
      "subject_id": 1,
      "object_id": 2,
      "relation": "left_of",
      "explicit": false
    }
  ]
}