{
  "image_id": 709,
  "image_filename": "image_00709.png",
  "num_entities": 4,
  "entities": [
    {
      "id": 0,
      "shape": "rectangle",
      "size": "small",
      "color": "purple",
      "center": [
        155,
        93
      ],
      "bbox": {
        "x_min": 145,
        "y_min": 78,
        "x_max": 165,
        "y_max": 108
      }
    },
    {
      "id": 1,
      "shape": "rectangle",
      "size": "small",
      "color": "red",
      "center": [
        72,
        152
      ],
      "bbox": {
        "x_min": 62,
        "y_min": 137,
        "x_max": 82,
        "y_max": 167
      }
    },
    {
      "id": 2,
      "shape": "circle",
      "size": "large",
      "color": "blue",
      "center": [
        86,
        51
      ],
      "bbox": {
        "x_min": 46,
        "y_min": 11,
        "x_max": 126,
        "y_max": 91
      }
    },
    {
      "id": 3,
      "shape": "square",
      "size": "medium",
      "color": "green",
      "center": [
        133,
        159
      ],
      "bbox": {
        "x_min": 103,
        "y_min": 129,
        "x_max": 163,
        "y_max": 189
      }
    }
  ],
  "relations": [
    {
      "subject_id": 0,
      "object_id": 1,
      "relation": "left_of",
      "explicit": true
    },
    {
      "subject_id": 0,
      "object_id": 2,
      "relation": "left_of",
      "explicit": false
    },
    {
      "subject_id": 0,
      "object_id": 3,
      "relation": "below",
      "explicit": true
    },
    {
      "subject_id": 1,
      "object_id": 2,
      "relation": "above",
      "explicit": true
    },
    {
      "subject_id": 1,
      "object_id": 3,
      "relation": "right_of",
      "explicit": false
    },
    {
      "subject_id": 2,
      "object_id": 3,
      "relation": "below",
      "explicit": false
    }
  ]
}