{
  "image_id": 127,
  "image_filename": "image_00127.png",
  "num_entities": 4,
  "entities": [
    {
      "id": 0,
      "shape": "triangle",
      "size": "large",
      "color": "purple",
      "center": [
        158,
        110
      ],
      "bbox": {
        "x_min": 123,
        "y_min": 70,
        "x_max": 192,
        "y_max": 130
      }
    },
    {
      "id": 1,
      "shape": "square",
      "size": "large",
      "color": "red",
      "center": [
        55,
        64
      ],
      "bbox": {
        "x_min": 15,
        "y_min": 24,
        "x_max": 95,
        "y_max": 104
      }
    },
    {
      "id": 2,
      "shape": "square",
      "size": "small",
      "color": "orange",
      "center": [
        68,
        163
      ],
      "bbox": {
        "x_min": 48,
        "y_min": 143,
        "x_max": 88,
        "y_max": 183
      }
    },
    {
      "id": 3,
      "shape": "circle",
      "size": "small",
      "color": "magenta",
      "center": [
        123,
        172
      ],
      "bbox": {
        "x_min": 103,
        "y_min": 152,
        "x_max": 143,
        "y_max": 192
      }
    }
  ],
  "relations": [
    {
      "subject_id": 0,
      "object_id": 1,
      "relation": "left_of",
      "explicit": true
    },
    {
      "subject_id": 0,
      "object_id": 2,
      "relation": "left_of",
      "explicit": true
    },
    {
      "subject_id": 0,
      "object_id": 3,
      "relation": "below",
      "explicit": true
    },
    {
      "subject_id": 1,
      "object_id": 2,
      "relation": "below",
      "explicit": true
    },
    {
      "subject_id": 1,
      "object_id": 3,
      "relation": "below",
      "explicit": true
    },
    {
      "subject_id": 2,
      "object_id": 3,
      "relation": "right_of",
      "explicit": false
    }
  ]
}