{
  "image_id": 22,
  "image_filename": "image_00022.png",
  "num_entities": 4,
  "entities": [
    {
      "id": 0,
      "shape": "triangle",
      "size": "medium",
      "color": "red",
      "center": [
        67,
        51
      ],
      "bbox": {
        "x_min": 41,
        "y_min": 21,
        "x_max": 92,
        "y_max": 66
      }
    },
    {
      "id": 1,
      "shape": "square",
      "size": "medium",
      "color": "blue",
      "center": [
        172,
        145
      ],
      "bbox": {
        "x_min": 142,
        "y_min": 115,
        "x_max": 202,
        "y_max": 175
      }
    },
    {
      "id": 2,
      "shape": "square",
      "size": "large",
      "color": "magenta",
      "center": [
        174,
        55
      ],
      "bbox": {
        "x_min": 134,
        "y_min": 15,
        "x_max": 214,
        "y_max": 95
      }
    },
    {
      "id": 3,
      "shape": "triangle",
      "size": "large",
      "color": "orange",
      "center": [
        69,
        156
      ],
      "bbox": {
        "x_min": 34,
        "y_min": 116,
        "x_max": 103,
        "y_max": 176
      }
    }
  ],
  "relations": [
    {
      "subject_id": 0,
      "object_id": 1,
      "relation": "right_of",
      "explicit": true
    },
    {
      "subject_id": 0,
      "object_id": 2,
      "relation": "right_of",
      "explicit": true
    },
    {
      "subject_id": 0,
      "object_id": 3,
      "relation": "below",
      "explicit": true
    },
    {
      "subject_id": 1,
      "object_id": 2,
      "relation": "above",
      "explicit": true
    },
    {
      "subject_id": 1,
      "object_id": 3,
      "relation": "left_of",
      "explicit": true
    },
    {
      "subject_id": 2,
      "object_id": 3,
      "relation": "left_of",
      "explicit": false
    }
  ]
}