{
  "image_id": 463,
  "image_filename": "image_00463.png",
  "num_entities": 3,
  "entities": [
    {
      "id": 0,
      "shape": "circle",
      "size": "large",
      "color": "yellow",
      "center": [
        139,
        80
      ],
      "bbox": {
        "x_min": 99,
        "y_min": 40,
        "x_max": 179,
        "y_max": 120
      }
    },
    {
      "id": 1,
      "shape": "rectangle",
      "size": "medium",
      "color": "red",
      "center": [
        74,
        130
      ],
      "bbox": {
        "x_min": 59,
        "y_min": 108,
        "x_max": 89,
        "y_max": 152
      }
    },
    {
      "id": 2,
      "shape": "square",
      "size": "large",
      "color": "green",
      "center": [
        174,
        165
      ],
      "bbox": {
        "x_min": 134,
        "y_min": 125,
        "x_max": 214,
        "y_max": 205
      }
    }
  ],
  "relations": [
    {
      "subject_id": 0,
      "object_id": 1,
      "relation": "left_of",
      "explicit": false
    },
    {
      "subject_id": 0,
      "object_id": 2,
      "relation": "below",
      "explicit": false
    },
    {
      "subject_id": 1,
      "object_id": 2,
      "relation": "right_of",
      "explicit": false
    }
  ]
}