{
  "image_id": 492,
  "image_filename": "image_00492.png",
  "num_entities": 2,
  "entities": [
    {
      "id": 0,
      "shape": "circle",
      "size": "small",
      "color": "yellow",
      "center": [
        147,
        166
      ],
      "bbox": {
        "x_min": 127,
        "y_min": 146,
        "x_max": 167,
        "y_max": 186
      }
    },
    {
      "id": 1,
      "shape": "triangle",
      "size": "medium",
      "color": "blue",
      "center": [
        147,
        78
      ],
      "bbox": {
        "x_min": 121,
        "y_min": 48,
        "x_max": 172,
        "y_max": 93
      }
    }
  ],
  "relations": [
    {
      "subject_id": 0,
      "object_id": 1,
      "relation": "above",
      "explicit": true
    }
  ]
}