{
  "image_id": 796,
  "image_filename": "image_00796.png",
  "num_entities": 3,
  "entities": [
    {
      "id": 0,
      "shape": "triangle",
      "size": "large",
      "color": "blue",
      "center": [
        73,
        82
      ],
      "bbox": {
        "x_min": 38,
        "y_min": 42,
        "x_max": 107,
        "y_max": 102
      }
    },
    {
      "id": 1,
      "shape": "rectangle",
      "size": "small",
      "color": "magenta",
      "center": [
        173,
        76
      ],
      "bbox": {
        "x_min": 163,
        "y_min": 61,
        "x_max": 183,
        "y_max": 91
      }
    },
    {
      "id": 2,
      "shape": "square",
      "size": "large",
      "color": "purple",
      "center": [
        148,
        160
      ],
      "bbox": {
        "x_min": 108,
        "y_min": 120,
        "x_max": 188,
        "y_max": 200
      }
    }
  ],
  "relations": [
    {
      "subject_id": 0,
      "object_id": 1,
      "relation": "right_of",
      "explicit": false
    },
    {
      "subject_id": 0,
      "object_id": 2,
      "relation": "below",
      "explicit": true
    },
    {
      "subject_id": 1,
      "object_id": 2,
      "relation": "below",
      "explicit": true
    }
  ]
}