{
  "image_id": 821,
  "image_filename": "image_00821.png",
  "num_entities": 3,
  "entities": [
    {
      "id": 0,
      "shape": "triangle",
      "size": "small",
      "color": "cyan",
      "center": [
        151,
        62
      ],
      "bbox": {
        "x_min": 133,
        "y_min": 42,
        "x_max": 168,
        "y_max": 72
      }
    },
    {
      "id": 1,
      "shape": "circle",
      "size": "medium",
      "color": "red",
      "center": [
        58,
        160
      ],
      "bbox": {
        "x_min": 28,
        "y_min": 130,
        "x_max": 88,
        "y_max": 190
      }
    },
    {
      "id": 2,
      "shape": "rectangle",
      "size": "large",
      "color": "magenta",
      "center": [
        140,
        147
      ],
      "bbox": {
        "x_min": 120,
        "y_min": 117,
        "x_max": 160,
        "y_max": 177
      }
    }
  ],
  "relations": [
    {
      "subject_id": 0,
      "object_id": 1,
      "relation": "below",
      "explicit": true
    },
    {
      "subject_id": 0,
      "object_id": 2,
      "relation": "below",
      "explicit": true
    },
    {
      "subject_id": 1,
      "object_id": 2,
      "relation": "right_of",
      "explicit": false
    }
  ]
}