{
  "image_id": 227,
  "image_filename": "image_00227.png",
  "num_entities": 2,
  "entities": [
    {
      "id": 0,
      "shape": "triangle",
      "size": "small",
      "color": "green",
      "center": [
        100,
        128
      ],
      "bbox": {
        "x_min": 82,
        "y_min": 108,
        "x_max": 117,
        "y_max": 138
      }
    },
    {
      "id": 1,
      "shape": "square",
      "size": "small",
      "color": "magenta",
      "center": [
        66,
        63
      ],
      "bbox": {
        "x_min": 46,
        "y_min": 43,
        "x_max": 86,
        "y_max": 83
      }
    }
  ],
  "relations": [
    {
      "subject_id": 0,
      "object_id": 1,
      "relation": "above",
      "explicit": false
    }
  ]
}