{
  "image_id": 354,
  "image_filename": "image_00354.png",
  "num_entities": 3,
  "entities": [
    {
      "id": 0,
      "shape": "square",
      "size": "medium",
      "color": "yellow",
      "center": [
        122,
        52
      ],
      "bbox": {
        "x_min": 92,
        "y_min": 22,
        "x_max": 152,
        "y_max": 82
      }
    },
    {
      "id": 1,
      "shape": "rectangle",
      "size": "large",
      "color": "purple",
      "center": [
        157,
        134
      ],
      "bbox": {
        "x_min": 137,
        "y_min": 104,
        "x_max": 177,
        "y_max": 164
      }
    },
    {
      "id": 2,
      "shape": "circle",
      "size": "large",
      "color": "orange",
      "center": [
        52,
        158
      ],
      "bbox": {
        "x_min": 12,
        "y_min": 118,
        "x_max": 92,
        "y_max": 198
      }
    }
  ],
  "relations": [
    {
      "subject_id": 0,
      "object_id": 1,
      "relation": "below",
      "explicit": true
    },
    {
      "subject_id": 0,
      "object_id": 2,
      "relation": "below",
      "explicit": true
    },
    {
      "subject_id": 1,
      "object_id": 2,
      "relation": "left_of",
      "explicit": false
    }
  ]
}