{
  "image_id": 197,
  "image_filename": "image_00197.png",
  "num_entities": 4,
  "entities": [
    {
      "id": 0,
      "shape": "square",
      "size": "medium",
      "color": "yellow",
      "center": [
        119,
        70
      ],
      "bbox": {
        "x_min": 89,
        "y_min": 40,
        "x_max": 149,
        "y_max": 100
      }
    },
    {
      "id": 1,
      "shape": "circle",
      "size": "small",
      "color": "cyan",
      "center": [
        80,
        167
      ],
      "bbox": {
        "x_min": 60,
        "y_min": 147,
        "x_max": 100,
        "y_max": 187
      }
    },
    {
      "id": 2,
      "shape": "square",
      "size": "large",
      "color": "purple",
      "center": [
        165,
        147
      ],
      "bbox": {
        "x_min": 125,
        "y_min": 107,
        "x_max": 205,
        "y_max": 187
      }
    },
    {
      "id": 3,
      "shape": "square",
      "size": "small",
      "color": "magenta",
      "center": [
        51,
        77
      ],
      "bbox": {
        "x_min": 31,
        "y_min": 57,
        "x_max": 71,
        "y_max": 97
      }
    }
  ],
  "relations": [
    {
      "subject_id": 0,
      "object_id": 1,
      "relation": "below",
      "explicit": false
    },
    {
      "subject_id": 0,
      "object_id": 2,
      "relation": "below",
      "explicit": false
    },
    {
      "subject_id": 0,
      "object_id": 3,
      "relation": "left_of",
      "explicit": false
    },
    {
      "subject_id": 1,
      "object_id": 2,
      "relation": "right_of",
      "explicit": true
    },
    {
      "subject_id": 1,
      "object_id": 3,
      "relation": "above",
      "explicit": false
    },
    {
      "subject_id": 2,
      "object_id": 3,
      "relation": "left_of",
      "explicit": false
    }
  ]
}