{
  "image_id": 772,
  "image_filename": "image_00772.png",
  "num_entities": 5,
  "entities": [
    {
      "id": 0,
      "shape": "square",
      "size": "small",
      "color": "yellow",
      "center": [
        135,
        161
      ],
      "bbox": {
        "x_min": 115,
        "y_min": 141,
        "x_max": 155,
        "y_max": 181
      }
    },
    {
      "id": 1,
      "shape": "circle",
      "size": "medium",
      "color": "green",
      "center": [
        72,
        61
      ],
      "bbox": {
        "x_min": 42,
        "y_min": 31,
        "x_max": 102,
        "y_max": 91
      }
    },
    {
      "id": 2,
      "shape": "square",
      "size": "medium",
      "color": "magenta",
      "center": [
        158,
        50
      ],
      "bbox": {
        "x_min": 128,
        "y_min": 20,
        "x_max": 188,
        "y_max": 80
      }
    },
    {
      "id": 3,
      "shape": "rectangle",
      "size": "small",
      "color": "purple",
      "center": [
        106,
        116
      ],
      "bbox": {
        "x_min": 96,
        "y_min": 101,
        "x_max": 116,
        "y_max": 131
      }
    },
    {
      "id": 4,
      "shape": "triangle",
      "size": "small",
      "color": "green",
      "center": [
        61,
        154
      ],
      "bbox": {
        "x_min": 43,
        "y_min": 134,
        "x_max": 78,
        "y_max": 164
      }
    }
  ],
  "relations": [
    {
      "subject_id": 0,
      "object_id": 1,
      "relation": "above",
      "explicit": false
    },
    {
      "subject_id": 0,
      "object_id": 2,
      "relation": "above",
      "explicit": true
    },
    {
      "subject_id": 0,
      "object_id": 3,
      "relation": "above",
      "explicit": true
    },
    {
      "subject_id": 0,
      "object_id": 4,
      "relation": "left_of",
      "explicit": true
    },
    {
      "subject_id": 1,
      "object_id": 2,
      "relation": "right_of",
      "explicit": false
    },
    {
      "subject_id": 1,
      "object_id": 3,
      "relation": "below",
      "explicit": true
    },
    {
      "subject_id": 1,
      "object_id": 4,
      "relation": "below",
      "explicit": false
    },
    {
      "subject_id": 2,
      "object_id": 3,
      "relation": "below",
      "explicit": false
    },
    {
      "subject_id": 2,
      "object_id": 4,
      "relation": "below",
      "explicit": false
    },
    {
      "subject_id": 3,
      "object_id": 4,
      "relation": "left_of",
      "explicit": false
    }
  ]
}