{
  "image_id": 277,
  "image_filename": "image_00277.png",
  "num_entities": 2,
  "entities": [
    {
      "id": 0,
      "shape": "triangle",
      "size": "large",
      "color": "cyan",
      "center": [
        81,
        122
      ],
      "bbox": {
        "x_min": 46,
        "y_min": 82,
        "x_max": 115,
        "y_max": 142
      }
    },
    {
      "id": 1,
      "shape": "rectangle",
      "size": "large",
      "color": "red",
      "center": [
        167,
        150
      ],
      "bbox": {
        "x_min": 147,
        "y_min": 120,
        "x_max": 187,
        "y_max": 180
      }
    }
  ],
  "relations": [
    {
      "subject_id": 0,
      "object_id": 1,
      "relation": "right_of",
      "explicit": false
    }
  ]
}