{
  "image_id": 84,
  "image_filename": "image_00084.png",
  "num_entities": 3,
  "entities": [
    {
      "id": 0,
      "shape": "circle",
      "size": "small",
      "color": "green",
      "center": [
        169,
        173
      ],
      "bbox": {
        "x_min": 149,
        "y_min": 153,
        "x_max": 189,
        "y_max": 193
      }
    },
    {
      "id": 1,
      "shape": "square",
      "size": "large",
      "color": "blue",
      "center": [
        55,
        139
      ],
      "bbox": {
        "x_min": 15,
        "y_min": 99,
        "x_max": 95,
        "y_max": 179
      }
    },
    {
      "id": 2,
      "shape": "triangle",
      "size": "large",
      "color": "orange",
      "center": [
        153,
        91
      ],
      "bbox": {
        "x_min": 118,
        "y_min": 51,
        "x_max": 187,
        "y_max": 111
      }
    }
  ],
  "relations": [
    {
      "subject_id": 0,
      "object_id": 1,
      "relation": "left_of",
      "explicit": false
    },
    {
      "subject_id": 0,
      "object_id": 2,
      "relation": "above",
      "explicit": true
    },
    {
      "subject_id": 1,
      "object_id": 2,
      "relation": "right_of",
      "explicit": true
    }
  ]
}