{
  "image_id": 79,
  "image_filename": "image_00079.png",
  "num_entities": 2,
  "entities": [
    {
      "id": 0,
      "shape": "rectangle",
      "size": "large",
      "color": "yellow",
      "center": [
        160,
        101
      ],
      "bbox": {
        "x_min": 140,
        "y_min": 71,
        "x_max": 180,
        "y_max": 131
      }
    },
    {
      "id": 1,
      "shape": "triangle",
      "size": "large",
      "color": "cyan",
      "center": [
        68,
        53
      ],
      "bbox": {
        "x_min": 33,
        "y_min": 13,
        "x_max": 102,
        "y_max": 73
      }
    }
  ],
  "relations": [
    {
      "subject_id": 0,
      "object_id": 1,
      "relation": "left_of",
      "explicit": true
    }
  ]
}