{
  "image_id": 629,
  "image_filename": "image_00629.png",
  "num_entities": 4,
  "entities": [
    {
      "id": 0,
      "shape": "rectangle",
      "size": "medium",
      "color": "red",
      "center": [
        102,
        131
      ],
      "bbox": {
        "x_min": 87,
        "y_min": 109,
        "x_max": 117,
        "y_max": 153
      }
    },
    {
      "id": 1,
      "shape": "rectangle",
      "size": "small",
      "color": "green",
      "center": [
        158,
        98
      ],
      "bbox": {
        "x_min": 148,
        "y_min": 83,
        "x_max": 168,
        "y_max": 113
      }
    },
    {
      "id": 2,
      "shape": "triangle",
      "size": "large",
      "color": "red",
      "center": [
        57,
        61
      ],
      "bbox": {
        "x_min": 22,
        "y_min": 21,
        "x_max": 91,
        "y_max": 81
      }
    },
    {
      "id": 3,
      "shape": "rectangle",
      "size": "medium",
      "color": "magenta",
      "center": [
        169,
        165
      ],
      "bbox": {
        "x_min": 154,
        "y_min": 143,
        "x_max": 184,
        "y_max": 187
      }
    }
  ],
  "relations": [
    {
      "subject_id": 0,
      "object_id": 1,
      "relation": "right_of",
      "explicit": true
    },
    {
      "subject_id": 0,
      "object_id": 2,
      "relation": "above",
      "explicit": false
    },
    {
      "subject_id": 0,
      "object_id": 3,
      "relation": "right_of",
      "explicit": true
    },
    {
      "subject_id": 1,
      "object_id": 2,
      "relation": "left_of",
      "explicit": true
    },
    {
      "subject_id": 1,
      "object_id": 3,
      "relation": "below",
      "explicit": true
    },
    {
      "subject_id": 2,
      "object_id": 3,
      "relation": "right_of",
      "explicit": true
    }
  ]
}