{
  "image_id": 756,
  "image_filename": "image_00756.png",
  "num_entities": 2,
  "entities": [
    {
      "id": 0,
      "shape": "circle",
      "size": "medium",
      "color": "magenta",
      "center": [
        167,
        131
      ],
      "bbox": {
        "x_min": 137,
        "y_min": 101,
        "x_max": 197,
        "y_max": 161
      }
    },
    {
      "id": 1,
      "shape": "triangle",
      "size": "small",
      "color": "magenta",
      "center": [
        143,
        73
      ],
      "bbox": {
        "x_min": 125,
        "y_min": 53,
        "x_max": 160,
        "y_max": 83
      }
    }
  ],
  "relations": [
    {
      "subject_id": 0,
      "object_id": 1,
      "relation": "above",
      "explicit": false
    }
  ]
}