{
  "image_id": 719,
  "image_filename": "image_00719.png",
  "num_entities": 4,
  "entities": [
    {
      "id": 0,
      "shape": "square",
      "size": "medium",
      "color": "red",
      "center": [
        146,
        83
      ],
      "bbox": {
        "x_min": 116,
        "y_min": 53,
        "x_max": 176,
        "y_max": 113
      }
    },
    {
      "id": 1,
      "shape": "square",
      "size": "medium",
      "color": "purple",
      "center": [
        97,
        161
      ],
      "bbox": {
        "x_min": 67,
        "y_min": 131,
        "x_max": 127,
        "y_max": 191
      }
    },
    {
      "id": 2,
      "shape": "square",
      "size": "large",
      "color": "purple",
      "center": [
        54,
        53
      ],
      "bbox": {
        "x_min": 14,
        "y_min": 13,
        "x_max": 94,
        "y_max": 93
      }
    },
    {
      "id": 3,
      "shape": "circle",
      "size": "medium",
      "color": "cyan",
      "center": [
        171,
        151
      ],
      "bbox": {
        "x_min": 141,
        "y_min": 121,
        "x_max": 201,
        "y_max": 181
      }
    }
  ],
  "relations": [
    {
      "subject_id": 0,
      "object_id": 1,
      "relation": "below",
      "explicit": true
    },
    {
      "subject_id": 0,
      "object_id": 2,
      "relation": "left_of",
      "explicit": false
    },
    {
      "subject_id": 0,
      "object_id": 3,
      "relation": "below",
      "explicit": true
    },
    {
      "subject_id": 1,
      "object_id": 2,
      "relation": "above",
      "explicit": false
    },
    {
      "subject_id": 1,
      "object_id": 3,
      "relation": "right_of",
      "explicit": true
    },
    {
      "subject_id": 2,
      "object_id": 3,
      "relation": "right_of",
      "explicit": true
    }
  ]
}