{
  "image_id": 289,
  "image_filename": "image_00289.png",
  "num_entities": 4,
  "entities": [
    {
      "id": 0,
      "shape": "circle",
      "size": "small",
      "color": "blue",
      "center": [
        152,
        160
      ],
      "bbox": {
        "x_min": 132,
        "y_min": 140,
        "x_max": 172,
        "y_max": 180
      }
    },
    {
      "id": 1,
      "shape": "square",
      "size": "small",
      "color": "green",
      "center": [
        141,
        97
      ],
      "bbox": {
        "x_min": 121,
        "y_min": 77,
        "x_max": 161,
        "y_max": 117
      }
    },
    {
      "id": 2,
      "shape": "square",
      "size": "medium",
      "color": "blue",
      "center": [
        66,
        149
      ],
      "bbox": {
        "x_min": 36,
        "y_min": 119,
        "x_max": 96,
        "y_max": 179
      }
    },
    {
      "id": 3,
      "shape": "circle",
      "size": "small",
      "color": "green",
      "center": [
        65,
        87
      ],
      "bbox": {
        "x_min": 45,
        "y_min": 67,
        "x_max": 85,
        "y_max": 107
      }
    }
  ],
  "relations": [
    {
      "subject_id": 0,
      "object_id": 1,
      "relation": "above",
      "explicit": false
    },
    {
      "subject_id": 0,
      "object_id": 2,
      "relation": "left_of",
      "explicit": true
    },
    {
      "subject_id": 0,
      "object_id": 3,
      "relation": "left_of",
      "explicit": true
    },
    {
      "subject_id": 1,
      "object_id": 2,
      "relation": "left_of",
      "explicit": true
    },
    {
      "subject_id": 1,
      "object_id": 3,
      "relation": "left_of",
      "explicit": false
    },
    {
      "subject_id": 2,
      "object_id": 3,
      "relation": "above",
      "explicit": true
    }
  ]
}