{
  "image_id": 314,
  "image_filename": "image_00314.png",
  "num_entities": 4,
  "entities": [
    {
      "id": 0,
      "shape": "circle",
      "size": "medium",
      "color": "green",
      "center": [
        78,
        171
      ],
      "bbox": {
        "x_min": 48,
        "y_min": 141,
        "x_max": 108,
        "y_max": 201
      }
    },
    {
      "id": 1,
      "shape": "rectangle",
      "size": "large",
      "color": "cyan",
      "center": [
        137,
        74
      ],
      "bbox": {
        "x_min": 117,
        "y_min": 44,
        "x_max": 157,
        "y_max": 104
      }
    },
    {
      "id": 2,
      "shape": "triangle",
      "size": "large",
      "color": "magenta",
      "center": [
        159,
        169
      ],
      "bbox": {
        "x_min": 124,
        "y_min": 129,
        "x_max": 193,
        "y_max": 189
      }
    },
    {
      "id": 3,
      "shape": "triangle",
      "size": "small",
      "color": "purple",
      "center": [
        52,
        106
      ],
      "bbox": {
        "x_min": 34,
        "y_min": 86,
        "x_max": 69,
        "y_max": 116
      }
    }
  ],
  "relations": [
    {
      "subject_id": 0,
      "object_id": 1,
      "relation": "above",
      "explicit": false
    },
    {
      "subject_id": 0,
      "object_id": 2,
      "relation": "right_of",
      "explicit": false
    },
    {
      "subject_id": 0,
      "object_id": 3,
      "relation": "above",
      "explicit": true
    },
    {
      "subject_id": 1,
      "object_id": 2,
      "relation": "below",
      "explicit": true
    },
    {
      "subject_id": 1,
      "object_id": 3,
      "relation": "left_of",
      "explicit": false
    },
    {
      "subject_id": 2,
      "object_id": 3,
      "relation": "left_of",
      "explicit": false
    }
  ]
}