{
  "image_id": 99,
  "image_filename": "image_00099.png",
  "num_entities": 4,
  "entities": [
    {
      "id": 0,
      "shape": "rectangle",
      "size": "medium",
      "color": "cyan",
      "center": [
        64,
        84
      ],
      "bbox": {
        "x_min": 49,
        "y_min": 62,
        "x_max": 79,
        "y_max": 106
      }
    },
    {
      "id": 1,
      "shape": "triangle",
      "size": "large",
      "color": "magenta",
      "center": [
        162,
        153
      ],
      "bbox": {
        "x_min": 127,
        "y_min": 113,
        "x_max": 196,
        "y_max": 173
      }
    },
    {
      "id": 2,
      "shape": "circle",
      "size": "medium",
      "color": "magenta",
      "center": [
        76,
        173
      ],
      "bbox": {
        "x_min": 46,
        "y_min": 143,
        "x_max": 106,
        "y_max": 203
      }
    },
    {
      "id": 3,
      "shape": "circle",
      "size": "large",
      "color": "yellow",
      "center": [
        174,
        62
      ],
      "bbox": {
        "x_min": 134,
        "y_min": 22,
        "x_max": 214,
        "y_max": 102
      }
    }
  ],
  "relations": [
    {
      "subject_id": 0,
      "object_id": 1,
      "relation": "right_of",
      "explicit": false
    },
    {
      "subject_id": 0,
      "object_id": 2,
      "relation": "below",
      "explicit": true
    },
    {
      "subject_id": 0,
      "object_id": 3,
      "relation": "right_of",
      "explicit": true
    },
    {
      "subject_id": 1,
      "object_id": 2,
      "relation": "left_of",
      "explicit": true
    },
    {
      "subject_id": 1,
      "object_id": 3,
      "relation": "above",
      "explicit": false
    },
    {
      "subject_id": 2,
      "object_id": 3,
      "relation": "above",
      "explicit": true
    }
  ]
}