{
  "image_id": 498,
  "image_filename": "image_00498.png",
  "num_entities": 3,
  "entities": [
    {
      "id": 0,
      "shape": "triangle",
      "size": "small",
      "color": "cyan",
      "center": [
        89,
        116
      ],
      "bbox": {
        "x_min": 71,
        "y_min": 96,
        "x_max": 106,
        "y_max": 126
      }
    },
    {
      "id": 1,
      "shape": "triangle",
      "size": "small",
      "color": "orange",
      "center": [
        174,
        139
      ],
      "bbox": {
        "x_min": 156,
        "y_min": 119,
        "x_max": 191,
        "y_max": 149
      }
    },
    {
      "id": 2,
      "shape": "square",
      "size": "small",
      "color": "cyan",
      "center": [
        147,
        84
      ],
      "bbox": {
        "x_min": 127,
        "y_min": 64,
        "x_max": 167,
        "y_max": 104
      }
    }
  ],
  "relations": [
    {
      "subject_id": 0,
      "object_id": 1,
      "relation": "right_of",
      "explicit": true
    },
    {
      "subject_id": 0,
      "object_id": 2,
      "relation": "right_of",
      "explicit": true
    },
    {
      "subject_id": 1,
      "object_id": 2,
      "relation": "above",
      "explicit": true
    }
  ]
}