{
  "image_id": 918,
  "image_filename": "image_00918.png",
  "num_entities": 3,
  "entities": [
    {
      "id": 0,
      "shape": "square",
      "size": "large",
      "color": "blue",
      "center": [
        62,
        141
      ],
      "bbox": {
        "x_min": 22,
        "y_min": 101,
        "x_max": 102,
        "y_max": 181
      }
    },
    {
      "id": 1,
      "shape": "triangle",
      "size": "small",
      "color": "red",
      "center": [
        167,
        101
      ],
      "bbox": {
        "x_min": 149,
        "y_min": 81,
        "x_max": 184,
        "y_max": 111
      }
    },
    {
      "id": 2,
      "shape": "triangle",
      "size": "medium",
      "color": "purple",
      "center": [
        160,
        161
      ],
      "bbox": {
        "x_min": 134,
        "y_min": 131,
        "x_max": 185,
        "y_max": 176
      }
    }
  ],
  "relations": [
    {
      "subject_id": 0,
      "object_id": 1,
      "relation": "right_of",
      "explicit": true
    },
    {
      "subject_id": 0,
      "object_id": 2,
      "relation": "right_of",
      "explicit": true
    },
    {
      "subject_id": 1,
      "object_id": 2,
      "relation": "below",
      "explicit": true
    }
  ]
}