{
  "image_id": 817,
  "image_filename": "image_00817.png",
  "num_entities": 3,
  "entities": [
    {
      "id": 0,
      "shape": "triangle",
      "size": "small",
      "color": "yellow",
      "center": [
        55,
        74
      ],
      "bbox": {
        "x_min": 37,
        "y_min": 54,
        "x_max": 72,
        "y_max": 84
      }
    },
    {
      "id": 1,
      "shape": "square",
      "size": "large",
      "color": "yellow",
      "center": [
        147,
        106
      ],
      "bbox": {
        "x_min": 107,
        "y_min": 66,
        "x_max": 187,
        "y_max": 146
      }
    },
    {
      "id": 2,
      "shape": "rectangle",
      "size": "large",
      "color": "orange",
      "center": [
        61,
        174
      ],
      "bbox": {
        "x_min": 41,
        "y_min": 144,
        "x_max": 81,
        "y_max": 204
      }
    }
  ],
  "relations": [
    {
      "subject_id": 0,
      "object_id": 1,
      "relation": "right_of",
      "explicit": true
    },
    {
      "subject_id": 0,
      "object_id": 2,
      "relation": "below",
      "explicit": true
    },
    {
      "subject_id": 1,
      "object_id": 2,
      "relation": "left_of",
      "explicit": false
    }
  ]
}