{
  "image_id": 658,
  "image_filename": "image_00658.png",
  "num_entities": 4,
  "entities": [
    {
      "id": 0,
      "shape": "square",
      "size": "medium",
      "color": "magenta",
      "center": [
        51,
        130
      ],
      "bbox": {
        "x_min": 21,
        "y_min": 100,
        "x_max": 81,
        "y_max": 160
      }
    },
    {
      "id": 1,
      "shape": "triangle",
      "size": "small",
      "color": "red",
      "center": [
        105,
        95
      ],
      "bbox": {
        "x_min": 87,
        "y_min": 75,
        "x_max": 122,
        "y_max": 105
      }
    },
    {
      "id": 2,
      "shape": "square",
      "size": "medium",
      "color": "yellow",
      "center": [
        156,
        170
      ],
      "bbox": {
        "x_min": 126,
        "y_min": 140,
        "x_max": 186,
        "y_max": 200
      }
    },
    {
      "id": 3,
      "shape": "rectangle",
      "size": "large",
      "color": "purple",
      "center": [
        166,
        55
      ],
      "bbox": {
        "x_min": 146,
        "y_min": 25,
        "x_max": 186,
        "y_max": 85
      }
    }
  ],
  "relations": [
    {
      "subject_id": 0,
      "object_id": 1,
      "relation": "right_of",
      "explicit": false
    },
    {
      "subject_id": 0,
      "object_id": 2,
      "relation": "right_of",
      "explicit": false
    },
    {
      "subject_id": 0,
      "object_id": 3,
      "relation": "right_of",
      "explicit": true
    },
    {
      "subject_id": 1,
      "object_id": 2,
      "relation": "below",
      "explicit": false
    },
    {
      "subject_id": 1,
      "object_id": 3,
      "relation": "right_of",
      "explicit": false
    },
    {
      "subject_id": 2,
      "object_id": 3,
      "relation": "above",
      "explicit": false
    }
  ]
}