{
  "image_id": 368,
  "image_filename": "image_00368.png",
  "num_entities": 2,
  "entities": [
    {
      "id": 0,
      "shape": "rectangle",
      "size": "medium",
      "color": "red",
      "center": [
        110,
        152
      ],
      "bbox": {
        "x_min": 95,
        "y_min": 130,
        "x_max": 125,
        "y_max": 174
      }
    },
    {
      "id": 1,
      "shape": "rectangle",
      "size": "large",
      "color": "magenta",
      "center": [
        118,
        67
      ],
      "bbox": {
        "x_min": 98,
        "y_min": 37,
        "x_max": 138,
        "y_max": 97
      }
    }
  ],
  "relations": [
    {
      "subject_id": 0,
      "object_id": 1,
      "relation": "above",
      "explicit": true
    }
  ]
}