{
  "image_id": 950,
  "image_filename": "image_00950.png",
  "num_entities": 4,
  "entities": [
    {
      "id": 0,
      "shape": "triangle",
      "size": "large",
      "color": "green",
      "center": [
        83,
        87
      ],
      "bbox": {
        "x_min": 48,
        "y_min": 47,
        "x_max": 117,
        "y_max": 107
      }
    },
    {
      "id": 1,
      "shape": "circle",
      "size": "medium",
      "color": "magenta",
      "center": [
        72,
        169
      ],
      "bbox": {
        "x_min": 42,
        "y_min": 139,
        "x_max": 102,
        "y_max": 199
      }
    },
    {
      "id": 2,
      "shape": "circle",
      "size": "medium",
      "color": "yellow",
      "center": [
        162,
        155
      ],
      "bbox": {
        "x_min": 132,
        "y_min": 125,
        "x_max": 192,
        "y_max": 185
      }
    },
    {
      "id": 3,
      "shape": "triangle",
      "size": "small",
      "color": "blue",
      "center": [
        161,
        54
      ],
      "bbox": {
        "x_min": 143,
        "y_min": 34,
        "x_max": 178,
        "y_max": 64
      }
    }
  ],
  "relations": [
    {
      "subject_id": 0,
      "object_id": 1,
      "relation": "below",
      "explicit": true
    },
    {
      "subject_id": 0,
      "object_id": 2,
      "relation": "right_of",
      "explicit": false
    },
    {
      "subject_id": 0,
      "object_id": 3,
      "relation": "right_of",
      "explicit": false
    },
    {
      "subject_id": 1,
      "object_id": 2,
      "relation": "right_of",
      "explicit": true
    },
    {
      "subject_id": 1,
      "object_id": 3,
      "relation": "above",
      "explicit": true
    },
    {
      "subject_id": 2,
      "object_id": 3,
      "relation": "above",
      "explicit": false
    }
  ]
}