{
  "image_id": 850,
  "image_filename": "image_00850.png",
  "num_entities": 3,
  "entities": [
    {
      "id": 0,
      "shape": "triangle",
      "size": "large",
      "color": "magenta",
      "center": [
        162,
        125
      ],
      "bbox": {
        "x_min": 127,
        "y_min": 85,
        "x_max": 196,
        "y_max": 145
      }
    },
    {
      "id": 1,
      "shape": "circle",
      "size": "large",
      "color": "blue",
      "center": [
        66,
        59
      ],
      "bbox": {
        "x_min": 26,
        "y_min": 19,
        "x_max": 106,
        "y_max": 99
      }
    },
    {
      "id": 2,
      "shape": "square",
      "size": "large",
      "color": "green",
      "center": [
        68,
        154
      ],
      "bbox": {
        "x_min": 28,
        "y_min": 114,
        "x_max": 108,
        "y_max": 194
      }
    }
  ],
  "relations": [
    {
      "subject_id": 0,
      "object_id": 1,
      "relation": "left_of",
      "explicit": false
    },
    {
      "subject_id": 0,
      "object_id": 2,
      "relation": "left_of",
      "explicit": true
    },
    {
      "subject_id": 1,
      "object_id": 2,
      "relation": "below",
      "explicit": false
    }
  ]
}