{
  "image_id": 470,
  "image_filename": "image_00470.png",
  "num_entities": 3,
  "entities": [
    {
      "id": 0,
      "shape": "rectangle",
      "size": "large",
      "color": "blue",
      "center": [
        124,
        105
      ],
      "bbox": {
        "x_min": 104,
        "y_min": 75,
        "x_max": 144,
        "y_max": 135
      }
    },
    {
      "id": 1,
      "shape": "triangle",
      "size": "medium",
      "color": "yellow",
      "center": [
        59,
        56
      ],
      "bbox": {
        "x_min": 33,
        "y_min": 26,
        "x_max": 84,
        "y_max": 71
      }
    },
    {
      "id": 2,
      "shape": "rectangle",
      "size": "small",
      "color": "purple",
      "center": [
        55,
        139
      ],
      "bbox": {
        "x_min": 45,
        "y_min": 124,
        "x_max": 65,
        "y_max": 154
      }
    }
  ],
  "relations": [
    {
      "subject_id": 0,
      "object_id": 1,
      "relation": "left_of",
      "explicit": true
    },
    {
      "subject_id": 0,
      "object_id": 2,
      "relation": "left_of",
      "explicit": true
    },
    {
      "subject_id": 1,
      "object_id": 2,
      "relation": "below",
      "explicit": true
    }
  ]
}