{
  "image_id": 796,
  "image_filename": "image_00796.png",
  "num_entities": 2,
  "entities": [
    {
      "id": 0,
      "shape": "triangle",
      "size": "small",
      "color": "magenta",
      "center": [
        53,
        100
      ],
      "bbox": {
        "x_min": 35,
        "y_min": 80,
        "x_max": 70,
        "y_max": 110
      }
    },
    {
      "id": 1,
      "shape": "circle",
      "size": "medium",
      "color": "green",
      "center": [
        130,
        65
      ],
      "bbox": {
        "x_min": 100,
        "y_min": 35,
        "x_max": 160,
        "y_max": 95
      }
    }
  ],
  "relations": [
    {
      "subject_id": 0,
      "object_id": 1,
      "relation": "right_of",
      "explicit": false
    }
  ]
}