{
  "image_id": 299,
  "image_filename": "image_00299.png",
  "num_entities": 3,
  "entities": [
    {
      "id": 0,
      "shape": "circle",
      "size": "medium",
      "color": "cyan",
      "center": [
        71,
        89
      ],
      "bbox": {
        "x_min": 41,
        "y_min": 59,
        "x_max": 101,
        "y_max": 119
      }
    },
    {
      "id": 1,
      "shape": "triangle",
      "size": "medium",
      "color": "orange",
      "center": [
        154,
        81
      ],
      "bbox": {
        "x_min": 128,
        "y_min": 51,
        "x_max": 179,
        "y_max": 96
      }
    },
    {
      "id": 2,
      "shape": "circle",
      "size": "medium",
      "color": "purple",
      "center": [
        102,
        168
      ],
      "bbox": {
        "x_min": 72,
        "y_min": 138,
        "x_max": 132,
        "y_max": 198
      }
    }
  ],
  "relations": [
    {
      "subject_id": 0,
      "object_id": 1,
      "relation": "right_of",
      "explicit": false
    },
    {
      "subject_id": 0,
      "object_id": 2,
      "relation": "below",
      "explicit": true
    },
    {
      "subject_id": 1,
      "object_id": 2,
      "relation": "below",
      "explicit": true
    }
  ]
}