{
  "image_id": 427,
  "image_filename": "image_00427.png",
  "num_entities": 3,
  "entities": [
    {
      "id": 0,
      "shape": "square",
      "size": "medium",
      "color": "orange",
      "center": [
        92,
        128
      ],
      "bbox": {
        "x_min": 62,
        "y_min": 98,
        "x_max": 122,
        "y_max": 158
      }
    },
    {
      "id": 1,
      "shape": "rectangle",
      "size": "small",
      "color": "green",
      "center": [
        64,
        59
      ],
      "bbox": {
        "x_min": 54,
        "y_min": 44,
        "x_max": 74,
        "y_max": 74
      }
    },
    {
      "id": 2,
      "shape": "circle",
      "size": "large",
      "color": "magenta",
      "center": [
        166,
        54
      ],
      "bbox": {
        "x_min": 126,
        "y_min": 14,
        "x_max": 206,
        "y_max": 94
      }
    }
  ],
  "relations": [
    {
      "subject_id": 0,
      "object_id": 1,
      "relation": "above",
      "explicit": true
    },
    {
      "subject_id": 0,
      "object_id": 2,
      "relation": "above",
      "explicit": true
    },
    {
      "subject_id": 1,
      "object_id": 2,
      "relation": "right_of",
      "explicit": true
    }
  ]
}