{
  "image_id": 47,
  "image_filename": "image_00047.png",
  "num_entities": 4,
  "entities": [
    {
      "id": 0,
      "shape": "circle",
      "size": "small",
      "color": "magenta",
      "center": [
        91,
        107
      ],
      "bbox": {
        "x_min": 71,
        "y_min": 87,
        "x_max": 111,
        "y_max": 127
      }
    },
    {
      "id": 1,
      "shape": "rectangle",
      "size": "small",
      "color": "cyan",
      "center": [
        119,
        174
      ],
      "bbox": {
        "x_min": 109,
        "y_min": 159,
        "x_max": 129,
        "y_max": 189
      }
    },
    {
      "id": 2,
      "shape": "triangle",
      "size": "large",
      "color": "red",
      "center": [
        170,
        68
      ],
      "bbox": {
        "x_min": 135,
        "y_min": 28,
        "x_max": 204,
        "y_max": 88
      }
    },
    {
      "id": 3,
      "shape": "rectangle",
      "size": "small",
      "color": "cyan",
      "center": [
        57,
        145
      ],
      "bbox": {
        "x_min": 47,
        "y_min": 130,
        "x_max": 67,
        "y_max": 160
      }
    }
  ],
  "relations": [
    {
      "subject_id": 0,
      "object_id": 1,
      "relation": "below",
      "explicit": true
    },
    {
      "subject_id": 0,
      "object_id": 2,
      "relation": "right_of",
      "explicit": true
    },
    {
      "subject_id": 0,
      "object_id": 3,
      "relation": "below",
      "explicit": true
    },
    {
      "subject_id": 1,
      "object_id": 2,
      "relation": "above",
      "explicit": true
    },
    {
      "subject_id": 1,
      "object_id": 3,
      "relation": "left_of",
      "explicit": false
    },
    {
      "subject_id": 2,
      "object_id": 3,
      "relation": "left_of",
      "explicit": false
    }
  ]
}