{
  "image_id": 724,
  "image_filename": "image_00724.png",
  "num_entities": 3,
  "entities": [
    {
      "id": 0,
      "shape": "triangle",
      "size": "small",
      "color": "green",
      "center": [
        144,
        115
      ],
      "bbox": {
        "x_min": 126,
        "y_min": 95,
        "x_max": 161,
        "y_max": 125
      }
    },
    {
      "id": 1,
      "shape": "circle",
      "size": "small",
      "color": "magenta",
      "center": [
        97,
        137
      ],
      "bbox": {
        "x_min": 77,
        "y_min": 117,
        "x_max": 117,
        "y_max": 157
      }
    },
    {
      "id": 2,
      "shape": "triangle",
      "size": "medium",
      "color": "green",
      "center": [
        60,
        58
      ],
      "bbox": {
        "x_min": 34,
        "y_min": 28,
        "x_max": 85,
        "y_max": 73
      }
    }
  ],
  "relations": [
    {
      "subject_id": 0,
      "object_id": 1,
      "relation": "left_of",
      "explicit": true
    },
    {
      "subject_id": 0,
      "object_id": 2,
      "relation": "left_of",
      "explicit": false
    },
    {
      "subject_id": 1,
      "object_id": 2,
      "relation": "above",
      "explicit": false
    }
  ]
}