{
  "image_id": 83,
  "image_filename": "image_00083.png",
  "num_entities": 3,
  "entities": [
    {
      "id": 0,
      "shape": "rectangle",
      "size": "large",
      "color": "blue",
      "center": [
        124,
        79
      ],
      "bbox": {
        "x_min": 104,
        "y_min": 49,
        "x_max": 144,
        "y_max": 109
      }
    },
    {
      "id": 1,
      "shape": "rectangle",
      "size": "large",
      "color": "green",
      "center": [
        171,
        168
      ],
      "bbox": {
        "x_min": 151,
        "y_min": 138,
        "x_max": 191,
        "y_max": 198
      }
    },
    {
      "id": 2,
      "shape": "square",
      "size": "large",
      "color": "blue",
      "center": [
        50,
        169
      ],
      "bbox": {
        "x_min": 10,
        "y_min": 129,
        "x_max": 90,
        "y_max": 209
      }
    }
  ],
  "relations": [
    {
      "subject_id": 0,
      "object_id": 1,
      "relation": "below",
      "explicit": true
    },
    {
      "subject_id": 0,
      "object_id": 2,
      "relation": "below",
      "explicit": false
    },
    {
      "subject_id": 1,
      "object_id": 2,
      "relation": "left_of",
      "explicit": false
    }
  ]
}