{
  "image_id": 152,
  "image_filename": "image_00152.png",
  "num_entities": 4,
  "entities": [
    {
      "id": 0,
      "shape": "rectangle",
      "size": "large",
      "color": "cyan",
      "center": [
        88,
        122
      ],
      "bbox": {
        "x_min": 68,
        "y_min": 92,
        "x_max": 108,
        "y_max": 152
      }
    },
    {
      "id": 1,
      "shape": "circle",
      "size": "small",
      "color": "orange",
      "center": [
        172,
        87
      ],
      "bbox": {
        "x_min": 152,
        "y_min": 67,
        "x_max": 192,
        "y_max": 107
      }
    },
    {
      "id": 2,
      "shape": "triangle",
      "size": "small",
      "color": "orange",
      "center": [
        59,
        51
      ],
      "bbox": {
        "x_min": 41,
        "y_min": 31,
        "x_max": 76,
        "y_max": 61
      }
    },
    {
      "id": 3,
      "shape": "rectangle",
      "size": "small",
      "color": "magenta",
      "center": [
        137,
        174
      ],
      "bbox": {
        "x_min": 127,
        "y_min": 159,
        "x_max": 147,
        "y_max": 189
      }
    }
  ],
  "relations": [
    {
      "subject_id": 0,
      "object_id": 1,
      "relation": "right_of",
      "explicit": true
    },
    {
      "subject_id": 0,
      "object_id": 2,
      "relation": "above",
      "explicit": true
    },
    {
      "subject_id": 0,
      "object_id": 3,
      "relation": "below",
      "explicit": true
    },
    {
      "subject_id": 1,
      "object_id": 2,
      "relation": "left_of",
      "explicit": true
    },
    {
      "subject_id": 1,
      "object_id": 3,
      "relation": "below",
      "explicit": false
    },
    {
      "subject_id": 2,
      "object_id": 3,
      "relation": "below",
      "explicit": false
    }
  ]
}