{
  "image_id": 973,
  "image_filename": "image_00973.png",
  "num_entities": 3,
  "entities": [
    {
      "id": 0,
      "shape": "circle",
      "size": "large",
      "color": "cyan",
      "center": [
        122,
        133
      ],
      "bbox": {
        "x_min": 82,
        "y_min": 93,
        "x_max": 162,
        "y_max": 173
      }
    },
    {
      "id": 1,
      "shape": "square",
      "size": "large",
      "color": "yellow",
      "center": [
        51,
        76
      ],
      "bbox": {
        "x_min": 11,
        "y_min": 36,
        "x_max": 91,
        "y_max": 116
      }
    },
    {
      "id": 2,
      "shape": "square",
      "size": "small",
      "color": "green",
      "center": [
        136,
        62
      ],
      "bbox": {
        "x_min": 116,
        "y_min": 42,
        "x_max": 156,
        "y_max": 82
      }
    }
  ],
  "relations": [
    {
      "subject_id": 0,
      "object_id": 1,
      "relation": "left_of",
      "explicit": true
    },
    {
      "subject_id": 0,
      "object_id": 2,
      "relation": "above",
      "explicit": true
    },
    {
      "subject_id": 1,
      "object_id": 2,
      "relation": "right_of",
      "explicit": false
    }
  ]
}