{
  "image_id": 731,
  "image_filename": "image_00731.png",
  "num_entities": 4,
  "entities": [
    {
      "id": 0,
      "shape": "triangle",
      "size": "small",
      "color": "cyan",
      "center": [
        150,
        166
      ],
      "bbox": {
        "x_min": 132,
        "y_min": 146,
        "x_max": 167,
        "y_max": 176
      }
    },
    {
      "id": 1,
      "shape": "rectangle",
      "size": "medium",
      "color": "yellow",
      "center": [
        101,
        80
      ],
      "bbox": {
        "x_min": 86,
        "y_min": 58,
        "x_max": 116,
        "y_max": 102
      }
    },
    {
      "id": 2,
      "shape": "square",
      "size": "medium",
      "color": "cyan",
      "center": [
        50,
        133
      ],
      "bbox": {
        "x_min": 20,
        "y_min": 103,
        "x_max": 80,
        "y_max": 163
      }
    },
    {
      "id": 3,
      "shape": "triangle",
      "size": "small",
      "color": "green",
      "center": [
        174,
        94
      ],
      "bbox": {
        "x_min": 156,
        "y_min": 74,
        "x_max": 191,
        "y_max": 104
      }
    }
  ],
  "relations": [
    {
      "subject_id": 0,
      "object_id": 1,
      "relation": "above",
      "explicit": true
    },
    {
      "subject_id": 0,
      "object_id": 2,
      "relation": "left_of",
      "explicit": false
    },
    {
      "subject_id": 0,
      "object_id": 3,
      "relation": "above",
      "explicit": false
    },
    {
      "subject_id": 1,
      "object_id": 2,
      "relation": "below",
      "explicit": true
    },
    {
      "subject_id": 1,
      "object_id": 3,
      "relation": "right_of",
      "explicit": false
    },
    {
      "subject_id": 2,
      "object_id": 3,
      "relation": "right_of",
      "explicit": false
    }
  ]
}