{
  "image_id": 167,
  "image_filename": "image_00167.png",
  "num_entities": 4,
  "entities": [
    {
      "id": 0,
      "shape": "triangle",
      "size": "large",
      "color": "orange",
      "center": [
        94,
        116
      ],
      "bbox": {
        "x_min": 59,
        "y_min": 76,
        "x_max": 128,
        "y_max": 136
      }
    },
    {
      "id": 1,
      "shape": "rectangle",
      "size": "large",
      "color": "red",
      "center": [
        173,
        57
      ],
      "bbox": {
        "x_min": 153,
        "y_min": 27,
        "x_max": 193,
        "y_max": 87
      }
    },
    {
      "id": 2,
      "shape": "triangle",
      "size": "medium",
      "color": "green",
      "center": [
        173,
        161
      ],
      "bbox": {
        "x_min": 147,
        "y_min": 131,
        "x_max": 198,
        "y_max": 176
      }
    },
    {
      "id": 3,
      "shape": "rectangle",
      "size": "small",
      "color": "blue",
      "center": [
        51,
        53
      ],
      "bbox": {
        "x_min": 41,
        "y_min": 38,
        "x_max": 61,
        "y_max": 68
      }
    }
  ],
  "relations": [
    {
      "subject_id": 0,
      "object_id": 1,
      "relation": "right_of",
      "explicit": true
    },
    {
      "subject_id": 0,
      "object_id": 2,
      "relation": "right_of",
      "explicit": false
    },
    {
      "subject_id": 0,
      "object_id": 3,
      "relation": "above",
      "explicit": true
    },
    {
      "subject_id": 1,
      "object_id": 2,
      "relation": "below",
      "explicit": false
    },
    {
      "subject_id": 1,
      "object_id": 3,
      "relation": "left_of",
      "explicit": false
    },
    {
      "subject_id": 2,
      "object_id": 3,
      "relation": "left_of",
      "explicit": true
    }
  ]
}