{
  "image_id": 57,
  "image_filename": "image_00057.png",
  "num_entities": 3,
  "entities": [
    {
      "id": 0,
      "shape": "rectangle",
      "size": "large",
      "color": "red",
      "center": [
        58,
        89
      ],
      "bbox": {
        "x_min": 38,
        "y_min": 59,
        "x_max": 78,
        "y_max": 119
      }
    },
    {
      "id": 1,
      "shape": "triangle",
      "size": "small",
      "color": "cyan",
      "center": [
        136,
        174
      ],
      "bbox": {
        "x_min": 118,
        "y_min": 154,
        "x_max": 153,
        "y_max": 184
      }
    },
    {
      "id": 2,
      "shape": "rectangle",
      "size": "small",
      "color": "cyan",
      "center": [
        148,
        70
      ],
      "bbox": {
        "x_min": 138,
        "y_min": 55,
        "x_max": 158,
        "y_max": 85
      }
    }
  ],
  "relations": [
    {
      "subject_id": 0,
      "object_id": 1,
      "relation": "below",
      "explicit": false
    },
    {
      "subject_id": 0,
      "object_id": 2,
      "relation": "right_of",
      "explicit": true
    },
    {
      "subject_id": 1,
      "object_id": 2,
      "relation": "above",
      "explicit": true
    }
  ]
}