{
  "image_id": 752,
  "image_filename": "image_00752.png",
  "num_entities": 3,
  "entities": [
    {
      "id": 0,
      "shape": "circle",
      "size": "medium",
      "color": "blue",
      "center": [
        89,
        155
      ],
      "bbox": {
        "x_min": 59,
        "y_min": 125,
        "x_max": 119,
        "y_max": 185
      }
    },
    {
      "id": 1,
      "shape": "circle",
      "size": "medium",
      "color": "cyan",
      "center": [
        151,
        65
      ],
      "bbox": {
        "x_min": 121,
        "y_min": 35,
        "x_max": 181,
        "y_max": 95
      }
    },
    {
      "id": 2,
      "shape": "circle",
      "size": "medium",
      "color": "purple",
      "center": [
        68,
        63
      ],
      "bbox": {
        "x_min": 38,
        "y_min": 33,
        "x_max": 98,
        "y_max": 93
      }
    }
  ],
  "relations": [
    {
      "subject_id": 0,
      "object_id": 1,
      "relation": "above",
      "explicit": true
    },
    {
      "subject_id": 0,
      "object_id": 2,
      "relation": "above",
      "explicit": true
    },
    {
      "subject_id": 1,
      "object_id": 2,
      "relation": "left_of",
      "explicit": true
    }
  ]
}