{
  "image_id": 833,
  "image_filename": "image_00833.png",
  "num_entities": 3,
  "entities": [
    {
      "id": 0,
      "shape": "circle",
      "size": "medium",
      "color": "green",
      "center": [
        60,
        131
      ],
      "bbox": {
        "x_min": 30,
        "y_min": 101,
        "x_max": 90,
        "y_max": 161
      }
    },
    {
      "id": 1,
      "shape": "square",
      "size": "medium",
      "color": "orange",
      "center": [
        156,
        66
      ],
      "bbox": {
        "x_min": 126,
        "y_min": 36,
        "x_max": 186,
        "y_max": 96
      }
    },
    {
      "id": 2,
      "shape": "rectangle",
      "size": "medium",
      "color": "green",
      "center": [
        140,
        141
      ],
      "bbox": {
        "x_min": 125,
        "y_min": 119,
        "x_max": 155,
        "y_max": 163
      }
    }
  ],
  "relations": [
    {
      "subject_id": 0,
      "object_id": 1,
      "relation": "right_of",
      "explicit": false
    },
    {
      "subject_id": 0,
      "object_id": 2,
      "relation": "right_of",
      "explicit": false
    },
    {
      "subject_id": 1,
      "object_id": 2,
      "relation": "below",
      "explicit": false
    }
  ]
}