{
  "image_id": 922,
  "image_filename": "image_00922.png",
  "num_entities": 4,
  "entities": [
    {
      "id": 0,
      "shape": "square",
      "size": "medium",
      "color": "purple",
      "center": [
        66,
        92
      ],
      "bbox": {
        "x_min": 36,
        "y_min": 62,
        "x_max": 96,
        "y_max": 122
      }
    },
    {
      "id": 1,
      "shape": "square",
      "size": "medium",
      "color": "purple",
      "center": [
        143,
        87
      ],
      "bbox": {
        "x_min": 113,
        "y_min": 57,
        "x_max": 173,
        "y_max": 117
      }
    },
    {
      "id": 2,
      "shape": "square",
      "size": "medium",
      "color": "green",
      "center": [
        105,
        163
      ],
      "bbox": {
        "x_min": 75,
        "y_min": 133,
        "x_max": 135,
        "y_max": 193
      }
    },
    {
      "id": 3,
      "shape": "triangle",
      "size": "small",
      "color": "magenta",
      "center": [
        166,
        171
      ],
      "bbox": {
        "x_min": 148,
        "y_min": 151,
        "x_max": 183,
        "y_max": 181
      }
    }
  ],
  "relations": [
    {
      "subject_id": 0,
      "object_id": 1,
      "relation": "right_of",
      "explicit": true
    },
    {
      "subject_id": 0,
      "object_id": 2,
      "relation": "below",
      "explicit": false
    },
    {
      "subject_id": 0,
      "object_id": 3,
      "relation": "right_of",
      "explicit": true
    },
    {
      "subject_id": 1,
      "object_id": 2,
      "relation": "below",
      "explicit": false
    },
    {
      "subject_id": 1,
      "object_id": 3,
      "relation": "below",
      "explicit": true
    },
    {
      "subject_id": 2,
      "object_id": 3,
      "relation": "right_of",
      "explicit": true
    }
  ]
}