{
  "image_id": 918,
  "image_filename": "image_00918.png",
  "num_entities": 4,
  "entities": [
    {
      "id": 0,
      "shape": "circle",
      "size": "small",
      "color": "magenta",
      "center": [
        107,
        71
      ],
      "bbox": {
        "x_min": 87,
        "y_min": 51,
        "x_max": 127,
        "y_max": 91
      }
    },
    {
      "id": 1,
      "shape": "circle",
      "size": "medium",
      "color": "blue",
      "center": [
        108,
        132
      ],
      "bbox": {
        "x_min": 78,
        "y_min": 102,
        "x_max": 138,
        "y_max": 162
      }
    },
    {
      "id": 2,
      "shape": "triangle",
      "size": "small",
      "color": "orange",
      "center": [
        52,
        156
      ],
      "bbox": {
        "x_min": 34,
        "y_min": 136,
        "x_max": 69,
        "y_max": 166
      }
    },
    {
      "id": 3,
      "shape": "rectangle",
      "size": "medium",
      "color": "purple",
      "center": [
        172,
        62
      ],
      "bbox": {
        "x_min": 157,
        "y_min": 40,
        "x_max": 187,
        "y_max": 84
      }
    }
  ],
  "relations": [
    {
      "subject_id": 0,
      "object_id": 1,
      "relation": "below",
      "explicit": false
    },
    {
      "subject_id": 0,
      "object_id": 2,
      "relation": "below",
      "explicit": false
    },
    {
      "subject_id": 0,
      "object_id": 3,
      "relation": "right_of",
      "explicit": false
    },
    {
      "subject_id": 1,
      "object_id": 2,
      "relation": "left_of",
      "explicit": false
    },
    {
      "subject_id": 1,
      "object_id": 3,
      "relation": "above",
      "explicit": false
    },
    {
      "subject_id": 2,
      "object_id": 3,
      "relation": "right_of",
      "explicit": false
    }
  ]
}