{
  "image_id": 80,
  "image_filename": "image_00080.png",
  "num_entities": 3,
  "entities": [
    {
      "id": 0,
      "shape": "circle",
      "size": "large",
      "color": "blue",
      "center": [
        66,
        159
      ],
      "bbox": {
        "x_min": 26,
        "y_min": 119,
        "x_max": 106,
        "y_max": 199
      }
    },
    {
      "id": 1,
      "shape": "triangle",
      "size": "large",
      "color": "cyan",
      "center": [
        103,
        53
      ],
      "bbox": {
        "x_min": 68,
        "y_min": 13,
        "x_max": 137,
        "y_max": 73
      }
    },
    {
      "id": 2,
      "shape": "square",
      "size": "medium",
      "color": "magenta",
      "center": [
        170,
        132
      ],
      "bbox": {
        "x_min": 140,
        "y_min": 102,
        "x_max": 200,
        "y_max": 162
      }
    }
  ],
  "relations": [
    {
      "subject_id": 0,
      "object_id": 1,
      "relation": "above",
      "explicit": false
    },
    {
      "subject_id": 0,
      "object_id": 2,
      "relation": "right_of",
      "explicit": true
    },
    {
      "subject_id": 1,
      "object_id": 2,
      "relation": "below",
      "explicit": false
    }
  ]
}