{
  "image_id": 448,
  "image_filename": "image_00448.png",
  "num_entities": 2,
  "entities": [
    {
      "id": 0,
      "shape": "circle",
      "size": "large",
      "color": "red",
      "center": [
        77,
        124
      ],
      "bbox": {
        "x_min": 37,
        "y_min": 84,
        "x_max": 117,
        "y_max": 164
      }
    },
    {
      "id": 1,
      "shape": "circle",
      "size": "small",
      "color": "cyan",
      "center": [
        116,
        58
      ],
      "bbox": {
        "x_min": 96,
        "y_min": 38,
        "x_max": 136,
        "y_max": 78
      }
    }
  ],
  "relations": [
    {
      "subject_id": 0,
      "object_id": 1,
      "relation": "above",
      "explicit": true
    }
  ]
}