{
  "image_id": 934,
  "image_filename": "image_00934.png",
  "num_entities": 3,
  "entities": [
    {
      "id": 0,
      "shape": "square",
      "size": "small",
      "color": "red",
      "center": [
        169,
        57
      ],
      "bbox": {
        "x_min": 149,
        "y_min": 37,
        "x_max": 189,
        "y_max": 77
      }
    },
    {
      "id": 1,
      "shape": "rectangle",
      "size": "large",
      "color": "blue",
      "center": [
        67,
        82
      ],
      "bbox": {
        "x_min": 47,
        "y_min": 52,
        "x_max": 87,
        "y_max": 112
      }
    },
    {
      "id": 2,
      "shape": "rectangle",
      "size": "medium",
      "color": "magenta",
      "center": [
        89,
        159
      ],
      "bbox": {
        "x_min": 74,
        "y_min": 137,
        "x_max": 104,
        "y_max": 181
      }
    }
  ],
  "relations": [
    {
      "subject_id": 0,
      "object_id": 1,
      "relation": "left_of",
      "explicit": false
    },
    {
      "subject_id": 0,
      "object_id": 2,
      "relation": "below",
      "explicit": true
    },
    {
      "subject_id": 1,
      "object_id": 2,
      "relation": "below",
      "explicit": false
    }
  ]
}