{
  "image_id": 38,
  "image_filename": "image_00038.png",
  "num_entities": 2,
  "entities": [
    {
      "id": 0,
      "shape": "square",
      "size": "medium",
      "color": "yellow",
      "center": [
        61,
        69
      ],
      "bbox": {
        "x_min": 31,
        "y_min": 39,
        "x_max": 91,
        "y_max": 99
      }
    },
    {
      "id": 1,
      "shape": "square",
      "size": "small",
      "color": "red",
      "center": [
        105,
        146
      ],
      "bbox": {
        "x_min": 85,
        "y_min": 126,
        "x_max": 125,
        "y_max": 166
      }
    }
  ],
  "relations": [
    {
      "subject_id": 0,
      "object_id": 1,
      "relation": "below",
      "explicit": false
    }
  ]
}