{
  "image_id": 753,
  "image_filename": "image_00753.png",
  "num_entities": 4,
  "entities": [
    {
      "id": 0,
      "shape": "circle",
      "size": "medium",
      "color": "magenta",
      "center": [
        159,
        92
      ],
      "bbox": {
        "x_min": 129,
        "y_min": 62,
        "x_max": 189,
        "y_max": 122
      }
    },
    {
      "id": 1,
      "shape": "rectangle",
      "size": "medium",
      "color": "magenta",
      "center": [
        145,
        161
      ],
      "bbox": {
        "x_min": 130,
        "y_min": 139,
        "x_max": 160,
        "y_max": 183
      }
    },
    {
      "id": 2,
      "shape": "circle",
      "size": "large",
      "color": "red",
      "center": [
        58,
        137
      ],
      "bbox": {
        "x_min": 18,
        "y_min": 97,
        "x_max": 98,
        "y_max": 177
      }
    },
    {
      "id": 3,
      "shape": "square",
      "size": "small",
      "color": "red",
      "center": [
        101,
        61
      ],
      "bbox": {
        "x_min": 81,
        "y_min": 41,
        "x_max": 121,
        "y_max": 81
      }
    }
  ],
  "relations": [
    {
      "subject_id": 0,
      "object_id": 1,
      "relation": "below",
      "explicit": false
    },
    {
      "subject_id": 0,
      "object_id": 2,
      "relation": "left_of",
      "explicit": false
    },
    {
      "subject_id": 0,
      "object_id": 3,
      "relation": "left_of",
      "explicit": true
    },
    {
      "subject_id": 1,
      "object_id": 2,
      "relation": "left_of",
      "explicit": false
    },
    {
      "subject_id": 1,
      "object_id": 3,
      "relation": "above",
      "explicit": true
    },
    {
      "subject_id": 2,
      "object_id": 3,
      "relation": "above",
      "explicit": false
    }
  ]
}