{
  "image_id": 924,
  "image_filename": "image_00924.png",
  "num_entities": 4,
  "entities": [
    {
      "id": 0,
      "shape": "triangle",
      "size": "large",
      "color": "blue",
      "center": [
        142,
        80
      ],
      "bbox": {
        "x_min": 107,
        "y_min": 40,
        "x_max": 176,
        "y_max": 100
      }
    },
    {
      "id": 1,
      "shape": "square",
      "size": "small",
      "color": "cyan",
      "center": [
        140,
        171
      ],
      "bbox": {
        "x_min": 120,
        "y_min": 151,
        "x_max": 160,
        "y_max": 191
      }
    },
    {
      "id": 2,
      "shape": "rectangle",
      "size": "small",
      "color": "orange",
      "center": [
        50,
        172
      ],
      "bbox": {
        "x_min": 40,
        "y_min": 157,
        "x_max": 60,
        "y_max": 187
      }
    },
    {
      "id": 3,
      "shape": "square",
      "size": "large",
      "color": "purple",
      "center": [
        50,
        51
      ],
      "bbox": {
        "x_min": 10,
        "y_min": 11,
        "x_max": 90,
        "y_max": 91
      }
    }
  ],
  "relations": [
    {
      "subject_id": 0,
      "object_id": 1,
      "relation": "below",
      "explicit": true
    },
    {
      "subject_id": 0,
      "object_id": 2,
      "relation": "below",
      "explicit": false
    },
    {
      "subject_id": 0,
      "object_id": 3,
      "relation": "left_of",
      "explicit": true
    },
    {
      "subject_id": 1,
      "object_id": 2,
      "relation": "left_of",
      "explicit": true
    },
    {
      "subject_id": 1,
      "object_id": 3,
      "relation": "above",
      "explicit": false
    },
    {
      "subject_id": 2,
      "object_id": 3,
      "relation": "above",
      "explicit": false
    }
  ]
}