{
  "image_id": 295,
  "image_filename": "image_00295.png",
  "num_entities": 5,
  "entities": [
    {
      "id": 0,
      "shape": "triangle",
      "size": "small",
      "color": "orange",
      "center": [
        149,
        112
      ],
      "bbox": {
        "x_min": 131,
        "y_min": 92,
        "x_max": 166,
        "y_max": 122
      }
    },
    {
      "id": 1,
      "shape": "triangle",
      "size": "large",
      "color": "green",
      "center": [
        58,
        159
      ],
      "bbox": {
        "x_min": 23,
        "y_min": 119,
        "x_max": 92,
        "y_max": 179
      }
    },
    {
      "id": 2,
      "shape": "rectangle",
      "size": "medium",
      "color": "yellow",
      "center": [
        91,
        56
      ],
      "bbox": {
        "x_min": 76,
        "y_min": 34,
        "x_max": 106,
        "y_max": 78
      }
    },
    {
      "id": 3,
      "shape": "circle",
      "size": "small",
      "color": "purple",
      "center": [
        157,
        56
      ],
      "bbox": {
        "x_min": 137,
        "y_min": 36,
        "x_max": 177,
        "y_max": 76
      }
    },
    {
      "id": 4,
      "shape": "rectangle",
      "size": "small",
      "color": "red",
      "center": [
        166,
        160
      ],
      "bbox": {
        "x_min": 156,
        "y_min": 145,
        "x_max": 176,
        "y_max": 175
      }
    }
  ],
  "relations": [
    {
      "subject_id": 0,
      "object_id": 1,
      "relation": "left_of",
      "explicit": true
    },
    {
      "subject_id": 0,
      "object_id": 2,
      "relation": "left_of",
      "explicit": true
    },
    {
      "subject_id": 0,
      "object_id": 3,
      "relation": "above",
      "explicit": false
    },
    {
      "subject_id": 0,
      "object_id": 4,
      "relation": "below",
      "explicit": true
    },
    {
      "subject_id": 1,
      "object_id": 2,
      "relation": "above",
      "explicit": false
    },
    {
      "subject_id": 1,
      "object_id": 3,
      "relation": "above",
      "explicit": true
    },
    {
      "subject_id": 1,
      "object_id": 4,
      "relation": "right_of",
      "explicit": false
    },
    {
      "subject_id": 2,
      "object_id": 3,
      "relation": "right_of",
      "explicit": false
    },
    {
      "subject_id": 2,
      "object_id": 4,
      "relation": "below",
      "explicit": false
    },
    {
      "subject_id": 3,
      "object_id": 4,
      "relation": "below",
      "explicit": false
    }
  ]
}