{
  "image_id": 810,
  "image_filename": "image_00810.png",
  "num_entities": 4,
  "entities": [
    {
      "id": 0,
      "shape": "rectangle",
      "size": "small",
      "color": "blue",
      "center": [
        98,
        67
      ],
      "bbox": {
        "x_min": 88,
        "y_min": 52,
        "x_max": 108,
        "y_max": 82
      }
    },
    {
      "id": 1,
      "shape": "triangle",
      "size": "large",
      "color": "blue",
      "center": [
        173,
        51
      ],
      "bbox": {
        "x_min": 138,
        "y_min": 11,
        "x_max": 207,
        "y_max": 71
      }
    },
    {
      "id": 2,
      "shape": "circle",
      "size": "medium",
      "color": "yellow",
      "center": [
        140,
        132
      ],
      "bbox": {
        "x_min": 110,
        "y_min": 102,
        "x_max": 170,
        "y_max": 162
      }
    },
    {
      "id": 3,
      "shape": "circle",
      "size": "small",
      "color": "purple",
      "center": [
        86,
        169
      ],
      "bbox": {
        "x_min": 66,
        "y_min": 149,
        "x_max": 106,
        "y_max": 189
      }
    }
  ],
  "relations": [
    {
      "subject_id": 0,
      "object_id": 1,
      "relation": "right_of",
      "explicit": false
    },
    {
      "subject_id": 0,
      "object_id": 2,
      "relation": "below",
      "explicit": true
    },
    {
      "subject_id": 0,
      "object_id": 3,
      "relation": "below",
      "explicit": true
    },
    {
      "subject_id": 1,
      "object_id": 2,
      "relation": "below",
      "explicit": true
    },
    {
      "subject_id": 1,
      "object_id": 3,
      "relation": "below",
      "explicit": false
    },
    {
      "subject_id": 2,
      "object_id": 3,
      "relation": "left_of",
      "explicit": true
    }
  ]
}