{
  "image_id": 949,
  "image_filename": "image_00949.png",
  "num_entities": 2,
  "entities": [
    {
      "id": 0,
      "shape": "circle",
      "size": "medium",
      "color": "red",
      "center": [
        159,
        72
      ],
      "bbox": {
        "x_min": 129,
        "y_min": 42,
        "x_max": 189,
        "y_max": 102
      }
    },
    {
      "id": 1,
      "shape": "rectangle",
      "size": "medium",
      "color": "cyan",
      "center": [
        120,
        157
      ],
      "bbox": {
        "x_min": 105,
        "y_min": 135,
        "x_max": 135,
        "y_max": 179
      }
    }
  ],
  "relations": [
    {
      "subject_id": 0,
      "object_id": 1,
      "relation": "below",
      "explicit": true
    }
  ]
}