{
  "image_id": 226,
  "image_filename": "image_00226.png",
  "num_entities": 3,
  "entities": [
    {
      "id": 0,
      "shape": "rectangle",
      "size": "medium",
      "color": "green",
      "center": [
        85,
        161
      ],
      "bbox": {
        "x_min": 70,
        "y_min": 139,
        "x_max": 100,
        "y_max": 183
      }
    },
    {
      "id": 1,
      "shape": "circle",
      "size": "large",
      "color": "cyan",
      "center": [
        114,
        84
      ],
      "bbox": {
        "x_min": 74,
        "y_min": 44,
        "x_max": 154,
        "y_max": 124
      }
    },
    {
      "id": 2,
      "shape": "circle",
      "size": "small",
      "color": "yellow",
      "center": [
        154,
        166
      ],
      "bbox": {
        "x_min": 134,
        "y_min": 146,
        "x_max": 174,
        "y_max": 186
      }
    }
  ],
  "relations": [
    {
      "subject_id": 0,
      "object_id": 1,
      "relation": "above",
      "explicit": false
    },
    {
      "subject_id": 0,
      "object_id": 2,
      "relation": "right_of",
      "explicit": true
    },
    {
      "subject_id": 1,
      "object_id": 2,
      "relation": "below",
      "explicit": true
    }
  ]
}