{
  "image_id": 166,
  "image_filename": "image_00166.png",
  "num_entities": 2,
  "entities": [
    {
      "id": 0,
      "shape": "circle",
      "size": "small",
      "color": "red",
      "center": [
        167,
        144
      ],
      "bbox": {
        "x_min": 147,
        "y_min": 124,
        "x_max": 187,
        "y_max": 164
      }
    },
    {
      "id": 1,
      "shape": "rectangle",
      "size": "medium",
      "color": "blue",
      "center": [
        91,
        172
      ],
      "bbox": {
        "x_min": 76,
        "y_min": 150,
        "x_max": 106,
        "y_max": 194
      }
    }
  ],
  "relations": [
    {
      "subject_id": 0,
      "object_id": 1,
      "relation": "left_of",
      "explicit": false
    }
  ]
}