{
  "image_id": 632,
  "image_filename": "image_00632.png",
  "num_entities": 3,
  "entities": [
    {
      "id": 0,
      "shape": "rectangle",
      "size": "medium",
      "color": "cyan",
      "center": [
        146,
        60
      ],
      "bbox": {
        "x_min": 131,
        "y_min": 38,
        "x_max": 161,
        "y_max": 82
      }
    },
    {
      "id": 1,
      "shape": "triangle",
      "size": "small",
      "color": "yellow",
      "center": [
        122,
        119
      ],
      "bbox": {
        "x_min": 104,
        "y_min": 99,
        "x_max": 139,
        "y_max": 129
      }
    },
    {
      "id": 2,
      "shape": "square",
      "size": "medium",
      "color": "magenta",
      "center": [
        92,
        174
      ],
      "bbox": {
        "x_min": 62,
        "y_min": 144,
        "x_max": 122,
        "y_max": 204
      }
    }
  ],
  "relations": [
    {
      "subject_id": 0,
      "object_id": 1,
      "relation": "below",
      "explicit": true
    },
    {
      "subject_id": 0,
      "object_id": 2,
      "relation": "below",
      "explicit": true
    },
    {
      "subject_id": 1,
      "object_id": 2,
      "relation": "below",
      "explicit": true
    }
  ]
}