{
  "image_id": 456,
  "image_filename": "image_00456.png",
  "num_entities": 4,
  "entities": [
    {
      "id": 0,
      "shape": "triangle",
      "size": "medium",
      "color": "green",
      "center": [
        51,
        173
      ],
      "bbox": {
        "x_min": 25,
        "y_min": 143,
        "x_max": 76,
        "y_max": 188
      }
    },
    {
      "id": 1,
      "shape": "triangle",
      "size": "small",
      "color": "orange",
      "center": [
        140,
        53
      ],
      "bbox": {
        "x_min": 122,
        "y_min": 33,
        "x_max": 157,
        "y_max": 63
      }
    },
    {
      "id": 2,
      "shape": "triangle",
      "size": "medium",
      "color": "red",
      "center": [
        81,
        104
      ],
      "bbox": {
        "x_min": 55,
        "y_min": 74,
        "x_max": 106,
        "y_max": 119
      }
    },
    {
      "id": 3,
      "shape": "circle",
      "size": "large",
      "color": "orange",
      "center": [
        161,
        158
      ],
      "bbox": {
        "x_min": 121,
        "y_min": 118,
        "x_max": 201,
        "y_max": 198
      }
    }
  ],
  "relations": [
    {
      "subject_id": 0,
      "object_id": 1,
      "relation": "above",
      "explicit": false
    },
    {
      "subject_id": 0,
      "object_id": 2,
      "relation": "above",
      "explicit": false
    },
    {
      "subject_id": 0,
      "object_id": 3,
      "relation": "right_of",
      "explicit": true
    },
    {
      "subject_id": 1,
      "object_id": 2,
      "relation": "left_of",
      "explicit": true
    },
    {
      "subject_id": 1,
      "object_id": 3,
      "relation": "below",
      "explicit": false
    },
    {
      "subject_id": 2,
      "object_id": 3,
      "relation": "right_of",
      "explicit": true
    }
  ]
}