{
  "image_id": 700,
  "image_filename": "image_00700.png",
  "num_entities": 2,
  "entities": [
    {
      "id": 0,
      "shape": "circle",
      "size": "large",
      "color": "blue",
      "center": [
        114,
        167
      ],
      "bbox": {
        "x_min": 74,
        "y_min": 127,
        "x_max": 154,
        "y_max": 207
      }
    },
    {
      "id": 1,
      "shape": "square",
      "size": "large",
      "color": "purple",
      "center": [
        154,
        85
      ],
      "bbox": {
        "x_min": 114,
        "y_min": 45,
        "x_max": 194,
        "y_max": 125
      }
    }
  ],
  "relations": [
    {
      "subject_id": 0,
      "object_id": 1,
      "relation": "above",
      "explicit": true
    }
  ]
}