{
  "image_id": 226,
  "image_filename": "image_00226.png",
  "num_entities": 3,
  "entities": [
    {
      "id": 0,
      "shape": "circle",
      "size": "medium",
      "color": "purple",
      "center": [
        80,
        85
      ],
      "bbox": {
        "x_min": 50,
        "y_min": 55,
        "x_max": 110,
        "y_max": 115
      }
    },
    {
      "id": 1,
      "shape": "circle",
      "size": "medium",
      "color": "purple",
      "center": [
        141,
        143
      ],
      "bbox": {
        "x_min": 111,
        "y_min": 113,
        "x_max": 171,
        "y_max": 173
      }
    },
    {
      "id": 2,
      "shape": "square",
      "size": "large",
      "color": "purple",
      "center": [
        63,
        167
      ],
      "bbox": {
        "x_min": 23,
        "y_min": 127,
        "x_max": 103,
        "y_max": 207
      }
    }
  ],
  "relations": [
    {
      "subject_id": 0,
      "object_id": 1,
      "relation": "right_of",
      "explicit": true
    },
    {
      "subject_id": 0,
      "object_id": 2,
      "relation": "below",
      "explicit": true
    },
    {
      "subject_id": 1,
      "object_id": 2,
      "relation": "left_of",
      "explicit": true
    }
  ]
}