{
  "image_id": 934,
  "image_filename": "image_00934.png",
  "num_entities": 4,
  "entities": [
    {
      "id": 0,
      "shape": "circle",
      "size": "medium",
      "color": "purple",
      "center": [
        155,
        69
      ],
      "bbox": {
        "x_min": 125,
        "y_min": 39,
        "x_max": 185,
        "y_max": 99
      }
    },
    {
      "id": 1,
      "shape": "square",
      "size": "large",
      "color": "purple",
      "center": [
        55,
        132
      ],
      "bbox": {
        "x_min": 15,
        "y_min": 92,
        "x_max": 95,
        "y_max": 172
      }
    },
    {
      "id": 2,
      "shape": "triangle",
      "size": "small",
      "color": "purple",
      "center": [
        174,
        153
      ],
      "bbox": {
        "x_min": 156,
        "y_min": 133,
        "x_max": 191,
        "y_max": 163
      }
    },
    {
      "id": 3,
      "shape": "triangle",
      "size": "small",
      "color": "green",
      "center": [
        87,
        68
      ],
      "bbox": {
        "x_min": 69,
        "y_min": 48,
        "x_max": 104,
        "y_max": 78
      }
    }
  ],
  "relations": [
    {
      "subject_id": 0,
      "object_id": 1,
      "relation": "left_of",
      "explicit": false
    },
    {
      "subject_id": 0,
      "object_id": 2,
      "relation": "below",
      "explicit": true
    },
    {
      "subject_id": 0,
      "object_id": 3,
      "relation": "left_of",
      "explicit": false
    },
    {
      "subject_id": 1,
      "object_id": 2,
      "relation": "right_of",
      "explicit": false
    },
    {
      "subject_id": 1,
      "object_id": 3,
      "relation": "above",
      "explicit": false
    },
    {
      "subject_id": 2,
      "object_id": 3,
      "relation": "left_of",
      "explicit": true
    }
  ]
}