{
  "image_id": 317,
  "image_filename": "image_00317.png",
  "num_entities": 2,
  "entities": [
    {
      "id": 0,
      "shape": "rectangle",
      "size": "medium",
      "color": "purple",
      "center": [
        135,
        70
      ],
      "bbox": {
        "x_min": 120,
        "y_min": 48,
        "x_max": 150,
        "y_max": 92
      }
    },
    {
      "id": 1,
      "shape": "rectangle",
      "size": "large",
      "color": "cyan",
      "center": [
        91,
        151
      ],
      "bbox": {
        "x_min": 71,
        "y_min": 121,
        "x_max": 111,
        "y_max": 181
      }
    }
  ],
  "relations": [
    {
      "subject_id": 0,
      "object_id": 1,
      "relation": "below",
      "explicit": false
    }
  ]
}