{
  "image_id": 282,
  "image_filename": "image_00282.png",
  "num_entities": 3,
  "entities": [
    {
      "id": 0,
      "shape": "circle",
      "size": "medium",
      "color": "yellow",
      "center": [
        170,
        60
      ],
      "bbox": {
        "x_min": 140,
        "y_min": 30,
        "x_max": 200,
        "y_max": 90
      }
    },
    {
      "id": 1,
      "shape": "circle",
      "size": "medium",
      "color": "blue",
      "center": [
        96,
        168
      ],
      "bbox": {
        "x_min": 66,
        "y_min": 138,
        "x_max": 126,
        "y_max": 198
      }
    },
    {
      "id": 2,
      "shape": "square",
      "size": "small",
      "color": "green",
      "center": [
        66,
        67
      ],
      "bbox": {
        "x_min": 46,
        "y_min": 47,
        "x_max": 86,
        "y_max": 87
      }
    }
  ],
  "relations": [
    {
      "subject_id": 0,
      "object_id": 1,
      "relation": "below",
      "explicit": true
    },
    {
      "subject_id": 0,
      "object_id": 2,
      "relation": "left_of",
      "explicit": true
    },
    {
      "subject_id": 1,
      "object_id": 2,
      "relation": "above",
      "explicit": true
    }
  ]
}