{
  "image_id": 141,
  "image_filename": "image_00141.png",
  "num_entities": 4,
  "entities": [
    {
      "id": 0,
      "shape": "circle",
      "size": "large",
      "color": "magenta",
      "center": [
        161,
        66
      ],
      "bbox": {
        "x_min": 121,
        "y_min": 26,
        "x_max": 201,
        "y_max": 106
      }
    },
    {
      "id": 1,
      "shape": "circle",
      "size": "large",
      "color": "blue",
      "center": [
        124,
        161
      ],
      "bbox": {
        "x_min": 84,
        "y_min": 121,
        "x_max": 164,
        "y_max": 201
      }
    },
    {
      "id": 2,
      "shape": "rectangle",
      "size": "medium",
      "color": "magenta",
      "center": [
        75,
        64
      ],
      "bbox": {
        "x_min": 60,
        "y_min": 42,
        "x_max": 90,
        "y_max": 86
      }
    },
    {
      "id": 3,
      "shape": "circle",
      "size": "small",
      "color": "blue",
      "center": [
        55,
        125
      ],
      "bbox": {
        "x_min": 35,
        "y_min": 105,
        "x_max": 75,
        "y_max": 145
      }
    }
  ],
  "relations": [
    {
      "subject_id": 0,
      "object_id": 1,
      "relation": "below",
      "explicit": false
    },
    {
      "subject_id": 0,
      "object_id": 2,
      "relation": "left_of",
      "explicit": false
    },
    {
      "subject_id": 0,
      "object_id": 3,
      "relation": "left_of",
      "explicit": true
    },
    {
      "subject_id": 1,
      "object_id": 2,
      "relation": "above",
      "explicit": false
    },
    {
      "subject_id": 1,
      "object_id": 3,
      "relation": "left_of",
      "explicit": false
    },
    {
      "subject_id": 2,
      "object_id": 3,
      "relation": "below",
      "explicit": true
    }
  ]
}