{
  "image_id": 656,
  "image_filename": "image_00656.png",
  "num_entities": 2,
  "entities": [
    {
      "id": 0,
      "shape": "square",
      "size": "small",
      "color": "green",
      "center": [
        84,
        167
      ],
      "bbox": {
        "x_min": 64,
        "y_min": 147,
        "x_max": 104,
        "y_max": 187
      }
    },
    {
      "id": 1,
      "shape": "triangle",
      "size": "large",
      "color": "blue",
      "center": [
        158,
        160
      ],
      "bbox": {
        "x_min": 123,
        "y_min": 120,
        "x_max": 192,
        "y_max": 180
      }
    }
  ],
  "relations": [
    {
      "subject_id": 0,
      "object_id": 1,
      "relation": "right_of",
      "explicit": true
    }
  ]
}