{
  "image_id": 940,
  "image_filename": "image_00940.png",
  "num_entities": 3,
  "entities": [
    {
      "id": 0,
      "shape": "square",
      "size": "medium",
      "color": "orange",
      "center": [
        149,
        124
      ],
      "bbox": {
        "x_min": 119,
        "y_min": 94,
        "x_max": 179,
        "y_max": 154
      }
    },
    {
      "id": 1,
      "shape": "circle",
      "size": "medium",
      "color": "blue",
      "center": [
        65,
        147
      ],
      "bbox": {
        "x_min": 35,
        "y_min": 117,
        "x_max": 95,
        "y_max": 177
      }
    },
    {
      "id": 2,
      "shape": "square",
      "size": "large",
      "color": "green",
      "center": [
        87,
        63
      ],
      "bbox": {
        "x_min": 47,
        "y_min": 23,
        "x_max": 127,
        "y_max": 103
      }
    }
  ],
  "relations": [
    {
      "subject_id": 0,
      "object_id": 1,
      "relation": "left_of",
      "explicit": false
    },
    {
      "subject_id": 0,
      "object_id": 2,
      "relation": "left_of",
      "explicit": true
    },
    {
      "subject_id": 1,
      "object_id": 2,
      "relation": "above",
      "explicit": false
    }
  ]
}