{
  "image_id": 270,
  "image_filename": "image_00270.png",
  "num_entities": 4,
  "entities": [
    {
      "id": 0,
      "shape": "square",
      "size": "large",
      "color": "yellow",
      "center": [
        57,
        73
      ],
      "bbox": {
        "x_min": 17,
        "y_min": 33,
        "x_max": 97,
        "y_max": 113
      }
    },
    {
      "id": 1,
      "shape": "circle",
      "size": "small",
      "color": "purple",
      "center": [
        64,
        172
      ],
      "bbox": {
        "x_min": 44,
        "y_min": 152,
        "x_max": 84,
        "y_max": 192
      }
    },
    {
      "id": 2,
      "shape": "circle",
      "size": "large",
      "color": "magenta",
      "center": [
        128,
        140
      ],
      "bbox": {
        "x_min": 88,
        "y_min": 100,
        "x_max": 168,
        "y_max": 180
      }
    },
    {
      "id": 3,
      "shape": "triangle",
      "size": "medium",
      "color": "purple",
      "center": [
        158,
        59
      ],
      "bbox": {
        "x_min": 132,
        "y_min": 29,
        "x_max": 183,
        "y_max": 74
      }
    }
  ],
  "relations": [
    {
      "subject_id": 0,
      "object_id": 1,
      "relation": "below",
      "explicit": false
    },
    {
      "subject_id": 0,
      "object_id": 2,
      "relation": "right_of",
      "explicit": true
    },
    {
      "subject_id": 0,
      "object_id": 3,
      "relation": "right_of",
      "explicit": false
    },
    {
      "subject_id": 1,
      "object_id": 2,
      "relation": "right_of",
      "explicit": true
    },
    {
      "subject_id": 1,
      "object_id": 3,
      "relation": "above",
      "explicit": false
    },
    {
      "subject_id": 2,
      "object_id": 3,
      "relation": "above",
      "explicit": true
    }
  ]
}