{
  "image_id": 824,
  "image_filename": "image_00824.png",
  "num_entities": 4,
  "entities": [
    {
      "id": 0,
      "shape": "square",
      "size": "large",
      "color": "magenta",
      "center": [
        93,
        59
      ],
      "bbox": {
        "x_min": 53,
        "y_min": 19,
        "x_max": 133,
        "y_max": 99
      }
    },
    {
      "id": 1,
      "shape": "square",
      "size": "large",
      "color": "yellow",
      "center": [
        52,
        148
      ],
      "bbox": {
        "x_min": 12,
        "y_min": 108,
        "x_max": 92,
        "y_max": 188
      }
    },
    {
      "id": 2,
      "shape": "triangle",
      "size": "small",
      "color": "purple",
      "center": [
        163,
        70
      ],
      "bbox": {
        "x_min": 145,
        "y_min": 50,
        "x_max": 180,
        "y_max": 80
      }
    },
    {
      "id": 3,
      "shape": "circle",
      "size": "medium",
      "color": "purple",
      "center": [
        135,
        169
      ],
      "bbox": {
        "x_min": 105,
        "y_min": 139,
        "x_max": 165,
        "y_max": 199
      }
    }
  ],
  "relations": [
    {
      "subject_id": 0,
      "object_id": 1,
      "relation": "below",
      "explicit": false
    },
    {
      "subject_id": 0,
      "object_id": 2,
      "relation": "right_of",
      "explicit": false
    },
    {
      "subject_id": 0,
      "object_id": 3,
      "relation": "below",
      "explicit": false
    },
    {
      "subject_id": 1,
      "object_id": 2,
      "relation": "right_of",
      "explicit": false
    },
    {
      "subject_id": 1,
      "object_id": 3,
      "relation": "right_of",
      "explicit": true
    },
    {
      "subject_id": 2,
      "object_id": 3,
      "relation": "below",
      "explicit": true
    }
  ]
}