{
  "image_id": 582,
  "image_filename": "image_00582.png",
  "num_entities": 2,
  "entities": [
    {
      "id": 0,
      "shape": "rectangle",
      "size": "small",
      "color": "orange",
      "center": [
        160,
        141
      ],
      "bbox": {
        "x_min": 150,
        "y_min": 126,
        "x_max": 170,
        "y_max": 156
      }
    },
    {
      "id": 1,
      "shape": "circle",
      "size": "medium",
      "color": "red",
      "center": [
        142,
        78
      ],
      "bbox": {
        "x_min": 112,
        "y_min": 48,
        "x_max": 172,
        "y_max": 108
      }
    }
  ],
  "relations": [
    {
      "subject_id": 0,
      "object_id": 1,
      "relation": "above",
      "explicit": false
    }
  ]
}