{
  "image_id": 50,
  "image_filename": "image_00050.png",
  "num_entities": 3,
  "entities": [
    {
      "id": 0,
      "shape": "rectangle",
      "size": "medium",
      "color": "yellow",
      "center": [
        112,
        82
      ],
      "bbox": {
        "x_min": 97,
        "y_min": 60,
        "x_max": 127,
        "y_max": 104
      }
    },
    {
      "id": 1,
      "shape": "square",
      "size": "medium",
      "color": "yellow",
      "center": [
        168,
        166
      ],
      "bbox": {
        "x_min": 138,
        "y_min": 136,
        "x_max": 198,
        "y_max": 196
      }
    },
    {
      "id": 2,
      "shape": "rectangle",
      "size": "medium",
      "color": "green",
      "center": [
        80,
        146
      ],
      "bbox": {
        "x_min": 65,
        "y_min": 124,
        "x_max": 95,
        "y_max": 168
      }
    }
  ],
  "relations": [
    {
      "subject_id": 0,
      "object_id": 1,
      "relation": "below",
      "explicit": true
    },
    {
      "subject_id": 0,
      "object_id": 2,
      "relation": "below",
      "explicit": false
    },
    {
      "subject_id": 1,
      "object_id": 2,
      "relation": "left_of",
      "explicit": true
    }
  ]
}