{
  "image_id": 916,
  "image_filename": "image_00916.png",
  "num_entities": 2,
  "entities": [
    {
      "id": 0,
      "shape": "circle",
      "size": "medium",
      "color": "red",
      "center": [
        123,
        74
      ],
      "bbox": {
        "x_min": 93,
        "y_min": 44,
        "x_max": 153,
        "y_max": 104
      }
    },
    {
      "id": 1,
      "shape": "circle",
      "size": "small",
      "color": "magenta",
      "center": [
        52,
        161
      ],
      "bbox": {
        "x_min": 32,
        "y_min": 141,
        "x_max": 72,
        "y_max": 181
      }
    }
  ],
  "relations": [
    {
      "subject_id": 0,
      "object_id": 1,
      "relation": "below",
      "explicit": true
    }
  ]
}