{
  "image_id": 273,
  "image_filename": "image_00273.png",
  "num_entities": 4,
  "entities": [
    {
      "id": 0,
      "shape": "square",
      "size": "small",
      "color": "purple",
      "center": [
        54,
        93
      ],
      "bbox": {
        "x_min": 34,
        "y_min": 73,
        "x_max": 74,
        "y_max": 113
      }
    },
    {
      "id": 1,
      "shape": "circle",
      "size": "large",
      "color": "cyan",
      "center": [
        139,
        174
      ],
      "bbox": {
        "x_min": 99,
        "y_min": 134,
        "x_max": 179,
        "y_max": 214
      }
    },
    {
      "id": 2,
      "shape": "rectangle",
      "size": "small",
      "color": "green",
      "center": [
        140,
        78
      ],
      "bbox": {
        "x_min": 130,
        "y_min": 63,
        "x_max": 150,
        "y_max": 93
      }
    },
    {
      "id": 3,
      "shape": "circle",
      "size": "medium",
      "color": "yellow",
      "center": [
        58,
        167
      ],
      "bbox": {
        "x_min": 28,
        "y_min": 137,
        "x_max": 88,
        "y_max": 197
      }
    }
  ],
  "relations": [
    {
      "subject_id": 0,
      "object_id": 1,
      "relation": "right_of",
      "explicit": true
    },
    {
      "subject_id": 0,
      "object_id": 2,
      "relation": "right_of",
      "explicit": true
    },
    {
      "subject_id": 0,
      "object_id": 3,
      "relation": "below",
      "explicit": false
    },
    {
      "subject_id": 1,
      "object_id": 2,
      "relation": "above",
      "explicit": true
    },
    {
      "subject_id": 1,
      "object_id": 3,
      "relation": "left_of",
      "explicit": true
    },
    {
      "subject_id": 2,
      "object_id": 3,
      "relation": "below",
      "explicit": false
    }
  ]
}