{
  "image_id": 716,
  "image_filename": "image_00716.png",
  "num_entities": 2,
  "entities": [
    {
      "id": 0,
      "shape": "square",
      "size": "large",
      "color": "red",
      "center": [
        119,
        146
      ],
      "bbox": {
        "x_min": 79,
        "y_min": 106,
        "x_max": 159,
        "y_max": 186
      }
    },
    {
      "id": 1,
      "shape": "rectangle",
      "size": "large",
      "color": "blue",
      "center": [
        86,
        53
      ],
      "bbox": {
        "x_min": 66,
        "y_min": 23,
        "x_max": 106,
        "y_max": 83
      }
    }
  ],
  "relations": [
    {
      "subject_id": 0,
      "object_id": 1,
      "relation": "above",
      "explicit": false
    }
  ]
}