{
  "image_id": 159,
  "image_filename": "image_00159.png",
  "num_entities": 2,
  "entities": [
    {
      "id": 0,
      "shape": "triangle",
      "size": "large",
      "color": "orange",
      "center": [
        111,
        156
      ],
      "bbox": {
        "x_min": 76,
        "y_min": 116,
        "x_max": 145,
        "y_max": 176
      }
    },
    {
      "id": 1,
      "shape": "triangle",
      "size": "large",
      "color": "magenta",
      "center": [
        151,
        62
      ],
      "bbox": {
        "x_min": 116,
        "y_min": 22,
        "x_max": 185,
        "y_max": 82
      }
    }
  ],
  "relations": [
    {
      "subject_id": 0,
      "object_id": 1,
      "relation": "above",
      "explicit": false
    }
  ]
}