{
  "image_id": 473,
  "image_filename": "image_00473.png",
  "num_entities": 3,
  "entities": [
    {
      "id": 0,
      "shape": "circle",
      "size": "small",
      "color": "green",
      "center": [
        57,
        127
      ],
      "bbox": {
        "x_min": 37,
        "y_min": 107,
        "x_max": 77,
        "y_max": 147
      }
    },
    {
      "id": 1,
      "shape": "triangle",
      "size": "medium",
      "color": "green",
      "center": [
        139,
        125
      ],
      "bbox": {
        "x_min": 113,
        "y_min": 95,
        "x_max": 164,
        "y_max": 140
      }
    },
    {
      "id": 2,
      "shape": "square",
      "size": "medium",
      "color": "purple",
      "center": [
        74,
        62
      ],
      "bbox": {
        "x_min": 44,
        "y_min": 32,
        "x_max": 104,
        "y_max": 92
      }
    }
  ],
  "relations": [
    {
      "subject_id": 0,
      "object_id": 1,
      "relation": "right_of",
      "explicit": true
    },
    {
      "subject_id": 0,
      "object_id": 2,
      "relation": "above",
      "explicit": true
    },
    {
      "subject_id": 1,
      "object_id": 2,
      "relation": "left_of",
      "explicit": false
    }
  ]
}