{
  "image_id": 533,
  "image_filename": "image_00533.png",
  "num_entities": 4,
  "entities": [
    {
      "id": 0,
      "shape": "rectangle",
      "size": "small",
      "color": "yellow",
      "center": [
        171,
        166
      ],
      "bbox": {
        "x_min": 161,
        "y_min": 151,
        "x_max": 181,
        "y_max": 181
      }
    },
    {
      "id": 1,
      "shape": "square",
      "size": "medium",
      "color": "cyan",
      "center": [
        76,
        173
      ],
      "bbox": {
        "x_min": 46,
        "y_min": 143,
        "x_max": 106,
        "y_max": 203
      }
    },
    {
      "id": 2,
      "shape": "triangle",
      "size": "medium",
      "color": "purple",
      "center": [
        51,
        82
      ],
      "bbox": {
        "x_min": 25,
        "y_min": 52,
        "x_max": 76,
        "y_max": 97
      }
    },
    {
      "id": 3,
      "shape": "rectangle",
      "size": "medium",
      "color": "magenta",
      "center": [
        153,
        108
      ],
      "bbox": {
        "x_min": 138,
        "y_min": 86,
        "x_max": 168,
        "y_max": 130
      }
    }
  ],
  "relations": [
    {
      "subject_id": 0,
      "object_id": 1,
      "relation": "left_of",
      "explicit": true
    },
    {
      "subject_id": 0,
      "object_id": 2,
      "relation": "left_of",
      "explicit": true
    },
    {
      "subject_id": 0,
      "object_id": 3,
      "relation": "above",
      "explicit": true
    },
    {
      "subject_id": 1,
      "object_id": 2,
      "relation": "above",
      "explicit": false
    },
    {
      "subject_id": 1,
      "object_id": 3,
      "relation": "right_of",
      "explicit": true
    },
    {
      "subject_id": 2,
      "object_id": 3,
      "relation": "right_of",
      "explicit": false
    }
  ]
}