{
  "image_id": 604,
  "image_filename": "image_00604.png",
  "num_entities": 2,
  "entities": [
    {
      "id": 0,
      "shape": "triangle",
      "size": "large",
      "color": "orange",
      "center": [
        54,
        138
      ],
      "bbox": {
        "x_min": 19,
        "y_min": 98,
        "x_max": 88,
        "y_max": 158
      }
    },
    {
      "id": 1,
      "shape": "triangle",
      "size": "medium",
      "color": "green",
      "center": [
        117,
        60
      ],
      "bbox": {
        "x_min": 91,
        "y_min": 30,
        "x_max": 142,
        "y_max": 75
      }
    }
  ],
  "relations": [
    {
      "subject_id": 0,
      "object_id": 1,
      "relation": "above",
      "explicit": true
    }
  ]
}