{
  "image_id": 776,
  "image_filename": "image_00776.png",
  "num_entities": 3,
  "entities": [
    {
      "id": 0,
      "shape": "rectangle",
      "size": "medium",
      "color": "red",
      "center": [
        68,
        155
      ],
      "bbox": {
        "x_min": 53,
        "y_min": 133,
        "x_max": 83,
        "y_max": 177
      }
    },
    {
      "id": 1,
      "shape": "circle",
      "size": "medium",
      "color": "magenta",
      "center": [
        122,
        106
      ],
      "bbox": {
        "x_min": 92,
        "y_min": 76,
        "x_max": 152,
        "y_max": 136
      }
    },
    {
      "id": 2,
      "shape": "square",
      "size": "large",
      "color": "blue",
      "center": [
        55,
        55
      ],
      "bbox": {
        "x_min": 15,
        "y_min": 15,
        "x_max": 95,
        "y_max": 95
      }
    }
  ],
  "relations": [
    {
      "subject_id": 0,
      "object_id": 1,
      "relation": "right_of",
      "explicit": false
    },
    {
      "subject_id": 0,
      "object_id": 2,
      "relation": "above",
      "explicit": true
    },
    {
      "subject_id": 1,
      "object_id": 2,
      "relation": "left_of",
      "explicit": true
    }
  ]
}