{
  "image_id": 700,
  "image_filename": "image_00700.png",
  "num_entities": 4,
  "entities": [
    {
      "id": 0,
      "shape": "circle",
      "size": "medium",
      "color": "blue",
      "center": [
        55,
        149
      ],
      "bbox": {
        "x_min": 25,
        "y_min": 119,
        "x_max": 85,
        "y_max": 179
      }
    },
    {
      "id": 1,
      "shape": "triangle",
      "size": "medium",
      "color": "cyan",
      "center": [
        150,
        63
      ],
      "bbox": {
        "x_min": 124,
        "y_min": 33,
        "x_max": 175,
        "y_max": 78
      }
    },
    {
      "id": 2,
      "shape": "circle",
      "size": "small",
      "color": "yellow",
      "center": [
        76,
        62
      ],
      "bbox": {
        "x_min": 56,
        "y_min": 42,
        "x_max": 96,
        "y_max": 82
      }
    },
    {
      "id": 3,
      "shape": "triangle",
      "size": "small",
      "color": "green",
      "center": [
        136,
        165
      ],
      "bbox": {
        "x_min": 118,
        "y_min": 145,
        "x_max": 153,
        "y_max": 175
      }
    }
  ],
  "relations": [
    {
      "subject_id": 0,
      "object_id": 1,
      "relation": "right_of",
      "explicit": true
    },
    {
      "subject_id": 0,
      "object_id": 2,
      "relation": "above",
      "explicit": true
    },
    {
      "subject_id": 0,
      "object_id": 3,
      "relation": "right_of",
      "explicit": false
    },
    {
      "subject_id": 1,
      "object_id": 2,
      "relation": "left_of",
      "explicit": true
    },
    {
      "subject_id": 1,
      "object_id": 3,
      "relation": "below",
      "explicit": true
    },
    {
      "subject_id": 2,
      "object_id": 3,
      "relation": "below",
      "explicit": true
    }
  ]
}