{
  "image_id": 448,
  "image_filename": "image_00448.png",
  "num_entities": 3,
  "entities": [
    {
      "id": 0,
      "shape": "rectangle",
      "size": "medium",
      "color": "green",
      "center": [
        121,
        57
      ],
      "bbox": {
        "x_min": 106,
        "y_min": 35,
        "x_max": 136,
        "y_max": 79
      }
    },
    {
      "id": 1,
      "shape": "triangle",
      "size": "large",
      "color": "blue",
      "center": [
        83,
        143
      ],
      "bbox": {
        "x_min": 48,
        "y_min": 103,
        "x_max": 117,
        "y_max": 163
      }
    },
    {
      "id": 2,
      "shape": "square",
      "size": "large",
      "color": "green",
      "center": [
        174,
        159
      ],
      "bbox": {
        "x_min": 134,
        "y_min": 119,
        "x_max": 214,
        "y_max": 199
      }
    }
  ],
  "relations": [
    {
      "subject_id": 0,
      "object_id": 1,
      "relation": "below",
      "explicit": false
    },
    {
      "subject_id": 0,
      "object_id": 2,
      "relation": "below",
      "explicit": false
    },
    {
      "subject_id": 1,
      "object_id": 2,
      "relation": "right_of",
      "explicit": false
    }
  ]
}