{
  "image_id": 236,
  "image_filename": "image_00236.png",
  "num_entities": 4,
  "entities": [
    {
      "id": 0,
      "shape": "rectangle",
      "size": "medium",
      "color": "magenta",
      "center": [
        164,
        64
      ],
      "bbox": {
        "x_min": 149,
        "y_min": 42,
        "x_max": 179,
        "y_max": 86
      }
    },
    {
      "id": 1,
      "shape": "square",
      "size": "small",
      "color": "green",
      "center": [
        172,
        141
      ],
      "bbox": {
        "x_min": 152,
        "y_min": 121,
        "x_max": 192,
        "y_max": 161
      }
    },
    {
      "id": 2,
      "shape": "rectangle",
      "size": "small",
      "color": "cyan",
      "center": [
        63,
        56
      ],
      "bbox": {
        "x_min": 53,
        "y_min": 41,
        "x_max": 73,
        "y_max": 71
      }
    },
    {
      "id": 3,
      "shape": "circle",
      "size": "medium",
      "color": "orange",
      "center": [
        112,
        131
      ],
      "bbox": {
        "x_min": 82,
        "y_min": 101,
        "x_max": 142,
        "y_max": 161
      }
    }
  ],
  "relations": [
    {
      "subject_id": 0,
      "object_id": 1,
      "relation": "below",
      "explicit": true
    },
    {
      "subject_id": 0,
      "object_id": 2,
      "relation": "left_of",
      "explicit": false
    },
    {
      "subject_id": 0,
      "object_id": 3,
      "relation": "below",
      "explicit": true
    },
    {
      "subject_id": 1,
      "object_id": 2,
      "relation": "left_of",
      "explicit": true
    },
    {
      "subject_id": 1,
      "object_id": 3,
      "relation": "left_of",
      "explicit": true
    },
    {
      "subject_id": 2,
      "object_id": 3,
      "relation": "below",
      "explicit": false
    }
  ]
}