{
  "image_id": 640,
  "image_filename": "image_00640.png",
  "num_entities": 3,
  "entities": [
    {
      "id": 0,
      "shape": "circle",
      "size": "medium",
      "color": "yellow",
      "center": [
        132,
        145
      ],
      "bbox": {
        "x_min": 102,
        "y_min": 115,
        "x_max": 162,
        "y_max": 175
      }
    },
    {
      "id": 1,
      "shape": "circle",
      "size": "large",
      "color": "cyan",
      "center": [
        172,
        59
      ],
      "bbox": {
        "x_min": 132,
        "y_min": 19,
        "x_max": 212,
        "y_max": 99
      }
    },
    {
      "id": 2,
      "shape": "circle",
      "size": "medium",
      "color": "green",
      "center": [
        76,
        69
      ],
      "bbox": {
        "x_min": 46,
        "y_min": 39,
        "x_max": 106,
        "y_max": 99
      }
    }
  ],
  "relations": [
    {
      "subject_id": 0,
      "object_id": 1,
      "relation": "above",
      "explicit": false
    },
    {
      "subject_id": 0,
      "object_id": 2,
      "relation": "above",
      "explicit": true
    },
    {
      "subject_id": 1,
      "object_id": 2,
      "relation": "left_of",
      "explicit": false
    }
  ]
}