{
  "image_id": 347,
  "image_filename": "image_00347.png",
  "num_entities": 2,
  "entities": [
    {
      "id": 0,
      "shape": "triangle",
      "size": "small",
      "color": "green",
      "center": [
        89,
        69
      ],
      "bbox": {
        "x_min": 71,
        "y_min": 49,
        "x_max": 106,
        "y_max": 79
      }
    },
    {
      "id": 1,
      "shape": "circle",
      "size": "small",
      "color": "orange",
      "center": [
        163,
        94
      ],
      "bbox": {
        "x_min": 143,
        "y_min": 74,
        "x_max": 183,
        "y_max": 114
      }
    }
  ],
  "relations": [
    {
      "subject_id": 0,
      "object_id": 1,
      "relation": "right_of",
      "explicit": true
    }
  ]
}