{
  "image_id": 518,
  "image_filename": "image_00518.png",
  "num_entities": 2,
  "entities": [
    {
      "id": 0,
      "shape": "circle",
      "size": "small",
      "color": "purple",
      "center": [
        136,
        133
      ],
      "bbox": {
        "x_min": 116,
        "y_min": 113,
        "x_max": 156,
        "y_max": 153
      }
    },
    {
      "id": 1,
      "shape": "rectangle",
      "size": "small",
      "color": "magenta",
      "center": [
        65,
        146
      ],
      "bbox": {
        "x_min": 55,
        "y_min": 131,
        "x_max": 75,
        "y_max": 161
      }
    }
  ],
  "relations": [
    {
      "subject_id": 0,
      "object_id": 1,
      "relation": "left_of",
      "explicit": false
    }
  ]
}