{
  "image_id": 715,
  "image_filename": "image_00715.png",
  "num_entities": 2,
  "entities": [
    {
      "id": 0,
      "shape": "triangle",
      "size": "small",
      "color": "magenta",
      "center": [
        130,
        111
      ],
      "bbox": {
        "x_min": 112,
        "y_min": 91,
        "x_max": 147,
        "y_max": 121
      }
    },
    {
      "id": 1,
      "shape": "circle",
      "size": "large",
      "color": "yellow",
      "center": [
        53,
        158
      ],
      "bbox": {
        "x_min": 13,
        "y_min": 118,
        "x_max": 93,
        "y_max": 198
      }
    }
  ],
  "relations": [
    {
      "subject_id": 0,
      "object_id": 1,
      "relation": "left_of",
      "explicit": true
    }
  ]
}