{
  "image_id": 351,
  "image_filename": "image_00351.png",
  "num_entities": 2,
  "entities": [
    {
      "id": 0,
      "shape": "triangle",
      "size": "large",
      "color": "yellow",
      "center": [
        87,
        102
      ],
      "bbox": {
        "x_min": 52,
        "y_min": 62,
        "x_max": 121,
        "y_max": 122
      }
    },
    {
      "id": 1,
      "shape": "square",
      "size": "large",
      "color": "green",
      "center": [
        160,
        174
      ],
      "bbox": {
        "x_min": 120,
        "y_min": 134,
        "x_max": 200,
        "y_max": 214
      }
    }
  ],
  "relations": [
    {
      "subject_id": 0,
      "object_id": 1,
      "relation": "right_of",
      "explicit": false
    }
  ]
}