{
  "image_id": 79,
  "image_filename": "image_00079.png",
  "num_entities": 3,
  "entities": [
    {
      "id": 0,
      "shape": "triangle",
      "size": "small",
      "color": "green",
      "center": [
        87,
        115
      ],
      "bbox": {
        "x_min": 69,
        "y_min": 95,
        "x_max": 104,
        "y_max": 125
      }
    },
    {
      "id": 1,
      "shape": "rectangle",
      "size": "small",
      "color": "orange",
      "center": [
        162,
        81
      ],
      "bbox": {
        "x_min": 152,
        "y_min": 66,
        "x_max": 172,
        "y_max": 96
      }
    },
    {
      "id": 2,
      "shape": "rectangle",
      "size": "large",
      "color": "magenta",
      "center": [
        174,
        165
      ],
      "bbox": {
        "x_min": 154,
        "y_min": 135,
        "x_max": 194,
        "y_max": 195
      }
    }
  ],
  "relations": [
    {
      "subject_id": 0,
      "object_id": 1,
      "relation": "right_of",
      "explicit": false
    },
    {
      "subject_id": 0,
      "object_id": 2,
      "relation": "right_of",
      "explicit": false
    },
    {
      "subject_id": 1,
      "object_id": 2,
      "relation": "below",
      "explicit": false
    }
  ]
}