{
  "image_id": 757,
  "image_filename": "image_00757.png",
  "num_entities": 4,
  "entities": [
    {
      "id": 0,
      "shape": "rectangle",
      "size": "medium",
      "color": "green",
      "center": [
        165,
        136
      ],
      "bbox": {
        "x_min": 150,
        "y_min": 114,
        "x_max": 180,
        "y_max": 158
      }
    },
    {
      "id": 1,
      "shape": "circle",
      "size": "medium",
      "color": "yellow",
      "center": [
        73,
        169
      ],
      "bbox": {
        "x_min": 43,
        "y_min": 139,
        "x_max": 103,
        "y_max": 199
      }
    },
    {
      "id": 2,
      "shape": "square",
      "size": "small",
      "color": "cyan",
      "center": [
        54,
        70
      ],
      "bbox": {
        "x_min": 34,
        "y_min": 50,
        "x_max": 74,
        "y_max": 90
      }
    },
    {
      "id": 3,
      "shape": "triangle",
      "size": "medium",
      "color": "green",
      "center": [
        130,
        72
      ],
      "bbox": {
        "x_min": 104,
        "y_min": 42,
        "x_max": 155,
        "y_max": 87
      }
    }
  ],
  "relations": [
    {
      "subject_id": 0,
      "object_id": 1,
      "relation": "left_of",
      "explicit": true
    },
    {
      "subject_id": 0,
      "object_id": 2,
      "relation": "left_of",
      "explicit": false
    },
    {
      "subject_id": 0,
      "object_id": 3,
      "relation": "above",
      "explicit": false
    },
    {
      "subject_id": 1,
      "object_id": 2,
      "relation": "above",
      "explicit": false
    },
    {
      "subject_id": 1,
      "object_id": 3,
      "relation": "above",
      "explicit": true
    },
    {
      "subject_id": 2,
      "object_id": 3,
      "relation": "right_of",
      "explicit": false
    }
  ]
}