{
  "image_id": 877,
  "image_filename": "image_00877.png",
  "num_entities": 3,
  "entities": [
    {
      "id": 0,
      "shape": "square",
      "size": "small",
      "color": "blue",
      "center": [
        68,
        82
      ],
      "bbox": {
        "x_min": 48,
        "y_min": 62,
        "x_max": 88,
        "y_max": 102
      }
    },
    {
      "id": 1,
      "shape": "circle",
      "size": "medium",
      "color": "red",
      "center": [
        152,
        75
      ],
      "bbox": {
        "x_min": 122,
        "y_min": 45,
        "x_max": 182,
        "y_max": 105
      }
    },
    {
      "id": 2,
      "shape": "rectangle",
      "size": "large",
      "color": "purple",
      "center": [
        109,
        154
      ],
      "bbox": {
        "x_min": 89,
        "y_min": 124,
        "x_max": 129,
        "y_max": 184
      }
    }
  ],
  "relations": [
    {
      "subject_id": 0,
      "object_id": 1,
      "relation": "right_of",
      "explicit": true
    },
    {
      "subject_id": 0,
      "object_id": 2,
      "relation": "below",
      "explicit": true
    },
    {
      "subject_id": 1,
      "object_id": 2,
      "relation": "below",
      "explicit": true
    }
  ]
}