{
  "image_id": 535,
  "image_filename": "image_00535.png",
  "num_entities": 3,
  "entities": [
    {
      "id": 0,
      "shape": "square",
      "size": "small",
      "color": "red",
      "center": [
        70,
        153
      ],
      "bbox": {
        "x_min": 50,
        "y_min": 133,
        "x_max": 90,
        "y_max": 173
      }
    },
    {
      "id": 1,
      "shape": "circle",
      "size": "medium",
      "color": "yellow",
      "center": [
        131,
        74
      ],
      "bbox": {
        "x_min": 101,
        "y_min": 44,
        "x_max": 161,
        "y_max": 104
      }
    },
    {
      "id": 2,
      "shape": "square",
      "size": "medium",
      "color": "magenta",
      "center": [
        62,
        50
      ],
      "bbox": {
        "x_min": 32,
        "y_min": 20,
        "x_max": 92,
        "y_max": 80
      }
    }
  ],
  "relations": [
    {
      "subject_id": 0,
      "object_id": 1,
      "relation": "above",
      "explicit": false
    },
    {
      "subject_id": 0,
      "object_id": 2,
      "relation": "above",
      "explicit": false
    },
    {
      "subject_id": 1,
      "object_id": 2,
      "relation": "left_of",
      "explicit": false
    }
  ]
}