{
  "image_id": 637,
  "image_filename": "image_00637.png",
  "num_entities": 3,
  "entities": [
    {
      "id": 0,
      "shape": "rectangle",
      "size": "large",
      "color": "cyan",
      "center": [
        110,
        56
      ],
      "bbox": {
        "x_min": 90,
        "y_min": 26,
        "x_max": 130,
        "y_max": 86
      }
    },
    {
      "id": 1,
      "shape": "rectangle",
      "size": "small",
      "color": "orange",
      "center": [
        149,
        115
      ],
      "bbox": {
        "x_min": 139,
        "y_min": 100,
        "x_max": 159,
        "y_max": 130
      }
    },
    {
      "id": 2,
      "shape": "triangle",
      "size": "small",
      "color": "green",
      "center": [
        102,
        153
      ],
      "bbox": {
        "x_min": 84,
        "y_min": 133,
        "x_max": 119,
        "y_max": 163
      }
    }
  ],
  "relations": [
    {
      "subject_id": 0,
      "object_id": 1,
      "relation": "below",
      "explicit": false
    },
    {
      "subject_id": 0,
      "object_id": 2,
      "relation": "below",
      "explicit": false
    },
    {
      "subject_id": 1,
      "object_id": 2,
      "relation": "left_of",
      "explicit": false
    }
  ]
}