{
  "image_id": 442,
  "image_filename": "image_00442.png",
  "num_entities": 2,
  "entities": [
    {
      "id": 0,
      "shape": "rectangle",
      "size": "medium",
      "color": "blue",
      "center": [
        69,
        149
      ],
      "bbox": {
        "x_min": 54,
        "y_min": 127,
        "x_max": 84,
        "y_max": 171
      }
    },
    {
      "id": 1,
      "shape": "rectangle",
      "size": "medium",
      "color": "magenta",
      "center": [
        92,
        69
      ],
      "bbox": {
        "x_min": 77,
        "y_min": 47,
        "x_max": 107,
        "y_max": 91
      }
    }
  ],
  "relations": [
    {
      "subject_id": 0,
      "object_id": 1,
      "relation": "above",
      "explicit": true
    }
  ]
}