{
  "image_id": 427,
  "image_filename": "image_00427.png",
  "num_entities": 3,
  "entities": [
    {
      "id": 0,
      "shape": "square",
      "size": "small",
      "color": "yellow",
      "center": [
        156,
        162
      ],
      "bbox": {
        "x_min": 136,
        "y_min": 142,
        "x_max": 176,
        "y_max": 182
      }
    },
    {
      "id": 1,
      "shape": "square",
      "size": "small",
      "color": "green",
      "center": [
        65,
        116
      ],
      "bbox": {
        "x_min": 45,
        "y_min": 96,
        "x_max": 85,
        "y_max": 136
      }
    },
    {
      "id": 2,
      "shape": "triangle",
      "size": "small",
      "color": "magenta",
      "center": [
        152,
        57
      ],
      "bbox": {
        "x_min": 134,
        "y_min": 37,
        "x_max": 169,
        "y_max": 67
      }
    }
  ],
  "relations": [
    {
      "subject_id": 0,
      "object_id": 1,
      "relation": "left_of",
      "explicit": true
    },
    {
      "subject_id": 0,
      "object_id": 2,
      "relation": "above",
      "explicit": true
    },
    {
      "subject_id": 1,
      "object_id": 2,
      "relation": "right_of",
      "explicit": true
    }
  ]
}