{
  "image_id": 469,
  "image_filename": "image_00469.png",
  "num_entities": 2,
  "entities": [
    {
      "id": 0,
      "shape": "circle",
      "size": "small",
      "color": "red",
      "center": [
        139,
        111
      ],
      "bbox": {
        "x_min": 119,
        "y_min": 91,
        "x_max": 159,
        "y_max": 131
      }
    },
    {
      "id": 1,
      "shape": "circle",
      "size": "medium",
      "color": "green",
      "center": [
        72,
        134
      ],
      "bbox": {
        "x_min": 42,
        "y_min": 104,
        "x_max": 102,
        "y_max": 164
      }
    }
  ],
  "relations": [
    {
      "subject_id": 0,
      "object_id": 1,
      "relation": "left_of",
      "explicit": false
    }
  ]
}