{
  "image_id": 148,
  "image_filename": "image_00148.png",
  "num_entities": 3,
  "entities": [
    {
      "id": 0,
      "shape": "square",
      "size": "medium",
      "color": "magenta",
      "center": [
        146,
        63
      ],
      "bbox": {
        "x_min": 116,
        "y_min": 33,
        "x_max": 176,
        "y_max": 93
      }
    },
    {
      "id": 1,
      "shape": "triangle",
      "size": "large",
      "color": "yellow",
      "center": [
        64,
        168
      ],
      "bbox": {
        "x_min": 29,
        "y_min": 128,
        "x_max": 98,
        "y_max": 188
      }
    },
    {
      "id": 2,
      "shape": "square",
      "size": "small",
      "color": "blue",
      "center": [
        168,
        174
      ],
      "bbox": {
        "x_min": 148,
        "y_min": 154,
        "x_max": 188,
        "y_max": 194
      }
    }
  ],
  "relations": [
    {
      "subject_id": 0,
      "object_id": 1,
      "relation": "below",
      "explicit": false
    },
    {
      "subject_id": 0,
      "object_id": 2,
      "relation": "below",
      "explicit": true
    },
    {
      "subject_id": 1,
      "object_id": 2,
      "relation": "right_of",
      "explicit": false
    }
  ]
}