{
  "image_id": 405,
  "image_filename": "image_00405.png",
  "num_entities": 4,
  "entities": [
    {
      "id": 0,
      "shape": "rectangle",
      "size": "small",
      "color": "green",
      "center": [
        143,
        85
      ],
      "bbox": {
        "x_min": 133,
        "y_min": 70,
        "x_max": 153,
        "y_max": 100
      }
    },
    {
      "id": 1,
      "shape": "square",
      "size": "small",
      "color": "green",
      "center": [
        169,
        169
      ],
      "bbox": {
        "x_min": 149,
        "y_min": 149,
        "x_max": 189,
        "y_max": 189
      }
    },
    {
      "id": 2,
      "shape": "square",
      "size": "small",
      "color": "blue",
      "center": [
        79,
        155
      ],
      "bbox": {
        "x_min": 59,
        "y_min": 135,
        "x_max": 99,
        "y_max": 175
      }
    },
    {
      "id": 3,
      "shape": "circle",
      "size": "medium",
      "color": "magenta",
      "center": [
        79,
        94
      ],
      "bbox": {
        "x_min": 49,
        "y_min": 64,
        "x_max": 109,
        "y_max": 124
      }
    }
  ],
  "relations": [
    {
      "subject_id": 0,
      "object_id": 1,
      "relation": "below",
      "explicit": false
    },
    {
      "subject_id": 0,
      "object_id": 2,
      "relation": "below",
      "explicit": true
    },
    {
      "subject_id": 0,
      "object_id": 3,
      "relation": "left_of",
      "explicit": false
    },
    {
      "subject_id": 1,
      "object_id": 2,
      "relation": "left_of",
      "explicit": false
    },
    {
      "subject_id": 1,
      "object_id": 3,
      "relation": "left_of",
      "explicit": false
    },
    {
      "subject_id": 2,
      "object_id": 3,
      "relation": "above",
      "explicit": true
    }
  ]
}