{
  "image_id": 311,
  "image_filename": "image_00311.png",
  "num_entities": 3,
  "entities": [
    {
      "id": 0,
      "shape": "circle",
      "size": "large",
      "color": "blue",
      "center": [
        57,
        174
      ],
      "bbox": {
        "x_min": 17,
        "y_min": 134,
        "x_max": 97,
        "y_max": 214
      }
    },
    {
      "id": 1,
      "shape": "square",
      "size": "small",
      "color": "blue",
      "center": [
        98,
        56
      ],
      "bbox": {
        "x_min": 78,
        "y_min": 36,
        "x_max": 118,
        "y_max": 76
      }
    },
    {
      "id": 2,
      "shape": "rectangle",
      "size": "medium",
      "color": "cyan",
      "center": [
        144,
        124
      ],
      "bbox": {
        "x_min": 129,
        "y_min": 102,
        "x_max": 159,
        "y_max": 146
      }
    }
  ],
  "relations": [
    {
      "subject_id": 0,
      "object_id": 1,
      "relation": "above",
      "explicit": false
    },
    {
      "subject_id": 0,
      "object_id": 2,
      "relation": "right_of",
      "explicit": true
    },
    {
      "subject_id": 1,
      "object_id": 2,
      "relation": "below",
      "explicit": true
    }
  ]
}