{
  "image_id": 610,
  "image_filename": "image_00610.png",
  "num_entities": 2,
  "entities": [
    {
      "id": 0,
      "shape": "square",
      "size": "large",
      "color": "magenta",
      "center": [
        146,
        74
      ],
      "bbox": {
        "x_min": 106,
        "y_min": 34,
        "x_max": 186,
        "y_max": 114
      }
    },
    {
      "id": 1,
      "shape": "triangle",
      "size": "medium",
      "color": "orange",
      "center": [
        72,
        130
      ],
      "bbox": {
        "x_min": 46,
        "y_min": 100,
        "x_max": 97,
        "y_max": 145
      }
    }
  ],
  "relations": [
    {
      "subject_id": 0,
      "object_id": 1,
      "relation": "left_of",
      "explicit": true
    }
  ]
}