{
  "image_id": 775,
  "image_filename": "image_00775.png",
  "num_entities": 2,
  "entities": [
    {
      "id": 0,
      "shape": "circle",
      "size": "small",
      "color": "magenta",
      "center": [
        166,
        114
      ],
      "bbox": {
        "x_min": 146,
        "y_min": 94,
        "x_max": 186,
        "y_max": 134
      }
    },
    {
      "id": 1,
      "shape": "square",
      "size": "small",
      "color": "yellow",
      "center": [
        135,
        174
      ],
      "bbox": {
        "x_min": 115,
        "y_min": 154,
        "x_max": 155,
        "y_max": 194
      }
    }
  ],
  "relations": [
    {
      "subject_id": 0,
      "object_id": 1,
      "relation": "below",
      "explicit": false
    }
  ]
}