{
  "image_id": 650,
  "image_filename": "image_00650.png",
  "num_entities": 2,
  "entities": [
    {
      "id": 0,
      "shape": "rectangle",
      "size": "large",
      "color": "orange",
      "center": [
        91,
        69
      ],
      "bbox": {
        "x_min": 71,
        "y_min": 39,
        "x_max": 111,
        "y_max": 99
      }
    },
    {
      "id": 1,
      "shape": "rectangle",
      "size": "medium",
      "color": "blue",
      "center": [
        144,
        137
      ],
      "bbox": {
        "x_min": 129,
        "y_min": 115,
        "x_max": 159,
        "y_max": 159
      }
    }
  ],
  "relations": [
    {
      "subject_id": 0,
      "object_id": 1,
      "relation": "below",
      "explicit": true
    }
  ]
}