{
  "image_id": 92,
  "image_filename": "image_00092.png",
  "num_entities": 2,
  "entities": [
    {
      "id": 0,
      "shape": "triangle",
      "size": "small",
      "color": "orange",
      "center": [
        95,
        64
      ],
      "bbox": {
        "x_min": 77,
        "y_min": 44,
        "x_max": 112,
        "y_max": 74
      }
    },
    {
      "id": 1,
      "shape": "triangle",
      "size": "small",
      "color": "red",
      "center": [
        126,
        147
      ],
      "bbox": {
        "x_min": 108,
        "y_min": 127,
        "x_max": 143,
        "y_max": 157
      }
    }
  ],
  "relations": [
    {
      "subject_id": 0,
      "object_id": 1,
      "relation": "below",
      "explicit": false
    }
  ]
}