{
  "image_id": 88,
  "image_filename": "image_00088.png",
  "num_entities": 3,
  "entities": [
    {
      "id": 0,
      "shape": "square",
      "size": "large",
      "color": "blue",
      "center": [
        110,
        135
      ],
      "bbox": {
        "x_min": 70,
        "y_min": 95,
        "x_max": 150,
        "y_max": 175
      }
    },
    {
      "id": 1,
      "shape": "square",
      "size": "large",
      "color": "magenta",
      "center": [
        167,
        56
      ],
      "bbox": {
        "x_min": 127,
        "y_min": 16,
        "x_max": 207,
        "y_max": 96
      }
    },
    {
      "id": 2,
      "shape": "rectangle",
      "size": "large",
      "color": "green",
      "center": [
        52,
        53
      ],
      "bbox": {
        "x_min": 32,
        "y_min": 23,
        "x_max": 72,
        "y_max": 83
      }
    }
  ],
  "relations": [
    {
      "subject_id": 0,
      "object_id": 1,
      "relation": "above",
      "explicit": false
    },
    {
      "subject_id": 0,
      "object_id": 2,
      "relation": "above",
      "explicit": false
    },
    {
      "subject_id": 1,
      "object_id": 2,
      "relation": "left_of",
      "explicit": false
    }
  ]
}