{
  "image_id": 759,
  "image_filename": "image_00759.png",
  "num_entities": 3,
  "entities": [
    {
      "id": 0,
      "shape": "triangle",
      "size": "small",
      "color": "orange",
      "center": [
        102,
        129
      ],
      "bbox": {
        "x_min": 84,
        "y_min": 109,
        "x_max": 119,
        "y_max": 139
      }
    },
    {
      "id": 1,
      "shape": "circle",
      "size": "medium",
      "color": "green",
      "center": [
        125,
        64
      ],
      "bbox": {
        "x_min": 95,
        "y_min": 34,
        "x_max": 155,
        "y_max": 94
      }
    },
    {
      "id": 2,
      "shape": "circle",
      "size": "medium",
      "color": "purple",
      "center": [
        167,
        133
      ],
      "bbox": {
        "x_min": 137,
        "y_min": 103,
        "x_max": 197,
        "y_max": 163
      }
    }
  ],
  "relations": [
    {
      "subject_id": 0,
      "object_id": 1,
      "relation": "above",
      "explicit": false
    },
    {
      "subject_id": 0,
      "object_id": 2,
      "relation": "right_of",
      "explicit": true
    },
    {
      "subject_id": 1,
      "object_id": 2,
      "relation": "below",
      "explicit": true
    }
  ]
}