{
  "image_id": 14,
  "image_filename": "image_00014.png",
  "num_entities": 2,
  "entities": [
    {
      "id": 0,
      "shape": "triangle",
      "size": "medium",
      "color": "purple",
      "center": [
        112,
        60
      ],
      "bbox": {
        "x_min": 86,
        "y_min": 30,
        "x_max": 137,
        "y_max": 75
      }
    },
    {
      "id": 1,
      "shape": "circle",
      "size": "small",
      "color": "yellow",
      "center": [
        173,
        74
      ],
      "bbox": {
        "x_min": 153,
        "y_min": 54,
        "x_max": 193,
        "y_max": 94
      }
    }
  ],
  "relations": [
    {
      "subject_id": 0,
      "object_id": 1,
      "relation": "right_of",
      "explicit": true
    }
  ]
}