{
  "image_id": 507,
  "image_filename": "image_00507.png",
  "num_entities": 4,
  "entities": [
    {
      "id": 0,
      "shape": "square",
      "size": "medium",
      "color": "purple",
      "center": [
        80,
        102
      ],
      "bbox": {
        "x_min": 50,
        "y_min": 72,
        "x_max": 110,
        "y_max": 132
      }
    },
    {
      "id": 1,
      "shape": "square",
      "size": "medium",
      "color": "cyan",
      "center": [
        166,
        137
      ],
      "bbox": {
        "x_min": 136,
        "y_min": 107,
        "x_max": 196,
        "y_max": 167
      }
    },
    {
      "id": 2,
      "shape": "circle",
      "size": "large",
      "color": "purple",
      "center": [
        150,
        53
      ],
      "bbox": {
        "x_min": 110,
        "y_min": 13,
        "x_max": 190,
        "y_max": 93
      }
    },
    {
      "id": 3,
      "shape": "rectangle",
      "size": "medium",
      "color": "yellow",
      "center": [
        100,
        171
      ],
      "bbox": {
        "x_min": 85,
        "y_min": 149,
        "x_max": 115,
        "y_max": 193
      }
    }
  ],
  "relations": [
    {
      "subject_id": 0,
      "object_id": 1,
      "relation": "right_of",
      "explicit": false
    },
    {
      "subject_id": 0,
      "object_id": 2,
      "relation": "right_of",
      "explicit": true
    },
    {
      "subject_id": 0,
      "object_id": 3,
      "relation": "below",
      "explicit": true
    },
    {
      "subject_id": 1,
      "object_id": 2,
      "relation": "above",
      "explicit": true
    },
    {
      "subject_id": 1,
      "object_id": 3,
      "relation": "left_of",
      "explicit": false
    },
    {
      "subject_id": 2,
      "object_id": 3,
      "relation": "below",
      "explicit": false
    }
  ]
}