{
  "image_id": 539,
  "image_filename": "image_00539.png",
  "num_entities": 3,
  "entities": [
    {
      "id": 0,
      "shape": "circle",
      "size": "small",
      "color": "blue",
      "center": [
        129,
        81
      ],
      "bbox": {
        "x_min": 109,
        "y_min": 61,
        "x_max": 149,
        "y_max": 101
      }
    },
    {
      "id": 1,
      "shape": "triangle",
      "size": "medium",
      "color": "yellow",
      "center": [
        70,
        93
      ],
      "bbox": {
        "x_min": 44,
        "y_min": 63,
        "x_max": 95,
        "y_max": 108
      }
    },
    {
      "id": 2,
      "shape": "triangle",
      "size": "small",
      "color": "yellow",
      "center": [
        124,
        165
      ],
      "bbox": {
        "x_min": 106,
        "y_min": 145,
        "x_max": 141,
        "y_max": 175
      }
    }
  ],
  "relations": [
    {
      "subject_id": 0,
      "object_id": 1,
      "relation": "left_of",
      "explicit": true
    },
    {
      "subject_id": 0,
      "object_id": 2,
      "relation": "below",
      "explicit": false
    },
    {
      "subject_id": 1,
      "object_id": 2,
      "relation": "below",
      "explicit": true
    }
  ]
}