{
  "image_id": 43,
  "image_filename": "image_00043.png",
  "num_entities": 4,
  "entities": [
    {
      "id": 0,
      "shape": "circle",
      "size": "large",
      "color": "orange",
      "center": [
        88,
        140
      ],
      "bbox": {
        "x_min": 48,
        "y_min": 100,
        "x_max": 128,
        "y_max": 180
      }
    },
    {
      "id": 1,
      "shape": "rectangle",
      "size": "medium",
      "color": "cyan",
      "center": [
        164,
        96
      ],
      "bbox": {
        "x_min": 149,
        "y_min": 74,
        "x_max": 179,
        "y_max": 118
      }
    },
    {
      "id": 2,
      "shape": "square",
      "size": "medium",
      "color": "cyan",
      "center": [
        89,
        57
      ],
      "bbox": {
        "x_min": 59,
        "y_min": 27,
        "x_max": 119,
        "y_max": 87
      }
    },
    {
      "id": 3,
      "shape": "rectangle",
      "size": "small",
      "color": "yellow",
      "center": [
        170,
        172
      ],
      "bbox": {
        "x_min": 160,
        "y_min": 157,
        "x_max": 180,
        "y_max": 187
      }
    }
  ],
  "relations": [
    {
      "subject_id": 0,
      "object_id": 1,
      "relation": "right_of",
      "explicit": true
    },
    {
      "subject_id": 0,
      "object_id": 2,
      "relation": "above",
      "explicit": false
    },
    {
      "subject_id": 0,
      "object_id": 3,
      "relation": "right_of",
      "explicit": false
    },
    {
      "subject_id": 1,
      "object_id": 2,
      "relation": "left_of",
      "explicit": true
    },
    {
      "subject_id": 1,
      "object_id": 3,
      "relation": "below",
      "explicit": true
    },
    {
      "subject_id": 2,
      "object_id": 3,
      "relation": "below",
      "explicit": false
    }
  ]
}