{
  "image_id": 47,
  "image_filename": "image_00047.png",
  "num_entities": 3,
  "entities": [
    {
      "id": 0,
      "shape": "triangle",
      "size": "medium",
      "color": "purple",
      "center": [
        70,
        126
      ],
      "bbox": {
        "x_min": 44,
        "y_min": 96,
        "x_max": 95,
        "y_max": 141
      }
    },
    {
      "id": 1,
      "shape": "square",
      "size": "small",
      "color": "yellow",
      "center": [
        119,
        87
      ],
      "bbox": {
        "x_min": 99,
        "y_min": 67,
        "x_max": 139,
        "y_max": 107
      }
    },
    {
      "id": 2,
      "shape": "square",
      "size": "medium",
      "color": "yellow",
      "center": [
        174,
        58
      ],
      "bbox": {
        "x_min": 144,
        "y_min": 28,
        "x_max": 204,
        "y_max": 88
      }
    }
  ],
  "relations": [
    {
      "subject_id": 0,
      "object_id": 1,
      "relation": "right_of",
      "explicit": false
    },
    {
      "subject_id": 0,
      "object_id": 2,
      "relation": "right_of",
      "explicit": false
    },
    {
      "subject_id": 1,
      "object_id": 2,
      "relation": "right_of",
      "explicit": false
    }
  ]
}