{
  "image_id": 536,
  "image_filename": "image_00536.png",
  "num_entities": 3,
  "entities": [
    {
      "id": 0,
      "shape": "square",
      "size": "medium",
      "color": "cyan",
      "center": [
        156,
        77
      ],
      "bbox": {
        "x_min": 126,
        "y_min": 47,
        "x_max": 186,
        "y_max": 107
      }
    },
    {
      "id": 1,
      "shape": "rectangle",
      "size": "small",
      "color": "green",
      "center": [
        78,
        170
      ],
      "bbox": {
        "x_min": 68,
        "y_min": 155,
        "x_max": 88,
        "y_max": 185
      }
    },
    {
      "id": 2,
      "shape": "square",
      "size": "large",
      "color": "orange",
      "center": [
        154,
        162
      ],
      "bbox": {
        "x_min": 114,
        "y_min": 122,
        "x_max": 194,
        "y_max": 202
      }
    }
  ],
  "relations": [
    {
      "subject_id": 0,
      "object_id": 1,
      "relation": "below",
      "explicit": true
    },
    {
      "subject_id": 0,
      "object_id": 2,
      "relation": "below",
      "explicit": true
    },
    {
      "subject_id": 1,
      "object_id": 2,
      "relation": "right_of",
      "explicit": false
    }
  ]
}