{
  "image_id": 507,
  "image_filename": "image_00507.png",
  "num_entities": 4,
  "entities": [
    {
      "id": 0,
      "shape": "rectangle",
      "size": "small",
      "color": "magenta",
      "center": [
        136,
        82
      ],
      "bbox": {
        "x_min": 126,
        "y_min": 67,
        "x_max": 146,
        "y_max": 97
      }
    },
    {
      "id": 1,
      "shape": "triangle",
      "size": "small",
      "color": "purple",
      "center": [
        70,
        161
      ],
      "bbox": {
        "x_min": 52,
        "y_min": 141,
        "x_max": 87,
        "y_max": 171
      }
    },
    {
      "id": 2,
      "shape": "circle",
      "size": "large",
      "color": "green",
      "center": [
        164,
        148
      ],
      "bbox": {
        "x_min": 124,
        "y_min": 108,
        "x_max": 204,
        "y_max": 188
      }
    },
    {
      "id": 3,
      "shape": "circle",
      "size": "large",
      "color": "red",
      "center": [
        63,
        68
      ],
      "bbox": {
        "x_min": 23,
        "y_min": 28,
        "x_max": 103,
        "y_max": 108
      }
    }
  ],
  "relations": [
    {
      "subject_id": 0,
      "object_id": 1,
      "relation": "below",
      "explicit": true
    },
    {
      "subject_id": 0,
      "object_id": 2,
      "relation": "below",
      "explicit": true
    },
    {
      "subject_id": 0,
      "object_id": 3,
      "relation": "left_of",
      "explicit": true
    },
    {
      "subject_id": 1,
      "object_id": 2,
      "relation": "right_of",
      "explicit": true
    },
    {
      "subject_id": 1,
      "object_id": 3,
      "relation": "above",
      "explicit": false
    },
    {
      "subject_id": 2,
      "object_id": 3,
      "relation": "left_of",
      "explicit": false
    }
  ]
}