{
  "image_id": 820,
  "image_filename": "image_00820.png",
  "num_entities": 4,
  "entities": [
    {
      "id": 0,
      "shape": "circle",
      "size": "large",
      "color": "purple",
      "center": [
        78,
        133
      ],
      "bbox": {
        "x_min": 38,
        "y_min": 93,
        "x_max": 118,
        "y_max": 173
      }
    },
    {
      "id": 1,
      "shape": "circle",
      "size": "medium",
      "color": "orange",
      "center": [
        170,
        71
      ],
      "bbox": {
        "x_min": 140,
        "y_min": 41,
        "x_max": 200,
        "y_max": 101
      }
    },
    {
      "id": 2,
      "shape": "square",
      "size": "small",
      "color": "cyan",
      "center": [
        147,
        153
      ],
      "bbox": {
        "x_min": 127,
        "y_min": 133,
        "x_max": 167,
        "y_max": 173
      }
    },
    {
      "id": 3,
      "shape": "square",
      "size": "medium",
      "color": "yellow",
      "center": [
        51,
        57
      ],
      "bbox": {
        "x_min": 21,
        "y_min": 27,
        "x_max": 81,
        "y_max": 87
      }
    }
  ],
  "relations": [
    {
      "subject_id": 0,
      "object_id": 1,
      "relation": "right_of",
      "explicit": true
    },
    {
      "subject_id": 0,
      "object_id": 2,
      "relation": "right_of",
      "explicit": false
    },
    {
      "subject_id": 0,
      "object_id": 3,
      "relation": "above",
      "explicit": true
    },
    {
      "subject_id": 1,
      "object_id": 2,
      "relation": "below",
      "explicit": true
    },
    {
      "subject_id": 1,
      "object_id": 3,
      "relation": "left_of",
      "explicit": true
    },
    {
      "subject_id": 2,
      "object_id": 3,
      "relation": "above",
      "explicit": false
    }
  ]
}