{
  "image_id": 138,
  "image_filename": "image_00138.png",
  "num_entities": 3,
  "entities": [
    {
      "id": 0,
      "shape": "circle",
      "size": "large",
      "color": "green",
      "center": [
        112,
        149
      ],
      "bbox": {
        "x_min": 72,
        "y_min": 109,
        "x_max": 152,
        "y_max": 189
      }
    },
    {
      "id": 1,
      "shape": "triangle",
      "size": "small",
      "color": "cyan",
      "center": [
        55,
        107
      ],
      "bbox": {
        "x_min": 37,
        "y_min": 87,
        "x_max": 72,
        "y_max": 117
      }
    },
    {
      "id": 2,
      "shape": "circle",
      "size": "medium",
      "color": "purple",
      "center": [
        165,
        55
      ],
      "bbox": {
        "x_min": 135,
        "y_min": 25,
        "x_max": 195,
        "y_max": 85
      }
    }
  ],
  "relations": [
    {
      "subject_id": 0,
      "object_id": 1,
      "relation": "left_of",
      "explicit": true
    },
    {
      "subject_id": 0,
      "object_id": 2,
      "relation": "above",
      "explicit": false
    },
    {
      "subject_id": 1,
      "object_id": 2,
      "relation": "right_of",
      "explicit": true
    }
  ]
}