{
  "image_id": 901,
  "image_filename": "image_00901.png",
  "num_entities": 3,
  "entities": [
    {
      "id": 0,
      "shape": "rectangle",
      "size": "large",
      "color": "cyan",
      "center": [
        171,
        131
      ],
      "bbox": {
        "x_min": 151,
        "y_min": 101,
        "x_max": 191,
        "y_max": 161
      }
    },
    {
      "id": 1,
      "shape": "triangle",
      "size": "large",
      "color": "red",
      "center": [
        67,
        154
      ],
      "bbox": {
        "x_min": 32,
        "y_min": 114,
        "x_max": 101,
        "y_max": 174
      }
    },
    {
      "id": 2,
      "shape": "circle",
      "size": "small",
      "color": "blue",
      "center": [
        125,
        61
      ],
      "bbox": {
        "x_min": 105,
        "y_min": 41,
        "x_max": 145,
        "y_max": 81
      }
    }
  ],
  "relations": [
    {
      "subject_id": 0,
      "object_id": 1,
      "relation": "left_of",
      "explicit": true
    },
    {
      "subject_id": 0,
      "object_id": 2,
      "relation": "above",
      "explicit": true
    },
    {
      "subject_id": 1,
      "object_id": 2,
      "relation": "above",
      "explicit": false
    }
  ]
}