{
  "image_id": 31,
  "image_filename": "image_00031.png",
  "num_entities": 2,
  "entities": [
    {
      "id": 0,
      "shape": "circle",
      "size": "medium",
      "color": "magenta",
      "center": [
        79,
        69
      ],
      "bbox": {
        "x_min": 49,
        "y_min": 39,
        "x_max": 109,
        "y_max": 99
      }
    },
    {
      "id": 1,
      "shape": "triangle",
      "size": "small",
      "color": "red",
      "center": [
        139,
        157
      ],
      "bbox": {
        "x_min": 121,
        "y_min": 137,
        "x_max": 156,
        "y_max": 167
      }
    }
  ],
  "relations": [
    {
      "subject_id": 0,
      "object_id": 1,
      "relation": "below",
      "explicit": true
    }
  ]
}