{
  "image_id": 259,
  "image_filename": "image_00259.png",
  "num_entities": 3,
  "entities": [
    {
      "id": 0,
      "shape": "triangle",
      "size": "large",
      "color": "green",
      "center": [
        83,
        79
      ],
      "bbox": {
        "x_min": 48,
        "y_min": 39,
        "x_max": 117,
        "y_max": 99
      }
    },
    {
      "id": 1,
      "shape": "triangle",
      "size": "large",
      "color": "magenta",
      "center": [
        174,
        136
      ],
      "bbox": {
        "x_min": 139,
        "y_min": 96,
        "x_max": 208,
        "y_max": 156
      }
    },
    {
      "id": 2,
      "shape": "circle",
      "size": "medium",
      "color": "cyan",
      "center": [
        99,
        165
      ],
      "bbox": {
        "x_min": 69,
        "y_min": 135,
        "x_max": 129,
        "y_max": 195
      }
    }
  ],
  "relations": [
    {
      "subject_id": 0,
      "object_id": 1,
      "relation": "right_of",
      "explicit": false
    },
    {
      "subject_id": 0,
      "object_id": 2,
      "relation": "below",
      "explicit": true
    },
    {
      "subject_id": 1,
      "object_id": 2,
      "relation": "left_of",
      "explicit": true
    }
  ]
}