{
  "image_id": 949,
  "image_filename": "image_00949.png",
  "num_entities": 5,
  "entities": [
    {
      "id": 0,
      "shape": "square",
      "size": "small",
      "color": "magenta",
      "center": [
        147,
        148
      ],
      "bbox": {
        "x_min": 127,
        "y_min": 128,
        "x_max": 167,
        "y_max": 168
      }
    },
    {
      "id": 1,
      "shape": "circle",
      "size": "medium",
      "color": "magenta",
      "center": [
        74,
        168
      ],
      "bbox": {
        "x_min": 44,
        "y_min": 138,
        "x_max": 104,
        "y_max": 198
      }
    },
    {
      "id": 2,
      "shape": "triangle",
      "size": "small",
      "color": "purple",
      "center": [
        146,
        64
      ],
      "bbox": {
        "x_min": 128,
        "y_min": 44,
        "x_max": 163,
        "y_max": 74
      }
    },
    {
      "id": 3,
      "shape": "rectangle",
      "size": "small",
      "color": "purple",
      "center": [
        108,
        98
      ],
      "bbox": {
        "x_min": 98,
        "y_min": 83,
        "x_max": 118,
        "y_max": 113
      }
    },
    {
      "id": 4,
      "shape": "circle",
      "size": "large",
      "color": "yellow",
      "center": [
        54,
        53
      ],
      "bbox": {
        "x_min": 14,
        "y_min": 13,
        "x_max": 94,
        "y_max": 93
      }
    }
  ],
  "relations": [
    {
      "subject_id": 0,
      "object_id": 1,
      "relation": "left_of",
      "explicit": true
    },
    {
      "subject_id": 0,
      "object_id": 2,
      "relation": "above",
      "explicit": true
    },
    {
      "subject_id": 0,
      "object_id": 3,
      "relation": "above",
      "explicit": false
    },
    {
      "subject_id": 0,
      "object_id": 4,
      "relation": "above",
      "explicit": true
    },
    {
      "subject_id": 1,
      "object_id": 2,
      "relation": "above",
      "explicit": true
    },
    {
      "subject_id": 1,
      "object_id": 3,
      "relation": "above",
      "explicit": true
    },
    {
      "subject_id": 1,
      "object_id": 4,
      "relation": "above",
      "explicit": false
    },
    {
      "subject_id": 2,
      "object_id": 3,
      "relation": "left_of",
      "explicit": true
    },
    {
      "subject_id": 2,
      "object_id": 4,
      "relation": "left_of",
      "explicit": true
    },
    {
      "subject_id": 3,
      "object_id": 4,
      "relation": "left_of",
      "explicit": true
    }
  ]
}