{
  "image_id": 318,
  "image_filename": "image_00318.png",
  "num_entities": 2,
  "entities": [
    {
      "id": 0,
      "shape": "rectangle",
      "size": "medium",
      "color": "yellow",
      "center": [
        145,
        85
      ],
      "bbox": {
        "x_min": 130,
        "y_min": 63,
        "x_max": 160,
        "y_max": 107
      }
    },
    {
      "id": 1,
      "shape": "triangle",
      "size": "medium",
      "color": "red",
      "center": [
        122,
        154
      ],
      "bbox": {
        "x_min": 96,
        "y_min": 124,
        "x_max": 147,
        "y_max": 169
      }
    }
  ],
  "relations": [
    {
      "subject_id": 0,
      "object_id": 1,
      "relation": "below",
      "explicit": true
    }
  ]
}