{
  "image_id": 864,
  "image_filename": "image_00864.png",
  "num_entities": 2,
  "entities": [
    {
      "id": 0,
      "shape": "square",
      "size": "large",
      "color": "red",
      "center": [
        88,
        134
      ],
      "bbox": {
        "x_min": 48,
        "y_min": 94,
        "x_max": 128,
        "y_max": 174
      }
    },
    {
      "id": 1,
      "shape": "rectangle",
      "size": "medium",
      "color": "purple",
      "center": [
        130,
        53
      ],
      "bbox": {
        "x_min": 115,
        "y_min": 31,
        "x_max": 145,
        "y_max": 75
      }
    }
  ],
  "relations": [
    {
      "subject_id": 0,
      "object_id": 1,
      "relation": "above",
      "explicit": true
    }
  ]
}