{
  "image_id": 600,
  "image_filename": "image_00600.png",
  "num_entities": 3,
  "entities": [
    {
      "id": 0,
      "shape": "rectangle",
      "size": "large",
      "color": "red",
      "center": [
        133,
        77
      ],
      "bbox": {
        "x_min": 113,
        "y_min": 47,
        "x_max": 153,
        "y_max": 107
      }
    },
    {
      "id": 1,
      "shape": "triangle",
      "size": "small",
      "color": "magenta",
      "center": [
        54,
        173
      ],
      "bbox": {
        "x_min": 36,
        "y_min": 153,
        "x_max": 71,
        "y_max": 183
      }
    },
    {
      "id": 2,
      "shape": "square",
      "size": "large",
      "color": "yellow",
      "center": [
        161,
        169
      ],
      "bbox": {
        "x_min": 121,
        "y_min": 129,
        "x_max": 201,
        "y_max": 209
      }
    }
  ],
  "relations": [
    {
      "subject_id": 0,
      "object_id": 1,
      "relation": "below",
      "explicit": false
    },
    {
      "subject_id": 0,
      "object_id": 2,
      "relation": "below",
      "explicit": true
    },
    {
      "subject_id": 1,
      "object_id": 2,
      "relation": "right_of",
      "explicit": false
    }
  ]
}