{
  "image_id": 312,
  "image_filename": "image_00312.png",
  "num_entities": 4,
  "entities": [
    {
      "id": 0,
      "shape": "square",
      "size": "small",
      "color": "magenta",
      "center": [
        105,
        172
      ],
      "bbox": {
        "x_min": 85,
        "y_min": 152,
        "x_max": 125,
        "y_max": 192
      }
    },
    {
      "id": 1,
      "shape": "rectangle",
      "size": "large",
      "color": "blue",
      "center": [
        172,
        146
      ],
      "bbox": {
        "x_min": 152,
        "y_min": 116,
        "x_max": 192,
        "y_max": 176
      }
    },
    {
      "id": 2,
      "shape": "triangle",
      "size": "large",
      "color": "orange",
      "center": [
        50,
        88
      ],
      "bbox": {
        "x_min": 15,
        "y_min": 48,
        "x_max": 84,
        "y_max": 108
      }
    },
    {
      "id": 3,
      "shape": "rectangle",
      "size": "large",
      "color": "red",
      "center": [
        136,
        53
      ],
      "bbox": {
        "x_min": 116,
        "y_min": 23,
        "x_max": 156,
        "y_max": 83
      }
    }
  ],
  "relations": [
    {
      "subject_id": 0,
      "object_id": 1,
      "relation": "right_of",
      "explicit": false
    },
    {
      "subject_id": 0,
      "object_id": 2,
      "relation": "above",
      "explicit": false
    },
    {
      "subject_id": 0,
      "object_id": 3,
      "relation": "above",
      "explicit": false
    },
    {
      "subject_id": 1,
      "object_id": 2,
      "relation": "left_of",
      "explicit": false
    },
    {
      "subject_id": 1,
      "object_id": 3,
      "relation": "above",
      "explicit": false
    },
    {
      "subject_id": 2,
      "object_id": 3,
      "relation": "right_of",
      "explicit": true
    }
  ]
}