{
  "image_id": 930,
  "image_filename": "image_00930.png",
  "num_entities": 3,
  "entities": [
    {
      "id": 0,
      "shape": "circle",
      "size": "large",
      "color": "yellow",
      "center": [
        157,
        61
      ],
      "bbox": {
        "x_min": 117,
        "y_min": 21,
        "x_max": 197,
        "y_max": 101
      }
    },
    {
      "id": 1,
      "shape": "triangle",
      "size": "small",
      "color": "cyan",
      "center": [
        59,
        62
      ],
      "bbox": {
        "x_min": 41,
        "y_min": 42,
        "x_max": 76,
        "y_max": 72
      }
    },
    {
      "id": 2,
      "shape": "triangle",
      "size": "large",
      "color": "magenta",
      "center": [
        149,
        155
      ],
      "bbox": {
        "x_min": 114,
        "y_min": 115,
        "x_max": 183,
        "y_max": 175
      }
    }
  ],
  "relations": [
    {
      "subject_id": 0,
      "object_id": 1,
      "relation": "left_of",
      "explicit": false
    },
    {
      "subject_id": 0,
      "object_id": 2,
      "relation": "below",
      "explicit": true
    },
    {
      "subject_id": 1,
      "object_id": 2,
      "relation": "below",
      "explicit": false
    }
  ]
}