{
  "image_id": 794,
  "image_filename": "image_00794.png",
  "num_entities": 2,
  "entities": [
    {
      "id": 0,
      "shape": "rectangle",
      "size": "small",
      "color": "red",
      "center": [
        161,
        174
      ],
      "bbox": {
        "x_min": 151,
        "y_min": 159,
        "x_max": 171,
        "y_max": 189
      }
    },
    {
      "id": 1,
      "shape": "circle",
      "size": "large",
      "color": "orange",
      "center": [
        95,
        69
      ],
      "bbox": {
        "x_min": 55,
        "y_min": 29,
        "x_max": 135,
        "y_max": 109
      }
    }
  ],
  "relations": [
    {
      "subject_id": 0,
      "object_id": 1,
      "relation": "above",
      "explicit": true
    }
  ]
}