{
  "image_id": 840,
  "image_filename": "image_00840.png",
  "num_entities": 4,
  "entities": [
    {
      "id": 0,
      "shape": "circle",
      "size": "small",
      "color": "cyan",
      "center": [
        78,
        113
      ],
      "bbox": {
        "x_min": 58,
        "y_min": 93,
        "x_max": 98,
        "y_max": 133
      }
    },
    {
      "id": 1,
      "shape": "triangle",
      "size": "medium",
      "color": "yellow",
      "center": [
        151,
        131
      ],
      "bbox": {
        "x_min": 125,
        "y_min": 101,
        "x_max": 176,
        "y_max": 146
      }
    },
    {
      "id": 2,
      "shape": "square",
      "size": "large",
      "color": "blue",
      "center": [
        115,
        50
      ],
      "bbox": {
        "x_min": 75,
        "y_min": 10,
        "x_max": 155,
        "y_max": 90
      }
    },
    {
      "id": 3,
      "shape": "circle",
      "size": "small",
      "color": "green",
      "center": [
        73,
        170
      ],
      "bbox": {
        "x_min": 53,
        "y_min": 150,
        "x_max": 93,
        "y_max": 190
      }
    }
  ],
  "relations": [
    {
      "subject_id": 0,
      "object_id": 1,
      "relation": "right_of",
      "explicit": false
    },
    {
      "subject_id": 0,
      "object_id": 2,
      "relation": "above",
      "explicit": true
    },
    {
      "subject_id": 0,
      "object_id": 3,
      "relation": "below",
      "explicit": true
    },
    {
      "subject_id": 1,
      "object_id": 2,
      "relation": "above",
      "explicit": true
    },
    {
      "subject_id": 1,
      "object_id": 3,
      "relation": "left_of",
      "explicit": true
    },
    {
      "subject_id": 2,
      "object_id": 3,
      "relation": "below",
      "explicit": false
    }
  ]
}