{
  "image_id": 791,
  "image_filename": "image_00791.png",
  "num_entities": 4,
  "entities": [
    {
      "id": 0,
      "shape": "rectangle",
      "size": "small",
      "color": "yellow",
      "center": [
        73,
        100
      ],
      "bbox": {
        "x_min": 63,
        "y_min": 85,
        "x_max": 83,
        "y_max": 115
      }
    },
    {
      "id": 1,
      "shape": "triangle",
      "size": "medium",
      "color": "green",
      "center": [
        140,
        144
      ],
      "bbox": {
        "x_min": 114,
        "y_min": 114,
        "x_max": 165,
        "y_max": 159
      }
    },
    {
      "id": 2,
      "shape": "triangle",
      "size": "small",
      "color": "purple",
      "center": [
        59,
        159
      ],
      "bbox": {
        "x_min": 41,
        "y_min": 139,
        "x_max": 76,
        "y_max": 169
      }
    },
    {
      "id": 3,
      "shape": "rectangle",
      "size": "small",
      "color": "magenta",
      "center": [
        133,
        77
      ],
      "bbox": {
        "x_min": 123,
        "y_min": 62,
        "x_max": 143,
        "y_max": 92
      }
    }
  ],
  "relations": [
    {
      "subject_id": 0,
      "object_id": 1,
      "relation": "right_of",
      "explicit": true
    },
    {
      "subject_id": 0,
      "object_id": 2,
      "relation": "below",
      "explicit": true
    },
    {
      "subject_id": 0,
      "object_id": 3,
      "relation": "right_of",
      "explicit": true
    },
    {
      "subject_id": 1,
      "object_id": 2,
      "relation": "left_of",
      "explicit": false
    },
    {
      "subject_id": 1,
      "object_id": 3,
      "relation": "above",
      "explicit": false
    },
    {
      "subject_id": 2,
      "object_id": 3,
      "relation": "above",
      "explicit": true
    }
  ]
}