{
  "image_id": 886,
  "image_filename": "image_00886.png",
  "num_entities": 4,
  "entities": [
    {
      "id": 0,
      "shape": "circle",
      "size": "medium",
      "color": "green",
      "center": [
        150,
        129
      ],
      "bbox": {
        "x_min": 120,
        "y_min": 99,
        "x_max": 180,
        "y_max": 159
      }
    },
    {
      "id": 1,
      "shape": "square",
      "size": "small",
      "color": "orange",
      "center": [
        50,
        55
      ],
      "bbox": {
        "x_min": 30,
        "y_min": 35,
        "x_max": 70,
        "y_max": 75
      }
    },
    {
      "id": 2,
      "shape": "rectangle",
      "size": "medium",
      "color": "magenta",
      "center": [
        127,
        60
      ],
      "bbox": {
        "x_min": 112,
        "y_min": 38,
        "x_max": 142,
        "y_max": 82
      }
    },
    {
      "id": 3,
      "shape": "rectangle",
      "size": "small",
      "color": "orange",
      "center": [
        76,
        162
      ],
      "bbox": {
        "x_min": 66,
        "y_min": 147,
        "x_max": 86,
        "y_max": 177
      }
    }
  ],
  "relations": [
    {
      "subject_id": 0,
      "object_id": 1,
      "relation": "left_of",
      "explicit": true
    },
    {
      "subject_id": 0,
      "object_id": 2,
      "relation": "above",
      "explicit": false
    },
    {
      "subject_id": 0,
      "object_id": 3,
      "relation": "left_of",
      "explicit": false
    },
    {
      "subject_id": 1,
      "object_id": 2,
      "relation": "right_of",
      "explicit": true
    },
    {
      "subject_id": 1,
      "object_id": 3,
      "relation": "below",
      "explicit": false
    },
    {
      "subject_id": 2,
      "object_id": 3,
      "relation": "below",
      "explicit": false
    }
  ]
}