{
  "image_id": 370,
  "image_filename": "image_00370.png",
  "num_entities": 4,
  "entities": [
    {
      "id": 0,
      "shape": "circle",
      "size": "medium",
      "color": "cyan",
      "center": [
        174,
        80
      ],
      "bbox": {
        "x_min": 144,
        "y_min": 50,
        "x_max": 204,
        "y_max": 110
      }
    },
    {
      "id": 1,
      "shape": "rectangle",
      "size": "large",
      "color": "blue",
      "center": [
        74,
        53
      ],
      "bbox": {
        "x_min": 54,
        "y_min": 23,
        "x_max": 94,
        "y_max": 83
      }
    },
    {
      "id": 2,
      "shape": "square",
      "size": "medium",
      "color": "purple",
      "center": [
        157,
        150
      ],
      "bbox": {
        "x_min": 127,
        "y_min": 120,
        "x_max": 187,
        "y_max": 180
      }
    },
    {
      "id": 3,
      "shape": "square",
      "size": "medium",
      "color": "blue",
      "center": [
        69,
        171
      ],
      "bbox": {
        "x_min": 39,
        "y_min": 141,
        "x_max": 99,
        "y_max": 201
      }
    }
  ],
  "relations": [
    {
      "subject_id": 0,
      "object_id": 1,
      "relation": "left_of",
      "explicit": false
    },
    {
      "subject_id": 0,
      "object_id": 2,
      "relation": "below",
      "explicit": false
    },
    {
      "subject_id": 0,
      "object_id": 3,
      "relation": "left_of",
      "explicit": false
    },
    {
      "subject_id": 1,
      "object_id": 2,
      "relation": "below",
      "explicit": false
    },
    {
      "subject_id": 1,
      "object_id": 3,
      "relation": "below",
      "explicit": false
    },
    {
      "subject_id": 2,
      "object_id": 3,
      "relation": "left_of",
      "explicit": false
    }
  ]
}