{
  "image_id": 148,
  "image_filename": "image_00148.png",
  "num_entities": 3,
  "entities": [
    {
      "id": 0,
      "shape": "circle",
      "size": "large",
      "color": "yellow",
      "center": [
        166,
        108
      ],
      "bbox": {
        "x_min": 126,
        "y_min": 68,
        "x_max": 206,
        "y_max": 148
      }
    },
    {
      "id": 1,
      "shape": "rectangle",
      "size": "large",
      "color": "red",
      "center": [
        78,
        64
      ],
      "bbox": {
        "x_min": 58,
        "y_min": 34,
        "x_max": 98,
        "y_max": 94
      }
    },
    {
      "id": 2,
      "shape": "circle",
      "size": "large",
      "color": "green",
      "center": [
        78,
        169
      ],
      "bbox": {
        "x_min": 38,
        "y_min": 129,
        "x_max": 118,
        "y_max": 209
      }
    }
  ],
  "relations": [
    {
      "subject_id": 0,
      "object_id": 1,
      "relation": "left_of",
      "explicit": true
    },
    {
      "subject_id": 0,
      "object_id": 2,
      "relation": "left_of",
      "explicit": false
    },
    {
      "subject_id": 1,
      "object_id": 2,
      "relation": "below",
      "explicit": true
    }
  ]
}