{
  "image_id": 599,
  "image_filename": "image_00599.png",
  "num_entities": 2,
  "entities": [
    {
      "id": 0,
      "shape": "triangle",
      "size": "large",
      "color": "yellow",
      "center": [
        135,
        92
      ],
      "bbox": {
        "x_min": 100,
        "y_min": 52,
        "x_max": 169,
        "y_max": 112
      }
    },
    {
      "id": 1,
      "shape": "square",
      "size": "large",
      "color": "red",
      "center": [
        85,
        169
      ],
      "bbox": {
        "x_min": 45,
        "y_min": 129,
        "x_max": 125,
        "y_max": 209
      }
    }
  ],
  "relations": [
    {
      "subject_id": 0,
      "object_id": 1,
      "relation": "below",
      "explicit": false
    }
  ]
}