{
  "image_id": 372,
  "image_filename": "image_00372.png",
  "num_entities": 3,
  "entities": [
    {
      "id": 0,
      "shape": "square",
      "size": "medium",
      "color": "red",
      "center": [
        154,
        156
      ],
      "bbox": {
        "x_min": 124,
        "y_min": 126,
        "x_max": 184,
        "y_max": 186
      }
    },
    {
      "id": 1,
      "shape": "triangle",
      "size": "medium",
      "color": "magenta",
      "center": [
        145,
        52
      ],
      "bbox": {
        "x_min": 119,
        "y_min": 22,
        "x_max": 170,
        "y_max": 67
      }
    },
    {
      "id": 2,
      "shape": "triangle",
      "size": "medium",
      "color": "yellow",
      "center": [
        88,
        104
      ],
      "bbox": {
        "x_min": 62,
        "y_min": 74,
        "x_max": 113,
        "y_max": 119
      }
    }
  ],
  "relations": [
    {
      "subject_id": 0,
      "object_id": 1,
      "relation": "above",
      "explicit": true
    },
    {
      "subject_id": 0,
      "object_id": 2,
      "relation": "left_of",
      "explicit": false
    },
    {
      "subject_id": 1,
      "object_id": 2,
      "relation": "left_of",
      "explicit": true
    }
  ]
}