{
  "image_id": 194,
  "image_filename": "image_00194.png",
  "num_entities": 4,
  "entities": [
    {
      "id": 0,
      "shape": "square",
      "size": "large",
      "color": "magenta",
      "center": [
        68,
        165
      ],
      "bbox": {
        "x_min": 28,
        "y_min": 125,
        "x_max": 108,
        "y_max": 205
      }
    },
    {
      "id": 1,
      "shape": "circle",
      "size": "medium",
      "color": "purple",
      "center": [
        162,
        91
      ],
      "bbox": {
        "x_min": 132,
        "y_min": 61,
        "x_max": 192,
        "y_max": 121
      }
    },
    {
      "id": 2,
      "shape": "triangle",
      "size": "large",
      "color": "purple",
      "center": [
        81,
        59
      ],
      "bbox": {
        "x_min": 46,
        "y_min": 19,
        "x_max": 115,
        "y_max": 79
      }
    },
    {
      "id": 3,
      "shape": "circle",
      "size": "small",
      "color": "yellow",
      "center": [
        174,
        150
      ],
      "bbox": {
        "x_min": 154,
        "y_min": 130,
        "x_max": 194,
        "y_max": 170
      }
    }
  ],
  "relations": [
    {
      "subject_id": 0,
      "object_id": 1,
      "relation": "right_of",
      "explicit": false
    },
    {
      "subject_id": 0,
      "object_id": 2,
      "relation": "above",
      "explicit": true
    },
    {
      "subject_id": 0,
      "object_id": 3,
      "relation": "right_of",
      "explicit": true
    },
    {
      "subject_id": 1,
      "object_id": 2,
      "relation": "left_of",
      "explicit": true
    },
    {
      "subject_id": 1,
      "object_id": 3,
      "relation": "below",
      "explicit": true
    },
    {
      "subject_id": 2,
      "object_id": 3,
      "relation": "right_of",
      "explicit": false
    }
  ]
}