{
  "image_id": 570,
  "image_filename": "image_00570.png",
  "num_entities": 3,
  "entities": [
    {
      "id": 0,
      "shape": "square",
      "size": "large",
      "color": "purple",
      "center": [
        167,
        132
      ],
      "bbox": {
        "x_min": 127,
        "y_min": 92,
        "x_max": 207,
        "y_max": 172
      }
    },
    {
      "id": 1,
      "shape": "triangle",
      "size": "large",
      "color": "cyan",
      "center": [
        62,
        95
      ],
      "bbox": {
        "x_min": 27,
        "y_min": 55,
        "x_max": 96,
        "y_max": 115
      }
    },
    {
      "id": 2,
      "shape": "triangle",
      "size": "medium",
      "color": "green",
      "center": [
        131,
        53
      ],
      "bbox": {
        "x_min": 105,
        "y_min": 23,
        "x_max": 156,
        "y_max": 68
      }
    }
  ],
  "relations": [
    {
      "subject_id": 0,
      "object_id": 1,
      "relation": "left_of",
      "explicit": false
    },
    {
      "subject_id": 0,
      "object_id": 2,
      "relation": "above",
      "explicit": true
    },
    {
      "subject_id": 1,
      "object_id": 2,
      "relation": "right_of",
      "explicit": true
    }
  ]
}