{
  "image_id": 158,
  "image_filename": "image_00158.png",
  "num_entities": 3,
  "entities": [
    {
      "id": 0,
      "shape": "circle",
      "size": "medium",
      "color": "green",
      "center": [
        157,
        174
      ],
      "bbox": {
        "x_min": 127,
        "y_min": 144,
        "x_max": 187,
        "y_max": 204
      }
    },
    {
      "id": 1,
      "shape": "rectangle",
      "size": "small",
      "color": "cyan",
      "center": [
        84,
        68
      ],
      "bbox": {
        "x_min": 74,
        "y_min": 53,
        "x_max": 94,
        "y_max": 83
      }
    },
    {
      "id": 2,
      "shape": "rectangle",
      "size": "large",
      "color": "magenta",
      "center": [
        70,
        150
      ],
      "bbox": {
        "x_min": 50,
        "y_min": 120,
        "x_max": 90,
        "y_max": 180
      }
    }
  ],
  "relations": [
    {
      "subject_id": 0,
      "object_id": 1,
      "relation": "above",
      "explicit": true
    },
    {
      "subject_id": 0,
      "object_id": 2,
      "relation": "left_of",
      "explicit": true
    },
    {
      "subject_id": 1,
      "object_id": 2,
      "relation": "below",
      "explicit": false
    }
  ]
}