{
  "image_id": 792,
  "image_filename": "image_00792.png",
  "num_entities": 4,
  "entities": [
    {
      "id": 0,
      "shape": "circle",
      "size": "medium",
      "color": "blue",
      "center": [
        53,
        144
      ],
      "bbox": {
        "x_min": 23,
        "y_min": 114,
        "x_max": 83,
        "y_max": 174
      }
    },
    {
      "id": 1,
      "shape": "circle",
      "size": "small",
      "color": "yellow",
      "center": [
        152,
        170
      ],
      "bbox": {
        "x_min": 132,
        "y_min": 150,
        "x_max": 172,
        "y_max": 190
      }
    },
    {
      "id": 2,
      "shape": "square",
      "size": "large",
      "color": "orange",
      "center": [
        156,
        84
      ],
      "bbox": {
        "x_min": 116,
        "y_min": 44,
        "x_max": 196,
        "y_max": 124
      }
    },
    {
      "id": 3,
      "shape": "circle",
      "size": "large",
      "color": "red",
      "center": [
        59,
        53
      ],
      "bbox": {
        "x_min": 19,
        "y_min": 13,
        "x_max": 99,
        "y_max": 93
      }
    }
  ],
  "relations": [
    {
      "subject_id": 0,
      "object_id": 1,
      "relation": "right_of",
      "explicit": true
    },
    {
      "subject_id": 0,
      "object_id": 2,
      "relation": "right_of",
      "explicit": false
    },
    {
      "subject_id": 0,
      "object_id": 3,
      "relation": "above",
      "explicit": false
    },
    {
      "subject_id": 1,
      "object_id": 2,
      "relation": "above",
      "explicit": false
    },
    {
      "subject_id": 1,
      "object_id": 3,
      "relation": "above",
      "explicit": true
    },
    {
      "subject_id": 2,
      "object_id": 3,
      "relation": "left_of",
      "explicit": false
    }
  ]
}