{
  "image_id": 352,
  "image_filename": "image_00352.png",
  "num_entities": 3,
  "entities": [
    {
      "id": 0,
      "shape": "rectangle",
      "size": "large",
      "color": "green",
      "center": [
        121,
        135
      ],
      "bbox": {
        "x_min": 101,
        "y_min": 105,
        "x_max": 141,
        "y_max": 165
      }
    },
    {
      "id": 1,
      "shape": "triangle",
      "size": "medium",
      "color": "green",
      "center": [
        64,
        65
      ],
      "bbox": {
        "x_min": 38,
        "y_min": 35,
        "x_max": 89,
        "y_max": 80
      }
    },
    {
      "id": 2,
      "shape": "square",
      "size": "large",
      "color": "green",
      "center": [
        165,
        54
      ],
      "bbox": {
        "x_min": 125,
        "y_min": 14,
        "x_max": 205,
        "y_max": 94
      }
    }
  ],
  "relations": [
    {
      "subject_id": 0,
      "object_id": 1,
      "relation": "above",
      "explicit": false
    },
    {
      "subject_id": 0,
      "object_id": 2,
      "relation": "above",
      "explicit": true
    },
    {
      "subject_id": 1,
      "object_id": 2,
      "relation": "right_of",
      "explicit": false
    }
  ]
}