{
  "image_id": 955,
  "image_filename": "image_00955.png",
  "num_entities": 3,
  "entities": [
    {
      "id": 0,
      "shape": "rectangle",
      "size": "large",
      "color": "purple",
      "center": [
        63,
        90
      ],
      "bbox": {
        "x_min": 43,
        "y_min": 60,
        "x_max": 83,
        "y_max": 120
      }
    },
    {
      "id": 1,
      "shape": "circle",
      "size": "small",
      "color": "orange",
      "center": [
        145,
        145
      ],
      "bbox": {
        "x_min": 125,
        "y_min": 125,
        "x_max": 165,
        "y_max": 165
      }
    },
    {
      "id": 2,
      "shape": "triangle",
      "size": "medium",
      "color": "magenta",
      "center": [
        144,
        80
      ],
      "bbox": {
        "x_min": 118,
        "y_min": 50,
        "x_max": 169,
        "y_max": 95
      }
    }
  ],
  "relations": [
    {
      "subject_id": 0,
      "object_id": 1,
      "relation": "right_of",
      "explicit": true
    },
    {
      "subject_id": 0,
      "object_id": 2,
      "relation": "right_of",
      "explicit": false
    },
    {
      "subject_id": 1,
      "object_id": 2,
      "relation": "above",
      "explicit": false
    }
  ]
}