{
  "image_id": 320,
  "image_filename": "image_00320.png",
  "num_entities": 2,
  "entities": [
    {
      "id": 0,
      "shape": "rectangle",
      "size": "large",
      "color": "blue",
      "center": [
        92,
        101
      ],
      "bbox": {
        "x_min": 72,
        "y_min": 71,
        "x_max": 112,
        "y_max": 131
      }
    },
    {
      "id": 1,
      "shape": "circle",
      "size": "small",
      "color": "orange",
      "center": [
        171,
        109
      ],
      "bbox": {
        "x_min": 151,
        "y_min": 89,
        "x_max": 191,
        "y_max": 129
      }
    }
  ],
  "relations": [
    {
      "subject_id": 0,
      "object_id": 1,
      "relation": "right_of",
      "explicit": true
    }
  ]
}