{
  "image_id": 166,
  "image_filename": "image_00166.png",
  "num_entities": 3,
  "entities": [
    {
      "id": 0,
      "shape": "square",
      "size": "large",
      "color": "green",
      "center": [
        75,
        134
      ],
      "bbox": {
        "x_min": 35,
        "y_min": 94,
        "x_max": 115,
        "y_max": 174
      }
    },
    {
      "id": 1,
      "shape": "triangle",
      "size": "medium",
      "color": "red",
      "center": [
        171,
        145
      ],
      "bbox": {
        "x_min": 145,
        "y_min": 115,
        "x_max": 196,
        "y_max": 160
      }
    },
    {
      "id": 2,
      "shape": "square",
      "size": "medium",
      "color": "magenta",
      "center": [
        138,
        59
      ],
      "bbox": {
        "x_min": 108,
        "y_min": 29,
        "x_max": 168,
        "y_max": 89
      }
    }
  ],
  "relations": [
    {
      "subject_id": 0,
      "object_id": 1,
      "relation": "right_of",
      "explicit": true
    },
    {
      "subject_id": 0,
      "object_id": 2,
      "relation": "above",
      "explicit": false
    },
    {
      "subject_id": 1,
      "object_id": 2,
      "relation": "above",
      "explicit": false
    }
  ]
}