{
  "image_id": 841,
  "image_filename": "image_00841.png",
  "num_entities": 4,
  "entities": [
    {
      "id": 0,
      "shape": "circle",
      "size": "small",
      "color": "cyan",
      "center": [
        168,
        92
      ],
      "bbox": {
        "x_min": 148,
        "y_min": 72,
        "x_max": 188,
        "y_max": 112
      }
    },
    {
      "id": 1,
      "shape": "square",
      "size": "small",
      "color": "orange",
      "center": [
        86,
        79
      ],
      "bbox": {
        "x_min": 66,
        "y_min": 59,
        "x_max": 106,
        "y_max": 99
      }
    },
    {
      "id": 2,
      "shape": "rectangle",
      "size": "small",
      "color": "cyan",
      "center": [
        160,
        143
      ],
      "bbox": {
        "x_min": 150,
        "y_min": 128,
        "x_max": 170,
        "y_max": 158
      }
    },
    {
      "id": 3,
      "shape": "square",
      "size": "small",
      "color": "red",
      "center": [
        86,
        138
      ],
      "bbox": {
        "x_min": 66,
        "y_min": 118,
        "x_max": 106,
        "y_max": 158
      }
    }
  ],
  "relations": [
    {
      "subject_id": 0,
      "object_id": 1,
      "relation": "left_of",
      "explicit": true
    },
    {
      "subject_id": 0,
      "object_id": 2,
      "relation": "below",
      "explicit": false
    },
    {
      "subject_id": 0,
      "object_id": 3,
      "relation": "left_of",
      "explicit": false
    },
    {
      "subject_id": 1,
      "object_id": 2,
      "relation": "right_of",
      "explicit": true
    },
    {
      "subject_id": 1,
      "object_id": 3,
      "relation": "below",
      "explicit": true
    },
    {
      "subject_id": 2,
      "object_id": 3,
      "relation": "left_of",
      "explicit": true
    }
  ]
}