{
  "image_id": 516,
  "image_filename": "image_00516.png",
  "num_entities": 3,
  "entities": [
    {
      "id": 0,
      "shape": "triangle",
      "size": "large",
      "color": "cyan",
      "center": [
        148,
        101
      ],
      "bbox": {
        "x_min": 113,
        "y_min": 61,
        "x_max": 182,
        "y_max": 121
      }
    },
    {
      "id": 1,
      "shape": "square",
      "size": "medium",
      "color": "magenta",
      "center": [
        61,
        155
      ],
      "bbox": {
        "x_min": 31,
        "y_min": 125,
        "x_max": 91,
        "y_max": 185
      }
    },
    {
      "id": 2,
      "shape": "rectangle",
      "size": "small",
      "color": "red",
      "center": [
        57,
        83
      ],
      "bbox": {
        "x_min": 47,
        "y_min": 68,
        "x_max": 67,
        "y_max": 98
      }
    }
  ],
  "relations": [
    {
      "subject_id": 0,
      "object_id": 1,
      "relation": "left_of",
      "explicit": false
    },
    {
      "subject_id": 0,
      "object_id": 2,
      "relation": "left_of",
      "explicit": false
    },
    {
      "subject_id": 1,
      "object_id": 2,
      "relation": "above",
      "explicit": true
    }
  ]
}