{
  "image_id": 600,
  "image_filename": "image_00600.png",
  "num_entities": 2,
  "entities": [
    {
      "id": 0,
      "shape": "rectangle",
      "size": "large",
      "color": "purple",
      "center": [
        105,
        61
      ],
      "bbox": {
        "x_min": 85,
        "y_min": 31,
        "x_max": 125,
        "y_max": 91
      }
    },
    {
      "id": 1,
      "shape": "circle",
      "size": "small",
      "color": "green",
      "center": [
        139,
        128
      ],
      "bbox": {
        "x_min": 119,
        "y_min": 108,
        "x_max": 159,
        "y_max": 148
      }
    }
  ],
  "relations": [
    {
      "subject_id": 0,
      "object_id": 1,
      "relation": "below",
      "explicit": false
    }
  ]
}