{
  "image_id": 808,
  "image_filename": "image_00808.png",
  "num_entities": 4,
  "entities": [
    {
      "id": 0,
      "shape": "square",
      "size": "large",
      "color": "blue",
      "center": [
        69,
        167
      ],
      "bbox": {
        "x_min": 29,
        "y_min": 127,
        "x_max": 109,
        "y_max": 207
      }
    },
    {
      "id": 1,
      "shape": "square",
      "size": "large",
      "color": "magenta",
      "center": [
        116,
        60
      ],
      "bbox": {
        "x_min": 76,
        "y_min": 20,
        "x_max": 156,
        "y_max": 100
      }
    },
    {
      "id": 2,
      "shape": "rectangle",
      "size": "large",
      "color": "blue",
      "center": [
        173,
        158
      ],
      "bbox": {
        "x_min": 153,
        "y_min": 128,
        "x_max": 193,
        "y_max": 188
      }
    },
    {
      "id": 3,
      "shape": "circle",
      "size": "small",
      "color": "orange",
      "center": [
        50,
        85
      ],
      "bbox": {
        "x_min": 30,
        "y_min": 65,
        "x_max": 70,
        "y_max": 105
      }
    }
  ],
  "relations": [
    {
      "subject_id": 0,
      "object_id": 1,
      "relation": "above",
      "explicit": true
    },
    {
      "subject_id": 0,
      "object_id": 2,
      "relation": "right_of",
      "explicit": false
    },
    {
      "subject_id": 0,
      "object_id": 3,
      "relation": "above",
      "explicit": true
    },
    {
      "subject_id": 1,
      "object_id": 2,
      "relation": "below",
      "explicit": false
    },
    {
      "subject_id": 1,
      "object_id": 3,
      "relation": "left_of",
      "explicit": false
    },
    {
      "subject_id": 2,
      "object_id": 3,
      "relation": "left_of",
      "explicit": false
    }
  ]
}