{
  "image_id": 469,
  "image_filename": "image_00469.png",
  "num_entities": 4,
  "entities": [
    {
      "id": 0,
      "shape": "circle",
      "size": "medium",
      "color": "cyan",
      "center": [
        86,
        150
      ],
      "bbox": {
        "x_min": 56,
        "y_min": 120,
        "x_max": 116,
        "y_max": 180
      }
    },
    {
      "id": 1,
      "shape": "circle",
      "size": "large",
      "color": "green",
      "center": [
        171,
        164
      ],
      "bbox": {
        "x_min": 131,
        "y_min": 124,
        "x_max": 211,
        "y_max": 204
      }
    },
    {
      "id": 2,
      "shape": "square",
      "size": "large",
      "color": "yellow",
      "center": [
        123,
        77
      ],
      "bbox": {
        "x_min": 83,
        "y_min": 37,
        "x_max": 163,
        "y_max": 117
      }
    },
    {
      "id": 3,
      "shape": "square",
      "size": "small",
      "color": "green",
      "center": [
        52,
        50
      ],
      "bbox": {
        "x_min": 32,
        "y_min": 30,
        "x_max": 72,
        "y_max": 70
      }
    }
  ],
  "relations": [
    {
      "subject_id": 0,
      "object_id": 1,
      "relation": "right_of",
      "explicit": true
    },
    {
      "subject_id": 0,
      "object_id": 2,
      "relation": "above",
      "explicit": false
    },
    {
      "subject_id": 0,
      "object_id": 3,
      "relation": "above",
      "explicit": false
    },
    {
      "subject_id": 1,
      "object_id": 2,
      "relation": "above",
      "explicit": true
    },
    {
      "subject_id": 1,
      "object_id": 3,
      "relation": "left_of",
      "explicit": true
    },
    {
      "subject_id": 2,
      "object_id": 3,
      "relation": "left_of",
      "explicit": true
    }
  ]
}