{
  "image_id": 845,
  "image_filename": "image_00845.png",
  "num_entities": 3,
  "entities": [
    {
      "id": 0,
      "shape": "square",
      "size": "large",
      "color": "magenta",
      "center": [
        149,
        165
      ],
      "bbox": {
        "x_min": 109,
        "y_min": 125,
        "x_max": 189,
        "y_max": 205
      }
    },
    {
      "id": 1,
      "shape": "triangle",
      "size": "medium",
      "color": "green",
      "center": [
        73,
        120
      ],
      "bbox": {
        "x_min": 47,
        "y_min": 90,
        "x_max": 98,
        "y_max": 135
      }
    },
    {
      "id": 2,
      "shape": "circle",
      "size": "small",
      "color": "cyan",
      "center": [
        170,
        69
      ],
      "bbox": {
        "x_min": 150,
        "y_min": 49,
        "x_max": 190,
        "y_max": 89
      }
    }
  ],
  "relations": [
    {
      "subject_id": 0,
      "object_id": 1,
      "relation": "left_of",
      "explicit": false
    },
    {
      "subject_id": 0,
      "object_id": 2,
      "relation": "above",
      "explicit": false
    },
    {
      "subject_id": 1,
      "object_id": 2,
      "relation": "right_of",
      "explicit": false
    }
  ]
}