{
  "image_id": 701,
  "image_filename": "image_00701.png",
  "num_entities": 4,
  "entities": [
    {
      "id": 0,
      "shape": "rectangle",
      "size": "medium",
      "color": "red",
      "center": [
        154,
        77
      ],
      "bbox": {
        "x_min": 139,
        "y_min": 55,
        "x_max": 169,
        "y_max": 99
      }
    },
    {
      "id": 1,
      "shape": "triangle",
      "size": "large",
      "color": "green",
      "center": [
        71,
        132
      ],
      "bbox": {
        "x_min": 36,
        "y_min": 92,
        "x_max": 105,
        "y_max": 152
      }
    },
    {
      "id": 2,
      "shape": "square",
      "size": "large",
      "color": "magenta",
      "center": [
        160,
        161
      ],
      "bbox": {
        "x_min": 120,
        "y_min": 121,
        "x_max": 200,
        "y_max": 201
      }
    },
    {
      "id": 3,
      "shape": "rectangle",
      "size": "small",
      "color": "blue",
      "center": [
        50,
        58
      ],
      "bbox": {
        "x_min": 40,
        "y_min": 43,
        "x_max": 60,
        "y_max": 73
      }
    }
  ],
  "relations": [
    {
      "subject_id": 0,
      "object_id": 1,
      "relation": "left_of",
      "explicit": true
    },
    {
      "subject_id": 0,
      "object_id": 2,
      "relation": "below",
      "explicit": false
    },
    {
      "subject_id": 0,
      "object_id": 3,
      "relation": "left_of",
      "explicit": false
    },
    {
      "subject_id": 1,
      "object_id": 2,
      "relation": "right_of",
      "explicit": true
    },
    {
      "subject_id": 1,
      "object_id": 3,
      "relation": "above",
      "explicit": true
    },
    {
      "subject_id": 2,
      "object_id": 3,
      "relation": "left_of",
      "explicit": false
    }
  ]
}