{
  "image_id": 126,
  "image_filename": "image_00126.png",
  "num_entities": 3,
  "entities": [
    {
      "id": 0,
      "shape": "rectangle",
      "size": "small",
      "color": "magenta",
      "center": [
        96,
        53
      ],
      "bbox": {
        "x_min": 86,
        "y_min": 38,
        "x_max": 106,
        "y_max": 68
      }
    },
    {
      "id": 1,
      "shape": "triangle",
      "size": "medium",
      "color": "orange",
      "center": [
        75,
        168
      ],
      "bbox": {
        "x_min": 49,
        "y_min": 138,
        "x_max": 100,
        "y_max": 183
      }
    },
    {
      "id": 2,
      "shape": "circle",
      "size": "small",
      "color": "purple",
      "center": [
        147,
        128
      ],
      "bbox": {
        "x_min": 127,
        "y_min": 108,
        "x_max": 167,
        "y_max": 148
      }
    }
  ],
  "relations": [
    {
      "subject_id": 0,
      "object_id": 1,
      "relation": "below",
      "explicit": false
    },
    {
      "subject_id": 0,
      "object_id": 2,
      "relation": "below",
      "explicit": true
    },
    {
      "subject_id": 1,
      "object_id": 2,
      "relation": "right_of",
      "explicit": true
    }
  ]
}