{
  "image_id": 276,
  "image_filename": "image_00276.png",
  "num_entities": 4,
  "entities": [
    {
      "id": 0,
      "shape": "square",
      "size": "large",
      "color": "blue",
      "center": [
        56,
        80
      ],
      "bbox": {
        "x_min": 16,
        "y_min": 40,
        "x_max": 96,
        "y_max": 120
      }
    },
    {
      "id": 1,
      "shape": "triangle",
      "size": "small",
      "color": "cyan",
      "center": [
        91,
        158
      ],
      "bbox": {
        "x_min": 73,
        "y_min": 138,
        "x_max": 108,
        "y_max": 168
      }
    },
    {
      "id": 2,
      "shape": "triangle",
      "size": "medium",
      "color": "red",
      "center": [
        147,
        66
      ],
      "bbox": {
        "x_min": 121,
        "y_min": 36,
        "x_max": 172,
        "y_max": 81
      }
    },
    {
      "id": 3,
      "shape": "circle",
      "size": "medium",
      "color": "green",
      "center": [
        169,
        153
      ],
      "bbox": {
        "x_min": 139,
        "y_min": 123,
        "x_max": 199,
        "y_max": 183
      }
    }
  ],
  "relations": [
    {
      "subject_id": 0,
      "object_id": 1,
      "relation": "below",
      "explicit": false
    },
    {
      "subject_id": 0,
      "object_id": 2,
      "relation": "right_of",
      "explicit": false
    },
    {
      "subject_id": 0,
      "object_id": 3,
      "relation": "right_of",
      "explicit": true
    },
    {
      "subject_id": 1,
      "object_id": 2,
      "relation": "above",
      "explicit": false
    },
    {
      "subject_id": 1,
      "object_id": 3,
      "relation": "right_of",
      "explicit": true
    },
    {
      "subject_id": 2,
      "object_id": 3,
      "relation": "below",
      "explicit": true
    }
  ]
}