{
  "image_id": 747,
  "image_filename": "image_00747.png",
  "num_entities": 3,
  "entities": [
    {
      "id": 0,
      "shape": "triangle",
      "size": "large",
      "color": "red",
      "center": [
        155,
        131
      ],
      "bbox": {
        "x_min": 120,
        "y_min": 91,
        "x_max": 189,
        "y_max": 151
      }
    },
    {
      "id": 1,
      "shape": "square",
      "size": "large",
      "color": "purple",
      "center": [
        53,
        110
      ],
      "bbox": {
        "x_min": 13,
        "y_min": 70,
        "x_max": 93,
        "y_max": 150
      }
    },
    {
      "id": 2,
      "shape": "triangle",
      "size": "medium",
      "color": "cyan",
      "center": [
        119,
        57
      ],
      "bbox": {
        "x_min": 93,
        "y_min": 27,
        "x_max": 144,
        "y_max": 72
      }
    }
  ],
  "relations": [
    {
      "subject_id": 0,
      "object_id": 1,
      "relation": "left_of",
      "explicit": true
    },
    {
      "subject_id": 0,
      "object_id": 2,
      "relation": "above",
      "explicit": false
    },
    {
      "subject_id": 1,
      "object_id": 2,
      "relation": "right_of",
      "explicit": false
    }
  ]
}