{
  "image_id": 327,
  "image_filename": "image_00327.png",
  "num_entities": 3,
  "entities": [
    {
      "id": 0,
      "shape": "circle",
      "size": "large",
      "color": "red",
      "center": [
        93,
        157
      ],
      "bbox": {
        "x_min": 53,
        "y_min": 117,
        "x_max": 133,
        "y_max": 197
      }
    },
    {
      "id": 1,
      "shape": "rectangle",
      "size": "medium",
      "color": "magenta",
      "center": [
        123,
        57
      ],
      "bbox": {
        "x_min": 108,
        "y_min": 35,
        "x_max": 138,
        "y_max": 79
      }
    },
    {
      "id": 2,
      "shape": "rectangle",
      "size": "medium",
      "color": "blue",
      "center": [
        54,
        69
      ],
      "bbox": {
        "x_min": 39,
        "y_min": 47,
        "x_max": 69,
        "y_max": 91
      }
    }
  ],
  "relations": [
    {
      "subject_id": 0,
      "object_id": 1,
      "relation": "above",
      "explicit": true
    },
    {
      "subject_id": 0,
      "object_id": 2,
      "relation": "above",
      "explicit": true
    },
    {
      "subject_id": 1,
      "object_id": 2,
      "relation": "left_of",
      "explicit": true
    }
  ]
}