{
  "image_id": 832,
  "image_filename": "image_00832.png",
  "num_entities": 3,
  "entities": [
    {
      "id": 0,
      "shape": "square",
      "size": "medium",
      "color": "magenta",
      "center": [
        127,
        122
      ],
      "bbox": {
        "x_min": 97,
        "y_min": 92,
        "x_max": 157,
        "y_max": 152
      }
    },
    {
      "id": 1,
      "shape": "circle",
      "size": "medium",
      "color": "yellow",
      "center": [
        65,
        72
      ],
      "bbox": {
        "x_min": 35,
        "y_min": 42,
        "x_max": 95,
        "y_max": 102
      }
    },
    {
      "id": 2,
      "shape": "circle",
      "size": "small",
      "color": "yellow",
      "center": [
        174,
        52
      ],
      "bbox": {
        "x_min": 154,
        "y_min": 32,
        "x_max": 194,
        "y_max": 72
      }
    }
  ],
  "relations": [
    {
      "subject_id": 0,
      "object_id": 1,
      "relation": "left_of",
      "explicit": false
    },
    {
      "subject_id": 0,
      "object_id": 2,
      "relation": "above",
      "explicit": true
    },
    {
      "subject_id": 1,
      "object_id": 2,
      "relation": "right_of",
      "explicit": true
    }
  ]
}