{
  "image_id": 89,
  "image_filename": "image_00089.png",
  "num_entities": 2,
  "entities": [
    {
      "id": 0,
      "shape": "rectangle",
      "size": "large",
      "color": "cyan",
      "center": [
        113,
        92
      ],
      "bbox": {
        "x_min": 93,
        "y_min": 62,
        "x_max": 133,
        "y_max": 122
      }
    },
    {
      "id": 1,
      "shape": "circle",
      "size": "large",
      "color": "blue",
      "center": [
        64,
        174
      ],
      "bbox": {
        "x_min": 24,
        "y_min": 134,
        "x_max": 104,
        "y_max": 214
      }
    }
  ],
  "relations": [
    {
      "subject_id": 0,
      "object_id": 1,
      "relation": "below",
      "explicit": false
    }
  ]
}