{
  "image_id": 144,
  "image_filename": "image_00144.png",
  "num_entities": 4,
  "entities": [
    {
      "id": 0,
      "shape": "triangle",
      "size": "large",
      "color": "blue",
      "center": [
        162,
        137
      ],
      "bbox": {
        "x_min": 127,
        "y_min": 97,
        "x_max": 196,
        "y_max": 157
      }
    },
    {
      "id": 1,
      "shape": "rectangle",
      "size": "medium",
      "color": "blue",
      "center": [
        78,
        140
      ],
      "bbox": {
        "x_min": 63,
        "y_min": 118,
        "x_max": 93,
        "y_max": 162
      }
    },
    {
      "id": 2,
      "shape": "triangle",
      "size": "small",
      "color": "yellow",
      "center": [
        67,
        68
      ],
      "bbox": {
        "x_min": 49,
        "y_min": 48,
        "x_max": 84,
        "y_max": 78
      }
    },
    {
      "id": 3,
      "shape": "triangle",
      "size": "medium",
      "color": "cyan",
      "center": [
        163,
        51
      ],
      "bbox": {
        "x_min": 137,
        "y_min": 21,
        "x_max": 188,
        "y_max": 66
      }
    }
  ],
  "relations": [
    {
      "subject_id": 0,
      "object_id": 1,
      "relation": "left_of",
      "explicit": false
    },
    {
      "subject_id": 0,
      "object_id": 2,
      "relation": "left_of",
      "explicit": false
    },
    {
      "subject_id": 0,
      "object_id": 3,
      "relation": "above",
      "explicit": true
    },
    {
      "subject_id": 1,
      "object_id": 2,
      "relation": "above",
      "explicit": false
    },
    {
      "subject_id": 1,
      "object_id": 3,
      "relation": "above",
      "explicit": false
    },
    {
      "subject_id": 2,
      "object_id": 3,
      "relation": "right_of",
      "explicit": true
    }
  ]
}