{
  "image_id": 756,
  "image_filename": "image_00756.png",
  "num_entities": 3,
  "entities": [
    {
      "id": 0,
      "shape": "triangle",
      "size": "large",
      "color": "blue",
      "center": [
        164,
        83
      ],
      "bbox": {
        "x_min": 129,
        "y_min": 43,
        "x_max": 198,
        "y_max": 103
      }
    },
    {
      "id": 1,
      "shape": "triangle",
      "size": "small",
      "color": "blue",
      "center": [
        138,
        166
      ],
      "bbox": {
        "x_min": 120,
        "y_min": 146,
        "x_max": 155,
        "y_max": 176
      }
    },
    {
      "id": 2,
      "shape": "triangle",
      "size": "large",
      "color": "green",
      "center": [
        53,
        106
      ],
      "bbox": {
        "x_min": 18,
        "y_min": 66,
        "x_max": 87,
        "y_max": 126
      }
    }
  ],
  "relations": [
    {
      "subject_id": 0,
      "object_id": 1,
      "relation": "below",
      "explicit": true
    },
    {
      "subject_id": 0,
      "object_id": 2,
      "relation": "left_of",
      "explicit": false
    },
    {
      "subject_id": 1,
      "object_id": 2,
      "relation": "left_of",
      "explicit": true
    }
  ]
}