{
  "image_id": 566,
  "image_filename": "image_00566.png",
  "num_entities": 5,
  "entities": [
    {
      "id": 0,
      "shape": "square",
      "size": "small",
      "color": "green",
      "center": [
        146,
        122
      ],
      "bbox": {
        "x_min": 126,
        "y_min": 102,
        "x_max": 166,
        "y_max": 142
      }
    },
    {
      "id": 1,
      "shape": "triangle",
      "size": "large",
      "color": "cyan",
      "center": [
        140,
        51
      ],
      "bbox": {
        "x_min": 105,
        "y_min": 11,
        "x_max": 174,
        "y_max": 71
      }
    },
    {
      "id": 2,
      "shape": "rectangle",
      "size": "small",
      "color": "purple",
      "center": [
        99,
        162
      ],
      "bbox": {
        "x_min": 89,
        "y_min": 147,
        "x_max": 109,
        "y_max": 177
      }
    },
    {
      "id": 3,
      "shape": "triangle",
      "size": "medium",
      "color": "magenta",
      "center": [
        64,
        99
      ],
      "bbox": {
        "x_min": 38,
        "y_min": 69,
        "x_max": 89,
        "y_max": 114
      }
    },
    {
      "id": 4,
      "shape": "rectangle",
      "size": "small",
      "color": "purple",
      "center": [
        162,
        174
      ],
      "bbox": {
        "x_min": 152,
        "y_min": 159,
        "x_max": 172,
        "y_max": 189
      }
    }
  ],
  "relations": [
    {
      "subject_id": 0,
      "object_id": 1,
      "relation": "above",
      "explicit": false
    },
    {
      "subject_id": 0,
      "object_id": 2,
      "relation": "left_of",
      "explicit": true
    },
    {
      "subject_id": 0,
      "object_id": 3,
      "relation": "left_of",
      "explicit": false
    },
    {
      "subject_id": 0,
      "object_id": 4,
      "relation": "below",
      "explicit": false
    },
    {
      "subject_id": 1,
      "object_id": 2,
      "relation": "below",
      "explicit": true
    },
    {
      "subject_id": 1,
      "object_id": 3,
      "relation": "left_of",
      "explicit": true
    },
    {
      "subject_id": 1,
      "object_id": 4,
      "relation": "below",
      "explicit": false
    },
    {
      "subject_id": 2,
      "object_id": 3,
      "relation": "above",
      "explicit": false
    },
    {
      "subject_id": 2,
      "object_id": 4,
      "relation": "right_of",
      "explicit": false
    },
    {
      "subject_id": 3,
      "object_id": 4,
      "relation": "right_of",
      "explicit": false
    }
  ]
}