{
  "image_id": 248,
  "image_filename": "image_00248.png",
  "num_entities": 2,
  "entities": [
    {
      "id": 0,
      "shape": "square",
      "size": "large",
      "color": "yellow",
      "center": [
        132,
        71
      ],
      "bbox": {
        "x_min": 92,
        "y_min": 31,
        "x_max": 172,
        "y_max": 111
      }
    },
    {
      "id": 1,
      "shape": "triangle",
      "size": "medium",
      "color": "orange",
      "center": [
        130,
        157
      ],
      "bbox": {
        "x_min": 104,
        "y_min": 127,
        "x_max": 155,
        "y_max": 172
      }
    }
  ],
  "relations": [
    {
      "subject_id": 0,
      "object_id": 1,
      "relation": "below",
      "explicit": false
    }
  ]
}