{
  "image_id": 97,
  "image_filename": "image_00097.png",
  "num_entities": 3,
  "entities": [
    {
      "id": 0,
      "shape": "square",
      "size": "small",
      "color": "purple",
      "center": [
        71,
        76
      ],
      "bbox": {
        "x_min": 51,
        "y_min": 56,
        "x_max": 91,
        "y_max": 96
      }
    },
    {
      "id": 1,
      "shape": "circle",
      "size": "medium",
      "color": "purple",
      "center": [
        58,
        137
      ],
      "bbox": {
        "x_min": 28,
        "y_min": 107,
        "x_max": 88,
        "y_max": 167
      }
    },
    {
      "id": 2,
      "shape": "circle",
      "size": "small",
      "color": "red",
      "center": [
        164,
        55
      ],
      "bbox": {
        "x_min": 144,
        "y_min": 35,
        "x_max": 184,
        "y_max": 75
      }
    }
  ],
  "relations": [
    {
      "subject_id": 0,
      "object_id": 1,
      "relation": "below",
      "explicit": false
    },
    {
      "subject_id": 0,
      "object_id": 2,
      "relation": "right_of",
      "explicit": true
    },
    {
      "subject_id": 1,
      "object_id": 2,
      "relation": "right_of",
      "explicit": true
    }
  ]
}