{
  "image_id": 497,
  "image_filename": "image_00497.png",
  "num_entities": 4,
  "entities": [
    {
      "id": 0,
      "shape": "circle",
      "size": "small",
      "color": "orange",
      "center": [
        128,
        104
      ],
      "bbox": {
        "x_min": 108,
        "y_min": 84,
        "x_max": 148,
        "y_max": 124
      }
    },
    {
      "id": 1,
      "shape": "rectangle",
      "size": "large",
      "color": "blue",
      "center": [
        54,
        154
      ],
      "bbox": {
        "x_min": 34,
        "y_min": 124,
        "x_max": 74,
        "y_max": 184
      }
    },
    {
      "id": 2,
      "shape": "triangle",
      "size": "small",
      "color": "purple",
      "center": [
        124,
        160
      ],
      "bbox": {
        "x_min": 106,
        "y_min": 140,
        "x_max": 141,
        "y_max": 170
      }
    },
    {
      "id": 3,
      "shape": "square",
      "size": "small",
      "color": "cyan",
      "center": [
        93,
        66
      ],
      "bbox": {
        "x_min": 73,
        "y_min": 46,
        "x_max": 113,
        "y_max": 86
      }
    }
  ],
  "relations": [
    {
      "subject_id": 0,
      "object_id": 1,
      "relation": "left_of",
      "explicit": false
    },
    {
      "subject_id": 0,
      "object_id": 2,
      "relation": "below",
      "explicit": false
    },
    {
      "subject_id": 0,
      "object_id": 3,
      "relation": "above",
      "explicit": true
    },
    {
      "subject_id": 1,
      "object_id": 2,
      "relation": "right_of",
      "explicit": true
    },
    {
      "subject_id": 1,
      "object_id": 3,
      "relation": "above",
      "explicit": true
    },
    {
      "subject_id": 2,
      "object_id": 3,
      "relation": "above",
      "explicit": false
    }
  ]
}