{
  "image_id": 611,
  "image_filename": "image_00611.png",
  "num_entities": 4,
  "entities": [
    {
      "id": 0,
      "shape": "circle",
      "size": "large",
      "color": "orange",
      "center": [
        127,
        121
      ],
      "bbox": {
        "x_min": 87,
        "y_min": 81,
        "x_max": 167,
        "y_max": 161
      }
    },
    {
      "id": 1,
      "shape": "rectangle",
      "size": "large",
      "color": "purple",
      "center": [
        62,
        51
      ],
      "bbox": {
        "x_min": 42,
        "y_min": 21,
        "x_max": 82,
        "y_max": 81
      }
    },
    {
      "id": 2,
      "shape": "square",
      "size": "medium",
      "color": "blue",
      "center": [
        170,
        53
      ],
      "bbox": {
        "x_min": 140,
        "y_min": 23,
        "x_max": 200,
        "y_max": 83
      }
    },
    {
      "id": 3,
      "shape": "square",
      "size": "medium",
      "color": "cyan",
      "center": [
        64,
        174
      ],
      "bbox": {
        "x_min": 34,
        "y_min": 144,
        "x_max": 94,
        "y_max": 204
      }
    }
  ],
  "relations": [
    {
      "subject_id": 0,
      "object_id": 1,
      "relation": "above",
      "explicit": false
    },
    {
      "subject_id": 0,
      "object_id": 2,
      "relation": "above",
      "explicit": false
    },
    {
      "subject_id": 0,
      "object_id": 3,
      "relation": "left_of",
      "explicit": false
    },
    {
      "subject_id": 1,
      "object_id": 2,
      "relation": "right_of",
      "explicit": true
    },
    {
      "subject_id": 1,
      "object_id": 3,
      "relation": "below",
      "explicit": false
    },
    {
      "subject_id": 2,
      "object_id": 3,
      "relation": "below",
      "explicit": true
    }
  ]
}