{
  "image_id": 946,
  "image_filename": "image_00946.png",
  "num_entities": 4,
  "entities": [
    {
      "id": 0,
      "shape": "triangle",
      "size": "large",
      "color": "orange",
      "center": [
        170,
        124
      ],
      "bbox": {
        "x_min": 135,
        "y_min": 84,
        "x_max": 204,
        "y_max": 144
      }
    },
    {
      "id": 1,
      "shape": "circle",
      "size": "medium",
      "color": "magenta",
      "center": [
        88,
        83
      ],
      "bbox": {
        "x_min": 58,
        "y_min": 53,
        "x_max": 118,
        "y_max": 113
      }
    },
    {
      "id": 2,
      "shape": "triangle",
      "size": "large",
      "color": "green",
      "center": [
        66,
        168
      ],
      "bbox": {
        "x_min": 31,
        "y_min": 128,
        "x_max": 100,
        "y_max": 188
      }
    },
    {
      "id": 3,
      "shape": "circle",
      "size": "small",
      "color": "purple",
      "center": [
        145,
        50
      ],
      "bbox": {
        "x_min": 125,
        "y_min": 30,
        "x_max": 165,
        "y_max": 70
      }
    }
  ],
  "relations": [
    {
      "subject_id": 0,
      "object_id": 1,
      "relation": "left_of",
      "explicit": true
    },
    {
      "subject_id": 0,
      "object_id": 2,
      "relation": "left_of",
      "explicit": false
    },
    {
      "subject_id": 0,
      "object_id": 3,
      "relation": "above",
      "explicit": false
    },
    {
      "subject_id": 1,
      "object_id": 2,
      "relation": "below",
      "explicit": true
    },
    {
      "subject_id": 1,
      "object_id": 3,
      "relation": "right_of",
      "explicit": false
    },
    {
      "subject_id": 2,
      "object_id": 3,
      "relation": "above",
      "explicit": false
    }
  ]
}