{
  "image_id": 964,
  "image_filename": "image_00964.png",
  "num_entities": 3,
  "entities": [
    {
      "id": 0,
      "shape": "square",
      "size": "small",
      "color": "magenta",
      "center": [
        109,
        60
      ],
      "bbox": {
        "x_min": 89,
        "y_min": 40,
        "x_max": 129,
        "y_max": 80
      }
    },
    {
      "id": 1,
      "shape": "circle",
      "size": "small",
      "color": "yellow",
      "center": [
        156,
        123
      ],
      "bbox": {
        "x_min": 136,
        "y_min": 103,
        "x_max": 176,
        "y_max": 143
      }
    },
    {
      "id": 2,
      "shape": "square",
      "size": "small",
      "color": "yellow",
      "center": [
        99,
        127
      ],
      "bbox": {
        "x_min": 79,
        "y_min": 107,
        "x_max": 119,
        "y_max": 147
      }
    }
  ],
  "relations": [
    {
      "subject_id": 0,
      "object_id": 1,
      "relation": "below",
      "explicit": false
    },
    {
      "subject_id": 0,
      "object_id": 2,
      "relation": "below",
      "explicit": true
    },
    {
      "subject_id": 1,
      "object_id": 2,
      "relation": "left_of",
      "explicit": false
    }
  ]
}