{
  "image_id": 951,
  "image_filename": "image_00951.png",
  "num_entities": 3,
  "entities": [
    {
      "id": 0,
      "shape": "rectangle",
      "size": "large",
      "color": "magenta",
      "center": [
        149,
        115
      ],
      "bbox": {
        "x_min": 129,
        "y_min": 85,
        "x_max": 169,
        "y_max": 145
      }
    },
    {
      "id": 1,
      "shape": "rectangle",
      "size": "small",
      "color": "magenta",
      "center": [
        77,
        131
      ],
      "bbox": {
        "x_min": 67,
        "y_min": 116,
        "x_max": 87,
        "y_max": 146
      }
    },
    {
      "id": 2,
      "shape": "triangle",
      "size": "medium",
      "color": "blue",
      "center": [
        87,
        59
      ],
      "bbox": {
        "x_min": 61,
        "y_min": 29,
        "x_max": 112,
        "y_max": 74
      }
    }
  ],
  "relations": [
    {
      "subject_id": 0,
      "object_id": 1,
      "relation": "left_of",
      "explicit": true
    },
    {
      "subject_id": 0,
      "object_id": 2,
      "relation": "left_of",
      "explicit": true
    },
    {
      "subject_id": 1,
      "object_id": 2,
      "relation": "above",
      "explicit": false
    }
  ]
}