{
  "image_id": 644,
  "image_filename": "image_00644.png",
  "num_entities": 4,
  "entities": [
    {
      "id": 0,
      "shape": "square",
      "size": "small",
      "color": "yellow",
      "center": [
        155,
        69
      ],
      "bbox": {
        "x_min": 135,
        "y_min": 49,
        "x_max": 175,
        "y_max": 89
      }
    },
    {
      "id": 1,
      "shape": "rectangle",
      "size": "large",
      "color": "blue",
      "center": [
        161,
        148
      ],
      "bbox": {
        "x_min": 141,
        "y_min": 118,
        "x_max": 181,
        "y_max": 178
      }
    },
    {
      "id": 2,
      "shape": "circle",
      "size": "medium",
      "color": "red",
      "center": [
        54,
        143
      ],
      "bbox": {
        "x_min": 24,
        "y_min": 113,
        "x_max": 84,
        "y_max": 173
      }
    },
    {
      "id": 3,
      "shape": "triangle",
      "size": "small",
      "color": "purple",
      "center": [
        85,
        75
      ],
      "bbox": {
        "x_min": 67,
        "y_min": 55,
        "x_max": 102,
        "y_max": 85
      }
    }
  ],
  "relations": [
    {
      "subject_id": 0,
      "object_id": 1,
      "relation": "below",
      "explicit": false
    },
    {
      "subject_id": 0,
      "object_id": 2,
      "relation": "left_of",
      "explicit": false
    },
    {
      "subject_id": 0,
      "object_id": 3,
      "relation": "left_of",
      "explicit": true
    },
    {
      "subject_id": 1,
      "object_id": 2,
      "relation": "left_of",
      "explicit": false
    },
    {
      "subject_id": 1,
      "object_id": 3,
      "relation": "left_of",
      "explicit": true
    },
    {
      "subject_id": 2,
      "object_id": 3,
      "relation": "above",
      "explicit": true
    }
  ]
}