{
  "image_id": 562,
  "image_filename": "image_00562.png",
  "num_entities": 3,
  "entities": [
    {
      "id": 0,
      "shape": "circle",
      "size": "small",
      "color": "cyan",
      "center": [
        158,
        113
      ],
      "bbox": {
        "x_min": 138,
        "y_min": 93,
        "x_max": 178,
        "y_max": 133
      }
    },
    {
      "id": 1,
      "shape": "rectangle",
      "size": "medium",
      "color": "cyan",
      "center": [
        97,
        152
      ],
      "bbox": {
        "x_min": 82,
        "y_min": 130,
        "x_max": 112,
        "y_max": 174
      }
    },
    {
      "id": 2,
      "shape": "triangle",
      "size": "large",
      "color": "green",
      "center": [
        70,
        54
      ],
      "bbox": {
        "x_min": 35,
        "y_min": 14,
        "x_max": 104,
        "y_max": 74
      }
    }
  ],
  "relations": [
    {
      "subject_id": 0,
      "object_id": 1,
      "relation": "left_of",
      "explicit": false
    },
    {
      "subject_id": 0,
      "object_id": 2,
      "relation": "left_of",
      "explicit": true
    },
    {
      "subject_id": 1,
      "object_id": 2,
      "relation": "above",
      "explicit": true
    }
  ]
}