{
  "image_id": 495,
  "image_filename": "image_00495.png",
  "num_entities": 3,
  "entities": [
    {
      "id": 0,
      "shape": "triangle",
      "size": "large",
      "color": "blue",
      "center": [
        109,
        150
      ],
      "bbox": {
        "x_min": 74,
        "y_min": 110,
        "x_max": 143,
        "y_max": 170
      }
    },
    {
      "id": 1,
      "shape": "rectangle",
      "size": "large",
      "color": "blue",
      "center": [
        158,
        50
      ],
      "bbox": {
        "x_min": 138,
        "y_min": 20,
        "x_max": 178,
        "y_max": 80
      }
    },
    {
      "id": 2,
      "shape": "square",
      "size": "medium",
      "color": "purple",
      "center": [
        54,
        51
      ],
      "bbox": {
        "x_min": 24,
        "y_min": 21,
        "x_max": 84,
        "y_max": 81
      }
    }
  ],
  "relations": [
    {
      "subject_id": 0,
      "object_id": 1,
      "relation": "above",
      "explicit": false
    },
    {
      "subject_id": 0,
      "object_id": 2,
      "relation": "above",
      "explicit": true
    },
    {
      "subject_id": 1,
      "object_id": 2,
      "relation": "left_of",
      "explicit": true
    }
  ]
}