{
  "image_id": 272,
  "image_filename": "image_00272.png",
  "num_entities": 4,
  "entities": [
    {
      "id": 0,
      "shape": "rectangle",
      "size": "small",
      "color": "purple",
      "center": [
        104,
        82
      ],
      "bbox": {
        "x_min": 94,
        "y_min": 67,
        "x_max": 114,
        "y_max": 97
      }
    },
    {
      "id": 1,
      "shape": "triangle",
      "size": "small",
      "color": "blue",
      "center": [
        130,
        136
      ],
      "bbox": {
        "x_min": 112,
        "y_min": 116,
        "x_max": 147,
        "y_max": 146
      }
    },
    {
      "id": 2,
      "shape": "circle",
      "size": "large",
      "color": "orange",
      "center": [
        52,
        153
      ],
      "bbox": {
        "x_min": 12,
        "y_min": 113,
        "x_max": 92,
        "y_max": 193
      }
    },
    {
      "id": 3,
      "shape": "circle",
      "size": "medium",
      "color": "red",
      "center": [
        157,
        52
      ],
      "bbox": {
        "x_min": 127,
        "y_min": 22,
        "x_max": 187,
        "y_max": 82
      }
    }
  ],
  "relations": [
    {
      "subject_id": 0,
      "object_id": 1,
      "relation": "below",
      "explicit": false
    },
    {
      "subject_id": 0,
      "object_id": 2,
      "relation": "below",
      "explicit": false
    },
    {
      "subject_id": 0,
      "object_id": 3,
      "relation": "right_of",
      "explicit": false
    },
    {
      "subject_id": 1,
      "object_id": 2,
      "relation": "left_of",
      "explicit": false
    },
    {
      "subject_id": 1,
      "object_id": 3,
      "relation": "above",
      "explicit": true
    },
    {
      "subject_id": 2,
      "object_id": 3,
      "relation": "right_of",
      "explicit": false
    }
  ]
}