{
  "image_id": 745,
  "image_filename": "image_00745.png",
  "num_entities": 2,
  "entities": [
    {
      "id": 0,
      "shape": "square",
      "size": "medium",
      "color": "orange",
      "center": [
        137,
        127
      ],
      "bbox": {
        "x_min": 107,
        "y_min": 97,
        "x_max": 167,
        "y_max": 157
      }
    },
    {
      "id": 1,
      "shape": "triangle",
      "size": "small",
      "color": "orange",
      "center": [
        55,
        61
      ],
      "bbox": {
        "x_min": 37,
        "y_min": 41,
        "x_max": 72,
        "y_max": 71
      }
    }
  ],
  "relations": [
    {
      "subject_id": 0,
      "object_id": 1,
      "relation": "left_of",
      "explicit": true
    }
  ]
}