{
  "image_id": 688,
  "image_filename": "image_00688.png",
  "num_entities": 2,
  "entities": [
    {
      "id": 0,
      "shape": "triangle",
      "size": "medium",
      "color": "orange",
      "center": [
        104,
        164
      ],
      "bbox": {
        "x_min": 78,
        "y_min": 134,
        "x_max": 129,
        "y_max": 179
      }
    },
    {
      "id": 1,
      "shape": "square",
      "size": "large",
      "color": "green",
      "center": [
        89,
        59
      ],
      "bbox": {
        "x_min": 49,
        "y_min": 19,
        "x_max": 129,
        "y_max": 99
      }
    }
  ],
  "relations": [
    {
      "subject_id": 0,
      "object_id": 1,
      "relation": "above",
      "explicit": true
    }
  ]
}