{
  "image_id": 129,
  "image_filename": "image_00129.png",
  "num_entities": 2,
  "entities": [
    {
      "id": 0,
      "shape": "rectangle",
      "size": "small",
      "color": "green",
      "center": [
        87,
        149
      ],
      "bbox": {
        "x_min": 77,
        "y_min": 134,
        "x_max": 97,
        "y_max": 164
      }
    },
    {
      "id": 1,
      "shape": "circle",
      "size": "small",
      "color": "purple",
      "center": [
        58,
        82
      ],
      "bbox": {
        "x_min": 38,
        "y_min": 62,
        "x_max": 78,
        "y_max": 102
      }
    }
  ],
  "relations": [
    {
      "subject_id": 0,
      "object_id": 1,
      "relation": "above",
      "explicit": false
    }
  ]
}