{
  "image_id": 78,
  "image_filename": "image_00078.png",
  "num_entities": 3,
  "entities": [
    {
      "id": 0,
      "shape": "triangle",
      "size": "large",
      "color": "cyan",
      "center": [
        160,
        91
      ],
      "bbox": {
        "x_min": 125,
        "y_min": 51,
        "x_max": 194,
        "y_max": 111
      }
    },
    {
      "id": 1,
      "shape": "circle",
      "size": "large",
      "color": "blue",
      "center": [
        65,
        123
      ],
      "bbox": {
        "x_min": 25,
        "y_min": 83,
        "x_max": 105,
        "y_max": 163
      }
    },
    {
      "id": 2,
      "shape": "rectangle",
      "size": "medium",
      "color": "purple",
      "center": [
        134,
        171
      ],
      "bbox": {
        "x_min": 119,
        "y_min": 149,
        "x_max": 149,
        "y_max": 193
      }
    }
  ],
  "relations": [
    {
      "subject_id": 0,
      "object_id": 1,
      "relation": "left_of",
      "explicit": true
    },
    {
      "subject_id": 0,
      "object_id": 2,
      "relation": "below",
      "explicit": false
    },
    {
      "subject_id": 1,
      "object_id": 2,
      "relation": "right_of",
      "explicit": true
    }
  ]
}