{
  "image_id": 187,
  "image_filename": "image_00187.png",
  "num_entities": 2,
  "entities": [
    {
      "id": 0,
      "shape": "triangle",
      "size": "small",
      "color": "orange",
      "center": [
        143,
        68
      ],
      "bbox": {
        "x_min": 125,
        "y_min": 48,
        "x_max": 160,
        "y_max": 78
      }
    },
    {
      "id": 1,
      "shape": "circle",
      "size": "small",
      "color": "cyan",
      "center": [
        81,
        64
      ],
      "bbox": {
        "x_min": 61,
        "y_min": 44,
        "x_max": 101,
        "y_max": 84
      }
    }
  ],
  "relations": [
    {
      "subject_id": 0,
      "object_id": 1,
      "relation": "left_of",
      "explicit": true
    }
  ]
}