{
  "image_id": 119,
  "image_filename": "image_00119.png",
  "num_entities": 2,
  "entities": [
    {
      "id": 0,
      "shape": "circle",
      "size": "small",
      "color": "blue",
      "center": [
        147,
        70
      ],
      "bbox": {
        "x_min": 127,
        "y_min": 50,
        "x_max": 167,
        "y_max": 90
      }
    },
    {
      "id": 1,
      "shape": "square",
      "size": "large",
      "color": "red",
      "center": [
        67,
        160
      ],
      "bbox": {
        "x_min": 27,
        "y_min": 120,
        "x_max": 107,
        "y_max": 200
      }
    }
  ],
  "relations": [
    {
      "subject_id": 0,
      "object_id": 1,
      "relation": "below",
      "explicit": false
    }
  ]
}