{
  "image_id": 88,
  "image_filename": "image_00088.png",
  "num_entities": 3,
  "entities": [
    {
      "id": 0,
      "shape": "circle",
      "size": "large",
      "color": "cyan",
      "center": [
        122,
        130
      ],
      "bbox": {
        "x_min": 82,
        "y_min": 90,
        "x_max": 162,
        "y_max": 170
      }
    },
    {
      "id": 1,
      "shape": "square",
      "size": "large",
      "color": "yellow",
      "center": [
        60,
        52
      ],
      "bbox": {
        "x_min": 20,
        "y_min": 12,
        "x_max": 100,
        "y_max": 92
      }
    },
    {
      "id": 2,
      "shape": "triangle",
      "size": "large",
      "color": "green",
      "center": [
        172,
        54
      ],
      "bbox": {
        "x_min": 137,
        "y_min": 14,
        "x_max": 206,
        "y_max": 74
      }
    }
  ],
  "relations": [
    {
      "subject_id": 0,
      "object_id": 1,
      "relation": "above",
      "explicit": false
    },
    {
      "subject_id": 0,
      "object_id": 2,
      "relation": "above",
      "explicit": true
    },
    {
      "subject_id": 1,
      "object_id": 2,
      "relation": "right_of",
      "explicit": true
    }
  ]
}