{
  "image_id": 565,
  "image_filename": "image_00565.png",
  "num_entities": 4,
  "entities": [
    {
      "id": 0,
      "shape": "circle",
      "size": "medium",
      "color": "orange",
      "center": [
        85,
        69
      ],
      "bbox": {
        "x_min": 55,
        "y_min": 39,
        "x_max": 115,
        "y_max": 99
      }
    },
    {
      "id": 1,
      "shape": "circle",
      "size": "large",
      "color": "green",
      "center": [
        58,
        165
      ],
      "bbox": {
        "x_min": 18,
        "y_min": 125,
        "x_max": 98,
        "y_max": 205
      }
    },
    {
      "id": 2,
      "shape": "rectangle",
      "size": "medium",
      "color": "orange",
      "center": [
        165,
        61
      ],
      "bbox": {
        "x_min": 150,
        "y_min": 39,
        "x_max": 180,
        "y_max": 83
      }
    },
    {
      "id": 3,
      "shape": "square",
      "size": "medium",
      "color": "yellow",
      "center": [
        137,
        147
      ],
      "bbox": {
        "x_min": 107,
        "y_min": 117,
        "x_max": 167,
        "y_max": 177
      }
    }
  ],
  "relations": [
    {
      "subject_id": 0,
      "object_id": 1,
      "relation": "below",
      "explicit": true
    },
    {
      "subject_id": 0,
      "object_id": 2,
      "relation": "right_of",
      "explicit": true
    },
    {
      "subject_id": 0,
      "object_id": 3,
      "relation": "below",
      "explicit": false
    },
    {
      "subject_id": 1,
      "object_id": 2,
      "relation": "right_of",
      "explicit": false
    },
    {
      "subject_id": 1,
      "object_id": 3,
      "relation": "right_of",
      "explicit": true
    },
    {
      "subject_id": 2,
      "object_id": 3,
      "relation": "below",
      "explicit": false
    }
  ]
}