{
  "image_id": 721,
  "image_filename": "image_00721.png",
  "num_entities": 2,
  "entities": [
    {
      "id": 0,
      "shape": "triangle",
      "size": "medium",
      "color": "cyan",
      "center": [
        86,
        59
      ],
      "bbox": {
        "x_min": 60,
        "y_min": 29,
        "x_max": 111,
        "y_max": 74
      }
    },
    {
      "id": 1,
      "shape": "square",
      "size": "small",
      "color": "red",
      "center": [
        166,
        80
      ],
      "bbox": {
        "x_min": 146,
        "y_min": 60,
        "x_max": 186,
        "y_max": 100
      }
    }
  ],
  "relations": [
    {
      "subject_id": 0,
      "object_id": 1,
      "relation": "right_of",
      "explicit": false
    }
  ]
}