{
  "image_id": 366,
  "image_filename": "image_00366.png",
  "num_entities": 2,
  "entities": [
    {
      "id": 0,
      "shape": "triangle",
      "size": "large",
      "color": "purple",
      "center": [
        92,
        144
      ],
      "bbox": {
        "x_min": 57,
        "y_min": 104,
        "x_max": 126,
        "y_max": 164
      }
    },
    {
      "id": 1,
      "shape": "circle",
      "size": "medium",
      "color": "blue",
      "center": [
        119,
        51
      ],
      "bbox": {
        "x_min": 89,
        "y_min": 21,
        "x_max": 149,
        "y_max": 81
      }
    }
  ],
  "relations": [
    {
      "subject_id": 0,
      "object_id": 1,
      "relation": "above",
      "explicit": false
    }
  ]
}