{
  "image_id": 410,
  "image_filename": "image_00410.png",
  "num_entities": 2,
  "entities": [
    {
      "id": 0,
      "shape": "triangle",
      "size": "small",
      "color": "yellow",
      "center": [
        119,
        156
      ],
      "bbox": {
        "x_min": 101,
        "y_min": 136,
        "x_max": 136,
        "y_max": 166
      }
    },
    {
      "id": 1,
      "shape": "rectangle",
      "size": "small",
      "color": "red",
      "center": [
        114,
        94
      ],
      "bbox": {
        "x_min": 104,
        "y_min": 79,
        "x_max": 124,
        "y_max": 109
      }
    }
  ],
  "relations": [
    {
      "subject_id": 0,
      "object_id": 1,
      "relation": "above",
      "explicit": false
    }
  ]
}