{
  "image_id": 442,
  "image_filename": "image_00442.png",
  "num_entities": 4,
  "entities": [
    {
      "id": 0,
      "shape": "circle",
      "size": "small",
      "color": "orange",
      "center": [
        78,
        86
      ],
      "bbox": {
        "x_min": 58,
        "y_min": 66,
        "x_max": 98,
        "y_max": 106
      }
    },
    {
      "id": 1,
      "shape": "rectangle",
      "size": "small",
      "color": "yellow",
      "center": [
        158,
        169
      ],
      "bbox": {
        "x_min": 148,
        "y_min": 154,
        "x_max": 168,
        "y_max": 184
      }
    },
    {
      "id": 2,
      "shape": "rectangle",
      "size": "small",
      "color": "green",
      "center": [
        67,
        150
      ],
      "bbox": {
        "x_min": 57,
        "y_min": 135,
        "x_max": 77,
        "y_max": 165
      }
    },
    {
      "id": 3,
      "shape": "triangle",
      "size": "medium",
      "color": "magenta",
      "center": [
        168,
        66
      ],
      "bbox": {
        "x_min": 142,
        "y_min": 36,
        "x_max": 193,
        "y_max": 81
      }
    }
  ],
  "relations": [
    {
      "subject_id": 0,
      "object_id": 1,
      "relation": "below",
      "explicit": false
    },
    {
      "subject_id": 0,
      "object_id": 2,
      "relation": "below",
      "explicit": true
    },
    {
      "subject_id": 0,
      "object_id": 3,
      "relation": "right_of",
      "explicit": true
    },
    {
      "subject_id": 1,
      "object_id": 2,
      "relation": "left_of",
      "explicit": false
    },
    {
      "subject_id": 1,
      "object_id": 3,
      "relation": "above",
      "explicit": false
    },
    {
      "subject_id": 2,
      "object_id": 3,
      "relation": "right_of",
      "explicit": false
    }
  ]
}