{
  "image_id": 733,
  "image_filename": "image_00733.png",
  "num_entities": 4,
  "entities": [
    {
      "id": 0,
      "shape": "rectangle",
      "size": "large",
      "color": "orange",
      "center": [
        163,
        159
      ],
      "bbox": {
        "x_min": 143,
        "y_min": 129,
        "x_max": 183,
        "y_max": 189
      }
    },
    {
      "id": 1,
      "shape": "square",
      "size": "small",
      "color": "magenta",
      "center": [
        54,
        171
      ],
      "bbox": {
        "x_min": 34,
        "y_min": 151,
        "x_max": 74,
        "y_max": 191
      }
    },
    {
      "id": 2,
      "shape": "circle",
      "size": "large",
      "color": "cyan",
      "center": [
        103,
        85
      ],
      "bbox": {
        "x_min": 63,
        "y_min": 45,
        "x_max": 143,
        "y_max": 125
      }
    },
    {
      "id": 3,
      "shape": "square",
      "size": "small",
      "color": "magenta",
      "center": [
        169,
        55
      ],
      "bbox": {
        "x_min": 149,
        "y_min": 35,
        "x_max": 189,
        "y_max": 75
      }
    }
  ],
  "relations": [
    {
      "subject_id": 0,
      "object_id": 1,
      "relation": "left_of",
      "explicit": false
    },
    {
      "subject_id": 0,
      "object_id": 2,
      "relation": "above",
      "explicit": true
    },
    {
      "subject_id": 0,
      "object_id": 3,
      "relation": "above",
      "explicit": true
    },
    {
      "subject_id": 1,
      "object_id": 2,
      "relation": "above",
      "explicit": true
    },
    {
      "subject_id": 1,
      "object_id": 3,
      "relation": "above",
      "explicit": true
    },
    {
      "subject_id": 2,
      "object_id": 3,
      "relation": "right_of",
      "explicit": true
    }
  ]
}