{
  "image_id": 944,
  "image_filename": "image_00944.png",
  "num_entities": 3,
  "entities": [
    {
      "id": 0,
      "shape": "square",
      "size": "large",
      "color": "purple",
      "center": [
        70,
        93
      ],
      "bbox": {
        "x_min": 30,
        "y_min": 53,
        "x_max": 110,
        "y_max": 133
      }
    },
    {
      "id": 1,
      "shape": "square",
      "size": "medium",
      "color": "green",
      "center": [
        170,
        157
      ],
      "bbox": {
        "x_min": 140,
        "y_min": 127,
        "x_max": 200,
        "y_max": 187
      }
    },
    {
      "id": 2,
      "shape": "square",
      "size": "medium",
      "color": "yellow",
      "center": [
        152,
        84
      ],
      "bbox": {
        "x_min": 122,
        "y_min": 54,
        "x_max": 182,
        "y_max": 114
      }
    }
  ],
  "relations": [
    {
      "subject_id": 0,
      "object_id": 1,
      "relation": "right_of",
      "explicit": false
    },
    {
      "subject_id": 0,
      "object_id": 2,
      "relation": "right_of",
      "explicit": true
    },
    {
      "subject_id": 1,
      "object_id": 2,
      "relation": "above",
      "explicit": true
    }
  ]
}