{
  "image_id": 457,
  "image_filename": "image_00457.png",
  "num_entities": 4,
  "entities": [
    {
      "id": 0,
      "shape": "triangle",
      "size": "small",
      "color": "purple",
      "center": [
        156,
        54
      ],
      "bbox": {
        "x_min": 138,
        "y_min": 34,
        "x_max": 173,
        "y_max": 64
      }
    },
    {
      "id": 1,
      "shape": "circle",
      "size": "large",
      "color": "purple",
      "center": [
        85,
        143
      ],
      "bbox": {
        "x_min": 45,
        "y_min": 103,
        "x_max": 125,
        "y_max": 183
      }
    },
    {
      "id": 2,
      "shape": "rectangle",
      "size": "medium",
      "color": "red",
      "center": [
        82,
        51
      ],
      "bbox": {
        "x_min": 67,
        "y_min": 29,
        "x_max": 97,
        "y_max": 73
      }
    },
    {
      "id": 3,
      "shape": "triangle",
      "size": "small",
      "color": "orange",
      "center": [
        155,
        170
      ],
      "bbox": {
        "x_min": 137,
        "y_min": 150,
        "x_max": 172,
        "y_max": 180
      }
    }
  ],
  "relations": [
    {
      "subject_id": 0,
      "object_id": 1,
      "relation": "below",
      "explicit": true
    },
    {
      "subject_id": 0,
      "object_id": 2,
      "relation": "left_of",
      "explicit": false
    },
    {
      "subject_id": 0,
      "object_id": 3,
      "relation": "below",
      "explicit": true
    },
    {
      "subject_id": 1,
      "object_id": 2,
      "relation": "above",
      "explicit": false
    },
    {
      "subject_id": 1,
      "object_id": 3,
      "relation": "right_of",
      "explicit": true
    },
    {
      "subject_id": 2,
      "object_id": 3,
      "relation": "below",
      "explicit": true
    }
  ]
}