{
  "image_id": 487,
  "image_filename": "image_00487.png",
  "num_entities": 3,
  "entities": [
    {
      "id": 0,
      "shape": "rectangle",
      "size": "medium",
      "color": "yellow",
      "center": [
        165,
        127
      ],
      "bbox": {
        "x_min": 150,
        "y_min": 105,
        "x_max": 180,
        "y_max": 149
      }
    },
    {
      "id": 1,
      "shape": "rectangle",
      "size": "medium",
      "color": "green",
      "center": [
        76,
        163
      ],
      "bbox": {
        "x_min": 61,
        "y_min": 141,
        "x_max": 91,
        "y_max": 185
      }
    },
    {
      "id": 2,
      "shape": "square",
      "size": "medium",
      "color": "yellow",
      "center": [
        95,
        50
      ],
      "bbox": {
        "x_min": 65,
        "y_min": 20,
        "x_max": 125,
        "y_max": 80
      }
    }
  ],
  "relations": [
    {
      "subject_id": 0,
      "object_id": 1,
      "relation": "left_of",
      "explicit": true
    },
    {
      "subject_id": 0,
      "object_id": 2,
      "relation": "above",
      "explicit": false
    },
    {
      "subject_id": 1,
      "object_id": 2,
      "relation": "above",
      "explicit": false
    }
  ]
}