{
  "image_id": 219,
  "image_filename": "image_00219.png",
  "num_entities": 3,
  "entities": [
    {
      "id": 0,
      "shape": "circle",
      "size": "large",
      "color": "red",
      "center": [
        78,
        73
      ],
      "bbox": {
        "x_min": 38,
        "y_min": 33,
        "x_max": 118,
        "y_max": 113
      }
    },
    {
      "id": 1,
      "shape": "rectangle",
      "size": "large",
      "color": "yellow",
      "center": [
        50,
        159
      ],
      "bbox": {
        "x_min": 30,
        "y_min": 129,
        "x_max": 70,
        "y_max": 189
      }
    },
    {
      "id": 2,
      "shape": "triangle",
      "size": "medium",
      "color": "green",
      "center": [
        168,
        102
      ],
      "bbox": {
        "x_min": 142,
        "y_min": 72,
        "x_max": 193,
        "y_max": 117
      }
    }
  ],
  "relations": [
    {
      "subject_id": 0,
      "object_id": 1,
      "relation": "below",
      "explicit": true
    },
    {
      "subject_id": 0,
      "object_id": 2,
      "relation": "right_of",
      "explicit": true
    },
    {
      "subject_id": 1,
      "object_id": 2,
      "relation": "right_of",
      "explicit": false
    }
  ]
}