{
  "image_id": 333,
  "image_filename": "image_00333.png",
  "num_entities": 5,
  "entities": [
    {
      "id": 0,
      "shape": "circle",
      "size": "medium",
      "color": "orange",
      "center": [
        86,
        169
      ],
      "bbox": {
        "x_min": 56,
        "y_min": 139,
        "x_max": 116,
        "y_max": 199
      }
    },
    {
      "id": 1,
      "shape": "rectangle",
      "size": "small",
      "color": "orange",
      "center": [
        100,
        103
      ],
      "bbox": {
        "x_min": 90,
        "y_min": 88,
        "x_max": 110,
        "y_max": 118
      }
    },
    {
      "id": 2,
      "shape": "triangle",
      "size": "small",
      "color": "magenta",
      "center": [
        169,
        132
      ],
      "bbox": {
        "x_min": 151,
        "y_min": 112,
        "x_max": 186,
        "y_max": 142
      }
    },
    {
      "id": 3,
      "shape": "circle",
      "size": "small",
      "color": "red",
      "center": [
        52,
        118
      ],
      "bbox": {
        "x_min": 32,
        "y_min": 98,
        "x_max": 72,
        "y_max": 138
      }
    },
    {
      "id": 4,
      "shape": "triangle",
      "size": "large",
      "color": "purple",
      "center": [
        170,
        54
      ],
      "bbox": {
        "x_min": 135,
        "y_min": 14,
        "x_max": 204,
        "y_max": 74
      }
    }
  ],
  "relations": [
    {
      "subject_id": 0,
      "object_id": 1,
      "relation": "above",
      "explicit": true
    },
    {
      "subject_id": 0,
      "object_id": 2,
      "relation": "right_of",
      "explicit": true
    },
    {
      "subject_id": 0,
      "object_id": 3,
      "relation": "above",
      "explicit": false
    },
    {
      "subject_id": 0,
      "object_id": 4,
      "relation": "above",
      "explicit": true
    },
    {
      "subject_id": 1,
      "object_id": 2,
      "relation": "right_of",
      "explicit": false
    },
    {
      "subject_id": 1,
      "object_id": 3,
      "relation": "left_of",
      "explicit": true
    },
    {
      "subject_id": 1,
      "object_id": 4,
      "relation": "right_of",
      "explicit": false
    },
    {
      "subject_id": 2,
      "object_id": 3,
      "relation": "left_of",
      "explicit": false
    },
    {
      "subject_id": 2,
      "object_id": 4,
      "relation": "above",
      "explicit": true
    },
    {
      "subject_id": 3,
      "object_id": 4,
      "relation": "right_of",
      "explicit": true
    }
  ]
}