{
  "image_id": 705,
  "image_filename": "image_00705.png",
  "num_entities": 4,
  "entities": [
    {
      "id": 0,
      "shape": "circle",
      "size": "medium",
      "color": "red",
      "center": [
        97,
        164
      ],
      "bbox": {
        "x_min": 67,
        "y_min": 134,
        "x_max": 127,
        "y_max": 194
      }
    },
    {
      "id": 1,
      "shape": "triangle",
      "size": "small",
      "color": "green",
      "center": [
        108,
        71
      ],
      "bbox": {
        "x_min": 90,
        "y_min": 51,
        "x_max": 125,
        "y_max": 81
      }
    },
    {
      "id": 2,
      "shape": "circle",
      "size": "large",
      "color": "green",
      "center": [
        174,
        107
      ],
      "bbox": {
        "x_min": 134,
        "y_min": 67,
        "x_max": 214,
        "y_max": 147
      }
    },
    {
      "id": 3,
      "shape": "square",
      "size": "small",
      "color": "green",
      "center": [
        58,
        106
      ],
      "bbox": {
        "x_min": 38,
        "y_min": 86,
        "x_max": 78,
        "y_max": 126
      }
    }
  ],
  "relations": [
    {
      "subject_id": 0,
      "object_id": 1,
      "relation": "above",
      "explicit": false
    },
    {
      "subject_id": 0,
      "object_id": 2,
      "relation": "right_of",
      "explicit": true
    },
    {
      "subject_id": 0,
      "object_id": 3,
      "relation": "above",
      "explicit": true
    },
    {
      "subject_id": 1,
      "object_id": 2,
      "relation": "right_of",
      "explicit": false
    },
    {
      "subject_id": 1,
      "object_id": 3,
      "relation": "left_of",
      "explicit": true
    },
    {
      "subject_id": 2,
      "object_id": 3,
      "relation": "left_of",
      "explicit": true
    }
  ]
}