{
  "image_id": 773,
  "image_filename": "image_00773.png",
  "num_entities": 2,
  "entities": [
    {
      "id": 0,
      "shape": "triangle",
      "size": "medium",
      "color": "green",
      "center": [
        78,
        102
      ],
      "bbox": {
        "x_min": 52,
        "y_min": 72,
        "x_max": 103,
        "y_max": 117
      }
    },
    {
      "id": 1,
      "shape": "square",
      "size": "medium",
      "color": "green",
      "center": [
        167,
        110
      ],
      "bbox": {
        "x_min": 137,
        "y_min": 80,
        "x_max": 197,
        "y_max": 140
      }
    }
  ],
  "relations": [
    {
      "subject_id": 0,
      "object_id": 1,
      "relation": "right_of",
      "explicit": true
    }
  ]
}