{
  "image_id": 966,
  "image_filename": "image_00966.png",
  "num_entities": 4,
  "entities": [
    {
      "id": 0,
      "shape": "rectangle",
      "size": "large",
      "color": "yellow",
      "center": [
        159,
        157
      ],
      "bbox": {
        "x_min": 139,
        "y_min": 127,
        "x_max": 179,
        "y_max": 187
      }
    },
    {
      "id": 1,
      "shape": "rectangle",
      "size": "small",
      "color": "cyan",
      "center": [
        110,
        53
      ],
      "bbox": {
        "x_min": 100,
        "y_min": 38,
        "x_max": 120,
        "y_max": 68
      }
    },
    {
      "id": 2,
      "shape": "triangle",
      "size": "large",
      "color": "yellow",
      "center": [
        64,
        107
      ],
      "bbox": {
        "x_min": 29,
        "y_min": 67,
        "x_max": 98,
        "y_max": 127
      }
    },
    {
      "id": 3,
      "shape": "rectangle",
      "size": "medium",
      "color": "blue",
      "center": [
        170,
        52
      ],
      "bbox": {
        "x_min": 155,
        "y_min": 30,
        "x_max": 185,
        "y_max": 74
      }
    }
  ],
  "relations": [
    {
      "subject_id": 0,
      "object_id": 1,
      "relation": "above",
      "explicit": false
    },
    {
      "subject_id": 0,
      "object_id": 2,
      "relation": "left_of",
      "explicit": false
    },
    {
      "subject_id": 0,
      "object_id": 3,
      "relation": "above",
      "explicit": true
    },
    {
      "subject_id": 1,
      "object_id": 2,
      "relation": "below",
      "explicit": false
    },
    {
      "subject_id": 1,
      "object_id": 3,
      "relation": "right_of",
      "explicit": false
    },
    {
      "subject_id": 2,
      "object_id": 3,
      "relation": "right_of",
      "explicit": true
    }
  ]
}