{
  "image_id": 390,
  "image_filename": "image_00390.png",
  "num_entities": 4,
  "entities": [
    {
      "id": 0,
      "shape": "rectangle",
      "size": "medium",
      "color": "magenta",
      "center": [
        87,
        112
      ],
      "bbox": {
        "x_min": 72,
        "y_min": 90,
        "x_max": 102,
        "y_max": 134
      }
    },
    {
      "id": 1,
      "shape": "triangle",
      "size": "large",
      "color": "cyan",
      "center": [
        165,
        156
      ],
      "bbox": {
        "x_min": 130,
        "y_min": 116,
        "x_max": 199,
        "y_max": 176
      }
    },
    {
      "id": 2,
      "shape": "square",
      "size": "large",
      "color": "magenta",
      "center": [
        169,
        51
      ],
      "bbox": {
        "x_min": 129,
        "y_min": 11,
        "x_max": 209,
        "y_max": 91
      }
    },
    {
      "id": 3,
      "shape": "triangle",
      "size": "small",
      "color": "cyan",
      "center": [
        59,
        166
      ],
      "bbox": {
        "x_min": 41,
        "y_min": 146,
        "x_max": 76,
        "y_max": 176
      }
    }
  ],
  "relations": [
    {
      "subject_id": 0,
      "object_id": 1,
      "relation": "right_of",
      "explicit": false
    },
    {
      "subject_id": 0,
      "object_id": 2,
      "relation": "right_of",
      "explicit": false
    },
    {
      "subject_id": 0,
      "object_id": 3,
      "relation": "below",
      "explicit": false
    },
    {
      "subject_id": 1,
      "object_id": 2,
      "relation": "above",
      "explicit": true
    },
    {
      "subject_id": 1,
      "object_id": 3,
      "relation": "left_of",
      "explicit": true
    },
    {
      "subject_id": 2,
      "object_id": 3,
      "relation": "below",
      "explicit": false
    }
  ]
}