{
  "image_id": 514,
  "image_filename": "image_00514.png",
  "num_entities": 4,
  "entities": [
    {
      "id": 0,
      "shape": "circle",
      "size": "medium",
      "color": "yellow",
      "center": [
        107,
        100
      ],
      "bbox": {
        "x_min": 77,
        "y_min": 70,
        "x_max": 137,
        "y_max": 130
      }
    },
    {
      "id": 1,
      "shape": "triangle",
      "size": "medium",
      "color": "red",
      "center": [
        56,
        153
      ],
      "bbox": {
        "x_min": 30,
        "y_min": 123,
        "x_max": 81,
        "y_max": 168
      }
    },
    {
      "id": 2,
      "shape": "circle",
      "size": "medium",
      "color": "blue",
      "center": [
        167,
        61
      ],
      "bbox": {
        "x_min": 137,
        "y_min": 31,
        "x_max": 197,
        "y_max": 91
      }
    },
    {
      "id": 3,
      "shape": "circle",
      "size": "medium",
      "color": "cyan",
      "center": [
        166,
        154
      ],
      "bbox": {
        "x_min": 136,
        "y_min": 124,
        "x_max": 196,
        "y_max": 184
      }
    }
  ],
  "relations": [
    {
      "subject_id": 0,
      "object_id": 1,
      "relation": "below",
      "explicit": true
    },
    {
      "subject_id": 0,
      "object_id": 2,
      "relation": "right_of",
      "explicit": false
    },
    {
      "subject_id": 0,
      "object_id": 3,
      "relation": "right_of",
      "explicit": true
    },
    {
      "subject_id": 1,
      "object_id": 2,
      "relation": "right_of",
      "explicit": false
    },
    {
      "subject_id": 1,
      "object_id": 3,
      "relation": "right_of",
      "explicit": true
    },
    {
      "subject_id": 2,
      "object_id": 3,
      "relation": "below",
      "explicit": false
    }
  ]
}