{
  "image_id": 256,
  "image_filename": "image_00256.png",
  "num_entities": 2,
  "entities": [
    {
      "id": 0,
      "shape": "circle",
      "size": "small",
      "color": "orange",
      "center": [
        104,
        68
      ],
      "bbox": {
        "x_min": 84,
        "y_min": 48,
        "x_max": 124,
        "y_max": 88
      }
    },
    {
      "id": 1,
      "shape": "square",
      "size": "medium",
      "color": "blue",
      "center": [
        71,
        146
      ],
      "bbox": {
        "x_min": 41,
        "y_min": 116,
        "x_max": 101,
        "y_max": 176
      }
    }
  ],
  "relations": [
    {
      "subject_id": 0,
      "object_id": 1,
      "relation": "below",
      "explicit": false
    }
  ]
}