{
  "image_id": 774,
  "image_filename": "image_00774.png",
  "num_entities": 2,
  "entities": [
    {
      "id": 0,
      "shape": "rectangle",
      "size": "small",
      "color": "red",
      "center": [
        105,
        51
      ],
      "bbox": {
        "x_min": 95,
        "y_min": 36,
        "x_max": 115,
        "y_max": 66
      }
    },
    {
      "id": 1,
      "shape": "square",
      "size": "small",
      "color": "purple",
      "center": [
        107,
        116
      ],
      "bbox": {
        "x_min": 87,
        "y_min": 96,
        "x_max": 127,
        "y_max": 136
      }
    }
  ],
  "relations": [
    {
      "subject_id": 0,
      "object_id": 1,
      "relation": "below",
      "explicit": true
    }
  ]
}