{
  "image_id": 14,
  "image_filename": "image_00014.png",
  "num_entities": 3,
  "entities": [
    {
      "id": 0,
      "shape": "circle",
      "size": "small",
      "color": "blue",
      "center": [
        50,
        169
      ],
      "bbox": {
        "x_min": 30,
        "y_min": 149,
        "x_max": 70,
        "y_max": 189
      }
    },
    {
      "id": 1,
      "shape": "rectangle",
      "size": "medium",
      "color": "yellow",
      "center": [
        97,
        50
      ],
      "bbox": {
        "x_min": 82,
        "y_min": 28,
        "x_max": 112,
        "y_max": 72
      }
    },
    {
      "id": 2,
      "shape": "triangle",
      "size": "small",
      "color": "red",
      "center": [
        156,
        174
      ],
      "bbox": {
        "x_min": 138,
        "y_min": 154,
        "x_max": 173,
        "y_max": 184
      }
    }
  ],
  "relations": [
    {
      "subject_id": 0,
      "object_id": 1,
      "relation": "above",
      "explicit": true
    },
    {
      "subject_id": 0,
      "object_id": 2,
      "relation": "right_of",
      "explicit": false
    },
    {
      "subject_id": 1,
      "object_id": 2,
      "relation": "below",
      "explicit": true
    }
  ]
}